arm,rollout,reward_mean,raw_reward_mean,mean_response_tokens,kl_to_init,response_entropy,credit_ess_ratio,credit_w_std,credit_w_max
grpo,1,0.6975535154342651,0.7034759521484375,323.625,0.0,0.9643875360488892,,,
grpo,2,3.0879769325256348,3.144240379333496,175.578125,0.0006633657612837851,0.8542326092720032,,,
grpo,3,4.4644775390625,4.4644775390625,263.3125,0.001686721807345748,0.9012612700462341,,,
grpo,4,5.1198883056640625,5.164306640625,286.796875,0.0026801808271557093,0.9684831500053406,,,
grpo,5,3.040989875793457,3.0793933868408203,319.171875,0.003242218168452382,0.6221147179603577,,,
grpo,6,4.21475887298584,4.3717041015625,369.015625,0.0047318884171545506,0.6569334864616394,,,
grpo,7,5.5528106689453125,5.5528106689453125,406.15625,0.0054155681282281876,1.0705235004425049,,,
grpo,8,6.62892484664917,6.650115966796875,359.390625,0.007743294350802898,0.8160451054573059,,,
grpo,9,10.005167961120605,10.0213623046875,352.859375,0.02478681318461895,0.7622920870780945,,,
grpo,10,6.781554222106934,6.882236480712891,251.734375,0.010596197098493576,0.9488697052001953,,,
grpo,11,5.687131881713867,5.719705104827881,243.765625,0.012514178641140461,0.8703277707099915,,,
grpo,12,4.522688865661621,4.590797424316406,138.921875,0.024835268035531044,0.8544026613235474,,,
grpo,13,8.784650802612305,8.87348747253418,255.75,0.01207663957029581,0.9956843256950378,,,
grpo,14,5.328679084777832,5.329326629638672,330.484375,0.011635033413767815,0.8169430494308472,,,
grpo,15,4.750701904296875,4.750701904296875,285.296875,0.01423895824700594,0.9431384801864624,,,
grpo,16,7.817333221435547,7.817333221435547,303.125,0.014340725727379322,0.7831093668937683,,,
grpo,17,9.25030517578125,9.25030517578125,406.609375,0.013966993428766727,0.8949238061904907,,,
grpo,18,7.3385009765625,7.3385009765625,379.515625,0.018188009038567543,0.951443076133728,,,
grpo,19,11.457275390625,11.457275390625,386.046875,0.016529280692338943,0.890815019607544,,,
grpo,20,7.0006103515625,7.0006103515625,281.9375,0.019522888585925102,0.8176010251045227,,,
grpo,21,11.314915657043457,11.532196044921875,594.515625,0.014502451755106449,0.7627311944961548,,,
grpo,22,6.8616042137146,6.989677429199219,411.53125,0.013611133210361004,0.649574339389801,,,
grpo,23,5.300034523010254,5.34149169921875,197.75,0.02747841738164425,0.7751850485801697,,,
grpo,24,13.84765625,13.84765625,333.453125,0.02024909108877182,0.7527608871459961,,,
grpo,25,4.473267555236816,4.473267555236816,243.640625,0.027609575539827347,0.630451500415802,,,
grpo,26,4.251709938049316,4.3017730712890625,290.84375,0.02551298402249813,0.6869840025901794,,,
grpo,27,11.380126953125,11.380126953125,358.328125,0.02631126157939434,0.8158190250396729,,,
grpo,28,8.013517379760742,8.129745483398438,262.140625,0.02400457300245762,0.6520501375198364,,,
grpo,29,4.717560291290283,5.0025787353515625,347.34375,0.016608094796538353,0.5552022457122803,,,
grpo,30,9.625711441040039,9.625711441040039,354.25,0.031292874366045,0.871253490447998,,,
grpo,31,7.726806640625,7.726806640625,236.109375,0.03758365288376808,0.595598042011261,,,
grpo,32,10.77337646484375,10.77337646484375,376.46875,0.03574250638484955,0.9800495505332947,,,
grpo,33,2.99881911277771,3.0817337036132812,233.46875,0.043344177305698395,0.7402629852294922,,,
grpo,34,8.797135353088379,8.797135353088379,211.234375,0.07527907192707062,0.651145875453949,,,
grpo,35,6.823768615722656,6.823768615722656,157.53125,0.05125885084271431,0.6497867107391357,,,
grpo,36,10.5384521484375,10.5384521484375,447.8125,0.02602730132639408,0.6378450989723206,,,
grpo,37,10.30645751953125,10.332275390625,518.34375,0.03046979010105133,0.7837956547737122,,,
grpo,38,5.368743896484375,5.368743896484375,192.640625,0.04524258151650429,0.6166151165962219,,,
grpo,39,9.07388973236084,9.1134033203125,477.65625,0.0333746038377285,0.6097847819328308,,,
grpo,40,7.4900922775268555,8.033477783203125,471.046875,0.03493119776248932,0.7926260232925415,,,
grpo,41,12.610549926757812,12.61767578125,499.9375,0.03423990309238434,0.6617098450660706,,,
grpo,42,7.694186210632324,7.741565704345703,308.125,0.038450565189123154,0.6033286452293396,,,
grpo,43,8.126812934875488,8.281444549560547,355.59375,0.036297086626291275,0.5251554846763611,,,
grpo,44,11.926383018493652,11.927215576171875,466.34375,0.04274236038327217,0.6925880312919617,,,
grpo,45,11.849119186401367,11.86077880859375,354.421875,0.04368424043059349,0.7660479545593262,,,
grpo,46,9.08824634552002,9.091577529907227,450.3125,0.03179003298282623,0.6983636021614075,,,
grpo,47,6.987853527069092,7.107505798339844,365.578125,0.03977617621421814,0.615276038646698,,,
grpo,48,9.741670608520508,9.757308959960938,558.75,0.04014886915683746,0.8956876993179321,,,
grpo,49,15.58266830444336,15.60302734375,608.21875,0.03814391419291496,0.6644908785820007,,,
grpo,50,16.199594497680664,16.218379974365234,597.875,0.037881769239902496,0.7829092144966125,,,
grpo,51,8.854161262512207,8.85943603515625,383.0625,0.045691102743148804,0.6371546387672424,,,
grpo,52,10.08068561553955,10.1181640625,502.15625,0.03728245571255684,0.726498544216156,,,
grpo,53,9.1119384765625,9.1119384765625,403.140625,0.042825132608413696,0.6375628113746643,,,
grpo,54,15.534584999084473,15.548095703125,517.953125,0.039727453142404556,0.7145534157752991,,,
grpo,55,10.340241432189941,10.382068634033203,448.171875,0.04783451929688454,0.9015215635299683,,,
grpo,56,9.210006713867188,9.210006713867188,357.0625,0.07682516425848007,0.666904091835022,,,
grpo,57,10.63033676147461,10.63033676147461,347.859375,0.05208825692534447,0.7457683682441711,,,
grpo,58,10.990445137023926,10.99932861328125,359.5625,0.05950632691383362,0.7683817148208618,,,
grpo,59,11.006443977355957,11.01171875,548.234375,0.050707172602415085,0.8841495513916016,,,
grpo,60,7.377511024475098,7.379547119140625,378.625,0.05645643174648285,0.8359533548355103,,,
grpo,61,8.90327262878418,9.05670166015625,370.15625,0.04663519188761711,0.7486999034881592,,,
grpo,62,7.799062728881836,7.8844757080078125,437.734375,0.03729354590177536,0.6898069381713867,,,
grpo,63,8.48114013671875,8.48114013671875,307.296875,0.20806469023227692,0.730160117149353,,,
grpo,64,9.042726516723633,9.338386535644531,565.515625,0.04233928024768829,0.8375389575958252,,,
grpo,65,8.46832275390625,8.46832275390625,273.640625,0.08177569508552551,0.7609987258911133,,,
grpo,66,5.1203460693359375,5.1203460693359375,422.453125,0.05399562045931816,0.9710632562637329,,,
grpo,67,11.297307014465332,11.39715576171875,600.40625,0.030191512778401375,0.6209292411804199,,,
grpo,68,9.166845321655273,9.185075759887695,432.484375,0.05226528272032738,0.8772732615470886,,,
grpo,69,10.24847412109375,10.24847412109375,497.953125,0.04409298300743103,1.0319091081619263,,,
grpo,70,7.934803009033203,7.934803009033203,324.21875,0.059732068330049515,0.8025597929954529,,,
grpo,71,5.846832275390625,5.850255966186523,470.796875,0.03601512312889099,0.6579698920249939,,,
grpo,72,9.675735473632812,9.6885986328125,445.75,0.03942963108420372,0.7538794279098511,,,
grpo,73,6.227447509765625,6.227447509765625,330.46875,0.06275787949562073,0.7585394382476807,,,
grpo,74,11.558698654174805,11.563232421875,616.703125,0.035872817039489746,0.7589682936668396,,,
grpo,75,10.154754638671875,10.210647583007812,432.53125,0.040340255945920944,0.7095685601234436,,,
grpo,76,9.741812705993652,9.752639770507812,507.28125,0.04846801981329918,0.8711525201797485,,,
grpo,77,8.37522029876709,8.376052856445312,372.703125,0.06577184051275253,0.7249959111213684,,,
grpo,78,12.899190902709961,13.069091796875,620.4375,0.03656158223748207,0.7625457048416138,,,
grpo,79,11.266311645507812,11.266311645507812,369.96875,0.03754611313343048,0.6015875935554504,,,
grpo,80,7.671630859375,7.671630859375,250.890625,0.06670596450567245,0.6744758486747742,,,
grpo,81,7.568985462188721,7.6205291748046875,345.1875,0.03778288513422012,0.5950791239738464,,,
grpo,82,13.552978515625,13.552978515625,452.96875,0.035902198404073715,0.9333917498588562,,,
grpo,83,6.649692535400391,6.649692535400391,296.0625,0.06830645352602005,1.031440019607544,,,
grpo,84,9.874061584472656,9.874061584472656,533.640625,0.04249066859483719,0.7704641222953796,,,
grpo,85,11.429224967956543,11.547119140625,538.4375,0.033285606652498245,0.9874600768089294,,,
grpo,86,10.0684814453125,10.0684814453125,587.5,0.03189092129468918,0.804773211479187,,,
grpo,87,9.991375923156738,9.997390747070312,456.625,0.04116762802004814,0.8341541290283203,,,
grpo,88,10.01046371459961,10.015090942382812,466.703125,0.03638194873929024,0.5150158405303955,,,
grpo,89,12.09496021270752,12.138916015625,433.5625,0.03404693678021431,0.7332615852355957,,,
grpo,90,11.812559127807617,11.812559127807617,365.21875,0.0507955476641655,0.9450688362121582,,,
grpo,91,14.241943359375,14.241943359375,419.875,0.03783904016017914,0.8451393842697144,,,
grpo,92,11.568422317504883,11.7200927734375,586.25,0.03472607582807541,0.8070749044418335,,,
grpo,93,10.93145751953125,10.976524353027344,388.4375,0.041659895330667496,0.7894461154937744,,,
grpo,94,8.108001708984375,8.108001708984375,252.171875,0.07278366386890411,0.7178493738174438,,,
grpo,95,8.42835807800293,8.4700927734375,447.5,0.04766661301255226,0.8364916443824768,,,
grpo,96,9.824268341064453,10.0286865234375,607.171875,0.03276411443948746,0.6874774098396301,,,
grpo,97,7.718652725219727,7.876800537109375,513.328125,0.04489101469516754,0.5380120277404785,,,
grpo,98,11.17999267578125,11.17999267578125,394.421875,0.046940892934799194,0.7544811367988586,,,
grpo,99,8.219642639160156,8.219642639160156,224.328125,0.07534713298082352,0.614744246006012,,,
grpo,100,9.980295181274414,10.008056640625,416.125,0.05121747404336929,0.8513466715812683,,,
grpo,101,1.2664070129394531,1.2664070129394531,229.265625,0.0734415352344513,0.7603442668914795,,,
grpo,102,4.899404525756836,4.899404525756836,296.765625,0.06257658451795578,0.9852221608161926,,,
grpo,103,10.919746398925781,10.919746398925781,371.3125,0.05806565284729004,0.8457844853401184,,,
grpo,104,12.856788635253906,12.94775390625,545.734375,0.04397493600845337,0.6490957736968994,,,
grpo,105,11.205625534057617,11.207290649414062,338.546875,0.05164509266614914,0.600931704044342,,,
grpo,106,5.067502021789551,5.2267608642578125,449.015625,0.05999939143657684,0.7546368837356567,,,
grpo,107,12.732856750488281,12.7349853515625,450.640625,0.05943138897418976,0.7984795570373535,,,
grpo,108,15.138198852539062,15.2828369140625,663.078125,0.05204164236783981,0.8497229814529419,,,
grpo,109,8.05084228515625,8.0537109375,413.65625,0.05170183628797531,0.657066822052002,,,
grpo,110,9.361289978027344,9.8232421875,393.984375,0.05636671185493469,0.6175062656402588,,,
grpo,111,12.5013427734375,12.5013427734375,351.828125,0.06268274784088135,0.6966469883918762,,,
grpo,112,10.875068664550781,10.89154052734375,514.15625,0.04813288152217865,0.6619012951850891,,,
grpo,113,6.817996978759766,6.8348388671875,407.234375,0.04538016766309738,0.44500651955604553,,,
grpo,114,13.518155097961426,13.686112403869629,573.296875,0.05540847405791283,0.5398991703987122,,,
grpo,115,9.29052734375,9.29052734375,376.171875,0.06518755108118057,0.5405288934707642,,,
grpo,116,10.911094665527344,11.04925537109375,624.8125,0.06387573480606079,0.7865514755249023,,,
grpo,117,14.986002922058105,15.002197265625,668.671875,0.05623288452625275,0.6836047172546387,,,
grpo,118,9.591697692871094,9.612333297729492,446.34375,0.07094167917966843,0.6788447499275208,,,
grpo,119,6.773599147796631,6.995136260986328,345.203125,0.08180161565542221,0.5682113766670227,,,
grpo,120,8.18371295928955,8.22979736328125,432.578125,0.06870852410793304,0.7190351486206055,,,
grpo,121,11.98699951171875,11.99560546875,518.765625,0.06238176301121712,0.5615205764770508,,,
grpo,122,6.95359992980957,7.0393829345703125,413.796875,0.07811076939105988,0.6483675837516785,,,
grpo,123,7.412332534790039,7.414276123046875,318.0625,0.10451211780309677,0.44560033082962036,,,
grpo,124,10.316387176513672,10.379776000976562,515.125,0.05652817711234093,0.46245086193084717,,,
grpo,125,14.103641510009766,14.11474609375,522.5,0.07598701864480972,0.6829250454902649,,,
grpo,126,10.226781845092773,10.383819580078125,586.03125,0.06374085694551468,0.6469621658325195,,,
grpo,127,14.469913482666016,14.8935546875,511.46875,0.06429295241832733,0.4463415741920471,,,
grpo,128,10.541587829589844,10.599609375,502.15625,0.07070150971412659,0.5879641175270081,,,
grpo,129,13.209661483764648,13.3896484375,552.78125,0.05723799020051956,0.4966529905796051,,,
grpo,130,8.840470314025879,9.025177001953125,536.3125,0.0655147135257721,0.8694718480110168,,,
grpo,131,9.808807373046875,9.808807373046875,398.75,0.07640048116445541,0.5492807030677795,,,
grpo,132,9.773691177368164,10.537689208984375,844.796875,0.040099579840898514,0.6693580746650696,,,
grpo,133,11.362981796264648,11.37677001953125,436.796875,0.06616012752056122,0.5617698431015015,,,
grpo,134,13.547786712646484,13.82318115234375,657.390625,0.0573168583214283,0.7044118642807007,,,
grpo,135,9.304004669189453,9.314554214477539,522.140625,0.06613782793283463,0.851364254951477,,,
grpo,136,10.725896835327148,10.759765625,379.59375,0.08250924199819565,0.8121762275695801,,,
grpo,137,6.769721984863281,6.8191375732421875,454.5,0.06371797621250153,0.5536686182022095,,,
grpo,138,12.332620620727539,12.46929931640625,546.625,0.0439586341381073,0.6834091544151306,,,
grpo,139,11.327831268310547,11.374748229980469,502.375,0.0609513558447361,0.7833259701728821,,,
grpo,140,11.726259231567383,11.884315490722656,450.90625,0.06298881769180298,0.7477795481681824,,,
grpo,141,10.193439483642578,10.436630249023438,663.75,0.036443810909986496,0.7574442028999329,,,
grpo,142,11.198919296264648,11.3043212890625,404.765625,0.04801974818110466,0.6668987274169922,,,
grpo,143,11.501808166503906,11.798393249511719,613.34375,0.04452064260840416,0.6921433210372925,,,
grpo,144,10.81641674041748,11.05322265625,548.046875,0.04491037502884865,0.9044320583343506,,,
grpo,145,7.667253494262695,7.8762054443359375,304.84375,0.08507002890110016,0.6448792219161987,,,
grpo,146,10.97003173828125,10.97003173828125,392.234375,0.07012531161308289,0.711972713470459,,,
grpo,147,10.5703125,10.5703125,337.28125,0.06499368697404861,0.8435709476470947,,,
grpo,148,9.636075019836426,9.637186050415039,429.0625,0.05262884497642517,0.7896069288253784,,,
grpo,149,12.137853622436523,12.298500061035156,492.390625,0.04801558330655098,0.5983810424804688,,,
grpo,150,7.147282600402832,7.270729064941406,430.4375,0.05332918092608452,0.7750715017318726,,,
grpo,151,9.328367233276367,9.365198135375977,341.75,0.06680614501237869,0.713051974773407,,,
grpo,152,14.235811233520508,14.31298828125,652.546875,0.03897111490368843,0.6472274661064148,,,
grpo,153,11.833139419555664,12.029876708984375,516.890625,0.04734968766570091,0.5984313488006592,,,
grpo,154,11.38067626953125,11.383544921875,538.6875,0.04901204630732536,0.6962453126907349,,,
grpo,155,12.7794189453125,12.7794189453125,453.71875,0.05266041308641434,0.6638364791870117,,,
grpo,156,10.361705780029297,10.378547668457031,469.875,0.05990780144929886,0.6836538910865784,,,
grpo,157,11.001436233520508,11.310699462890625,657.953125,0.040453389286994934,0.6463038921356201,,,
grpo,158,9.841796875,9.841796875,333.0625,0.05400651693344116,0.601185142993927,,,
grpo,159,12.057313919067383,12.337890625,702.546875,0.04514065757393837,0.7182668447494507,,,
grpo,160,10.691615104675293,10.70068359375,471.265625,0.055514223873615265,0.734575629234314,,,
grpo,161,10.642061233520508,10.766525268554688,468.8125,0.06086795777082443,0.730482816696167,,,
grpo,162,9.688274383544922,9.727325439453125,458.359375,0.06329230219125748,0.6031663417816162,,,
grpo,163,8.042768478393555,8.042768478393555,453.03125,0.06152864173054695,0.5615312457084656,,,
grpo,164,12.122658729553223,12.14190673828125,465.046875,0.06910762935876846,0.637442946434021,,,
grpo,165,9.943166732788086,10.037925720214844,416.265625,0.06784968078136444,0.7027531862258911,,,
grpo,166,9.732757568359375,10.215530395507812,502.171875,0.05278507247567177,0.7815481424331665,,,
grpo,167,13.198347091674805,13.47216796875,584.5,0.05393743887543678,0.6085771322250366,,,
grpo,168,11.667835235595703,11.915283203125,775.234375,0.03290654718875885,0.5725781321525574,,,
grpo,169,8.706571578979492,8.80133056640625,439.078125,0.05458569526672363,0.4858537018299103,,,
grpo,170,7.763267517089844,8.377630233764648,589.875,0.04100408777594566,0.5961863398551941,,,
grpo,171,10.340911865234375,10.448348999023438,516.375,0.044745225459337234,0.5465654134750366,,,
grpo,172,17.636157989501953,17.7001953125,647.0625,0.047862350940704346,0.7534385323524475,,,
grpo,173,7.511264801025391,7.511264801025391,296.09375,0.10028764605522156,0.741557776927948,,,
grpo,174,17.0,17.02294921875,622.640625,0.044245362281799316,0.6475272178649902,,,
grpo,175,13.8876953125,13.8876953125,543.515625,0.04765896126627922,0.658546507358551,,,
grpo,176,16.63789939880371,16.6875,494.3125,0.055803216993808746,0.6549062132835388,,,
grpo,177,15.717287063598633,15.7314453125,591.546875,0.046951234340667725,0.6278461813926697,,,
grpo,178,10.747903823852539,10.804351806640625,577.03125,0.047722168266773224,0.5902500152587891,,,
grpo,179,13.580078125,13.580078125,547.75,0.049599453806877136,0.5665295124053955,,,
grpo,180,11.96215534210205,12.039794921875,535.875,0.05303658917546272,0.6222447156906128,,,
grpo,181,11.003547668457031,11.054443359375,548.421875,0.04491393268108368,0.5016312003135681,,,
grpo,182,11.470861434936523,12.101232528686523,603.59375,0.06263171136379242,0.684939980506897,,,
grpo,183,9.131549835205078,9.3016357421875,433.765625,0.0762099176645279,0.5750443935394287,,,
grpo,184,8.647198677062988,8.8150634765625,508.703125,0.06328795850276947,0.563713014125824,,,
grpo,185,13.015050888061523,13.3984375,745.734375,0.048088446259498596,0.6091477274894714,,,
grpo,186,11.268439292907715,11.276397705078125,367.171875,0.08896467089653015,0.5246286392211914,,,
grpo,187,10.213985443115234,10.225830078125,540.453125,0.056014351546764374,0.5004381537437439,,,
grpo,188,12.665058135986328,12.6746826171875,480.703125,0.06657874584197998,0.5255031585693359,,,
grpo,189,13.32850456237793,13.601215362548828,624.5,0.060685962438583374,0.5107181668281555,,,
grpo,190,13.570913314819336,13.715087890625,618.15625,0.07128290086984634,0.6179558038711548,,,
grpo,191,12.420732498168945,13.0609130859375,652.25,0.052264366298913956,0.5365034341812134,,,
grpo,192,11.8330078125,11.8330078125,477.859375,0.07988327741622925,0.5499676465988159,,,
grpo,193,10.194967269897461,10.488037109375,552.125,0.06129122152924538,0.43501055240631104,,,
grpo,194,10.85055160522461,10.91838264465332,418.796875,0.0871310606598854,0.520662784576416,,,
grpo,195,13.23025894165039,13.44189453125,554.125,0.07409896701574326,0.6253424882888794,,,
grpo,196,9.3904390335083,9.39108657836914,415.328125,0.07112853229045868,0.45756667852401733,,,
grpo,197,10.331450462341309,10.3487548828125,378.515625,0.07971891015768051,0.51109778881073,,,
grpo,198,13.893202781677246,14.1239013671875,510.359375,0.06620869785547256,0.5363554954528809,,,
grpo,199,11.18844985961914,11.47467041015625,679.796875,0.05717091262340546,0.4542469382286072,,,
grpo,200,15.65185546875,15.65185546875,476.3125,0.06302813440561295,0.5434664487838745,,,
grpo,201,12.88132095336914,13.1015625,586.953125,0.06306552141904831,0.5331296324729919,,,
grpo,202,10.458003997802734,10.478363037109375,584.375,0.05593014135956764,0.48229464888572693,,,
grpo,203,10.730226516723633,10.754749298095703,451.921875,0.0782671645283699,0.632247805595398,,,
grpo,204,13.592527389526367,13.6070556640625,437.265625,0.08080169558525085,0.5706164240837097,,,
grpo,205,9.048583984375,9.048583984375,335.421875,0.09901644289493561,0.6449304819107056,,,
grpo,206,9.618377685546875,9.8275146484375,543.21875,0.05889056995511055,0.5575702786445618,,,
grpo,207,16.411340713500977,16.431884765625,530.0,0.058143652975559235,0.6489036679267883,,,
grpo,208,18.753032684326172,18.7548828125,548.34375,0.050717804580926895,0.5963929295539856,,,
grpo,209,9.59991455078125,9.59991455078125,354.9375,0.08901866525411606,0.7595979571342468,,,
grpo,210,13.596541404724121,13.850189208984375,633.1875,0.0597388818860054,0.5855697989463806,,,
grpo,211,8.600311279296875,8.80657958984375,520.796875,0.05714656785130501,0.8639858961105347,,,
grpo,212,10.547677993774414,10.617544174194336,599.328125,0.05179385468363762,0.6617524027824402,,,
grpo,213,10.46240234375,10.46240234375,399.21875,0.082151398062706,0.8013463020324707,,,
grpo,214,6.7340850830078125,6.7340850830078125,297.453125,0.0867304876446724,0.7367400527000427,,,
grpo,215,12.535360336303711,13.202377319335938,710.078125,0.04306203871965408,0.6551732420921326,,,
grpo,216,12.030783653259277,12.04022216796875,504.0,0.05474873259663582,0.6229448914527893,,,
grpo,217,11.731329917907715,11.733551025390625,497.875,0.053654130548238754,0.6105778217315674,,,
grpo,218,16.63090705871582,17.09619140625,751.75,0.048526450991630554,0.6365153789520264,,,
grpo,219,10.372599601745605,10.383056640625,437.625,0.0769464522600174,0.8346514701843262,,,
grpo,220,11.972225189208984,11.9754638671875,433.875,0.05889900401234627,0.651283323764801,,,
grpo,221,10.821136474609375,10.821136474609375,391.0625,0.07611164450645447,0.6988705396652222,,,
grpo,222,16.08615493774414,16.1947021484375,561.125,0.07372606545686722,0.633053183555603,,,
grpo,223,11.033891677856445,11.035371780395508,478.5,0.0583670437335968,0.5942574739456177,,,
grpo,224,10.456706047058105,10.913753509521484,556.625,0.05396556481719017,0.5345882773399353,,,
grpo,225,12.159746170043945,12.365180969238281,642.6875,0.06134697422385216,0.6741924285888672,,,
grpo,226,10.342575073242188,10.83145523071289,604.046875,0.0492343008518219,0.524080753326416,,,
grpo,227,9.554595947265625,9.554595947265625,451.234375,0.05033160001039505,0.4431245028972626,,,
grpo,228,13.591821670532227,13.755615234375,632.25,0.049822140485048294,0.6338291764259338,,,
grpo,229,13.936697959899902,14.26123046875,656.328125,0.05944008007645607,0.7372825145721436,,,
grpo,230,18.28285789489746,18.348560333251953,593.6875,0.06187516078352928,0.6209424138069153,,,
grpo,231,12.852023124694824,13.31878662109375,616.671875,0.06000209227204323,0.641884446144104,,,
grpo,232,9.066774368286133,9.07806396484375,521.6875,0.07191745936870575,0.6183199882507324,,,
grpo,233,11.510878562927246,11.58685302734375,429.40625,0.07249489426612854,0.7484336495399475,,,
grpo,234,15.03294563293457,15.3121337890625,772.984375,0.05910583958029747,0.8749216794967651,,,
grpo,235,15.658215522766113,15.7802734375,682.921875,0.055107031017541885,0.7872557044029236,,,
grpo,236,10.11572265625,10.11572265625,546.671875,0.06927355378866196,0.8594801425933838,,,
grpo,237,12.598430633544922,12.67755126953125,564.21875,0.060742031782865524,0.7505903840065002,,,
grpo,238,9.5025634765625,9.5025634765625,506.15625,0.07884715497493744,0.6062398552894592,,,
grpo,239,10.729024887084961,11.239837646484375,780.03125,0.0420726053416729,0.6618860363960266,,,
grpo,240,12.915945053100586,13.051513671875,600.28125,0.06419193744659424,0.7783052921295166,,,
grpo,241,7.867872714996338,7.912384033203125,608.15625,0.05823063105344772,0.573923647403717,,,
grpo,242,7.158440113067627,7.382568359375,537.09375,0.06296823918819427,0.6981821656227112,,,
grpo,243,14.357949256896973,14.36572265625,525.890625,0.06397885829210281,0.7946649789810181,,,
grpo,244,12.909571647644043,12.938720703125,508.21875,0.06522180885076523,0.7897918224334717,,,
grpo,245,15.185917854309082,15.2685546875,486.78125,0.058405015617609024,0.657817542552948,,,
grpo,246,7.706857681274414,7.70880126953125,373.84375,0.07988835126161575,0.6806871891021729,,,
grpo,247,16.56005859375,16.56005859375,590.578125,0.051867011934518814,0.7911983728408813,,,
grpo,248,19.9437255859375,19.9437255859375,563.203125,0.06938784569501877,0.9193139672279358,,,
grpo,249,8.875094413757324,8.947921752929688,604.453125,0.0442507341504097,0.6783725619316101,,,
grpo,250,10.362545013427734,10.6666259765625,496.03125,0.060383040457963943,0.836028516292572,,,
lam2,1,0.5126560926437378,0.5185785293579102,303.265625,1.440659522016982e-13,0.9857574701309204,0.9779436588287354,0.07389996200799942,2.0
lam2,2,2.950261354446411,3.0213308334350586,169.46875,0.0006380752893164754,0.7985020875930786,0.9793952107429504,0.09988204389810562,2.0
lam2,3,4.76409912109375,4.76409912109375,268.90625,0.0013883203500881791,0.9433800578117371,0.9842579364776611,0.08156737685203552,2.0
lam2,4,5.9577789306640625,6.002197265625,265.6875,0.003208463778719306,1.0044262409210205,0.9804511070251465,0.08270680904388428,2.0
lam2,5,3.096363067626953,3.1153335571289062,299.1875,0.003690950805321336,0.656578779220581,0.9860408306121826,0.0746169239282608,2.0
lam2,6,3.848806381225586,3.909881591796875,367.359375,0.005787137430161238,0.6720588207244873,0.9877011775970459,0.07096035033464432,2.0
lam2,7,6.8370208740234375,6.8370208740234375,396.375,0.006738344673067331,1.0388646125793457,0.9918301701545715,0.07024847716093063,2.0
lam2,8,6.914750099182129,6.947601318359375,342.109375,0.010556015186011791,0.6962136030197144,0.9862278699874878,0.07794992625713348,2.0
lam2,9,10.95953369140625,10.95953369140625,332.890625,0.01300579123198986,0.747006893157959,0.9912846684455872,0.08149772882461548,2.0
lam2,10,7.566839218139648,7.637908935546875,276.578125,0.016683528199791908,0.8858278393745422,0.9906196594238281,0.08042261004447937,2.0
lam2,11,6.7863664627075195,6.795249938964844,242.328125,0.021504700183868408,0.7918462753295898,0.9881600737571716,0.07793162763118744,2.0
lam2,12,6.267297267913818,6.285064697265625,176.03125,0.04209791123867035,0.7538259625434875,0.9854552149772644,0.10139049589633942,2.0
lam2,13,10.35400390625,10.35400390625,283.671875,0.02026897668838501,0.9080572724342346,0.9876645803451538,0.08686873316764832,2.0
lam2,14,6.545123100280762,6.583526611328125,376.71875,0.02622482366859913,0.7551546096801758,0.98915696144104,0.07847634702920914,2.0
lam2,15,5.819368362426758,5.819368362426758,304.9375,0.02811443991959095,0.8444603681564331,0.990516185760498,0.0734214261174202,2.0
lam2,16,9.3935546875,9.3935546875,304.28125,0.025797242298722267,0.7190568447113037,0.9903714656829834,0.07780042290687561,2.0
lam2,17,9.616722106933594,9.616722106933594,436.1875,0.026894425973296165,0.8404396772384644,0.9922745227813721,0.07334980368614197,2.0
lam2,18,8.722854614257812,8.722854614257812,404.84375,0.028536496683955193,0.8217296600341797,0.9875799417495728,0.07311325520277023,2.0
lam2,19,12.649016380310059,12.6519775390625,440.0,0.02637043409049511,0.8274163603782654,0.9934760928153992,0.06810002774000168,2.0
lam2,20,7.630027770996094,7.630027770996094,324.609375,0.03260478004813194,0.7854901552200317,0.9907448887825012,0.07654488831758499,2.0
lam2,21,12.946846008300781,13.116561889648438,629.421875,0.02187538519501686,0.7392354607582092,0.9945780038833618,0.06622915714979172,2.0
lam2,22,8.67822265625,8.67822265625,451.65625,0.023954497650265694,0.5962223410606384,0.9933974742889404,0.06416269391775131,2.0
lam2,23,6.255279541015625,6.255279541015625,262.796875,0.0437825545668602,0.611405074596405,0.9907310605049133,0.08039253950119019,2.0
lam2,24,15.18408203125,15.18408203125,360.484375,0.03402881324291229,0.7497317790985107,0.9919805526733398,0.07191331684589386,2.0
lam2,25,4.325042724609375,4.325042724609375,288.875,0.03904029354453087,0.5905419588088989,0.9876063466072083,0.07685521245002747,2.0
lam2,26,5.167864799499512,5.28363037109375,339.75,0.03278462961316109,0.6227604150772095,0.9861844778060913,0.07329561561346054,2.0
lam2,27,13.06884765625,13.06884765625,379.953125,0.0330950990319252,0.7791534066200256,0.9928805828094482,0.0718233585357666,2.0
lam2,28,8.744808197021484,8.75665283203125,270.484375,0.036469507962465286,0.6669877171516418,0.9817121028900146,0.08184652775526047,2.0
lam2,29,4.946328163146973,5.246337890625,394.609375,0.028975605964660645,0.5727709531784058,0.9874641299247742,0.06446321308612823,2.0
lam2,30,9.982908248901367,9.98883056640625,379.6875,0.04021492227911949,0.8613302111625671,0.9831618070602417,0.07463542371988297,2.0
lam2,31,8.82562255859375,8.82562255859375,268.734375,0.04888489842414856,0.6204479932785034,0.9871587157249451,0.0794350728392601,2.0
lam2,32,11.5419921875,11.5419921875,396.65625,0.03980857878923416,0.996913492679596,0.989153265953064,0.07028043270111084,2.0
lam2,33,3.6741814613342285,3.7334060668945312,264.765625,0.04790252447128296,0.7057271599769592,0.9801932573318481,0.07694980502128601,2.0
lam2,34,9.876327514648438,9.876327514648438,237.28125,0.06106613576412201,0.6177000999450684,0.9877737760543823,0.08444535732269287,2.0
lam2,35,8.120834350585938,8.120834350585938,180.578125,0.061272528022527695,0.638984203338623,0.9842078685760498,0.09345858544111252,2.0
lam2,36,11.257009506225586,11.275146484375,473.609375,0.028071966022253036,0.6501150131225586,0.9939913749694824,0.06219392269849777,2.0
lam2,37,11.357636451721191,11.38623046875,533.765625,0.030812300741672516,0.7172304391860962,0.9936696290969849,0.06187794730067253,2.0
lam2,38,6.90837287902832,6.90837287902832,247.328125,0.07253118604421616,0.5943455100059509,0.9837682247161865,0.08807782083749771,2.0
lam2,39,10.082691192626953,10.138214111328125,538.84375,0.04727160185575485,0.6088107824325562,0.9925587177276611,0.0595894493162632,2.0
lam2,40,9.001363754272461,9.4864501953125,496.484375,0.04297352954745293,0.7806418538093567,0.9919500350952148,0.06499326229095459,2.0
lam2,41,13.577848434448242,13.603759765625,544.578125,0.04102884232997894,0.6939232349395752,0.992523193359375,0.06373212486505508,2.0
lam2,42,8.542922973632812,8.546439170837402,374.515625,0.05881144851446152,0.5964946746826172,0.9904046058654785,0.07412832230329514,2.0
lam2,43,9.617036819458008,10.01800537109375,513.265625,0.04869050905108452,0.43801602721214294,0.9925938844680786,0.06605413556098938,2.0
lam2,44,12.699481964111328,12.71484375,486.46875,0.05008788779377937,0.6944539546966553,0.9933182597160339,0.07187017053365707,2.0
lam2,45,12.78802490234375,12.78802490234375,385.453125,0.05706058070063591,0.84470134973526,0.9916793704032898,0.07940898090600967,2.0
lam2,46,9.028091430664062,9.139877319335938,581.640625,0.035301607102155685,0.6322059631347656,0.9949150085449219,0.06085536628961563,2.0
lam2,47,8.354816436767578,8.658065795898438,480.9375,0.05295538529753685,0.5849282145500183,0.9927014708518982,0.061345696449279785,2.0
lam2,48,10.195728302001953,10.245513916015625,612.5,0.04106998071074486,0.968401312828064,0.9944214820861816,0.058771152049303055,2.0
lam2,49,16.558551788330078,16.61407470703125,662.328125,0.04477114975452423,0.7215039730072021,0.9958273768424988,0.06337899714708328,2.0
lam2,50,17.663639068603516,17.671875,650.625,0.03917529061436653,0.7876543998718262,0.9956029057502747,0.060727011412382126,2.0
lam2,51,9.43622875213623,9.455291748046875,466.578125,0.09558650106191635,0.6147300004959106,0.994762122631073,0.06831994652748108,2.0
lam2,52,10.068883895874023,10.2001953125,581.515625,0.04637478291988373,0.7679667472839355,0.9957498908042908,0.058946408331394196,2.0
lam2,53,9.42271900177002,9.425125122070312,518.71875,0.04315406084060669,0.6205481290817261,0.9948807954788208,0.06261191517114639,2.0
lam2,54,15.60888671875,15.60888671875,533.421875,0.04276805743575096,0.7853150963783264,0.9928665161132812,0.06255463510751724,2.0
lam2,55,9.691780090332031,9.707696914672852,473.78125,0.04914708808064461,0.9346082806587219,0.9945173263549805,0.06220822036266327,2.0
lam2,56,9.810185432434082,9.818328857421875,434.734375,0.05797147750854492,0.656024158000946,0.9946469664573669,0.0688842162489891,2.0
lam2,57,10.291488647460938,10.29296875,427.765625,0.047359537333250046,0.7730408906936646,0.9937160015106201,0.06944354623556137,2.0
lam2,58,12.103073120117188,12.103073120117188,436.265625,0.06324651092290878,0.8063328862190247,0.9939531087875366,0.06831611692905426,2.0
lam2,59,11.940069198608398,12.04833984375,658.171875,0.04703158140182495,0.8763259053230286,0.9959644675254822,0.05905831977725029,2.0
lam2,60,8.436087608337402,8.439973831176758,422.59375,0.06678488850593567,0.9080263376235962,0.9934751987457275,0.06880216300487518,2.0
lam2,61,9.43488883972168,9.565460205078125,493.15625,0.03989531844854355,0.7303147912025452,0.9905491471290588,0.06504041701555252,2.0
lam2,62,8.060258865356445,8.0758056640625,483.53125,0.040049705654382706,0.7309175133705139,0.993556022644043,0.06358133256435394,2.0
lam2,63,9.375070571899414,9.423561096191406,439.46875,0.050568725913763046,0.6977933645248413,0.993789553642273,0.06630745530128479,2.0
lam2,64,9.731649398803711,10.001953125,561.03125,0.03908378630876541,0.9522538185119629,0.9932999014854431,0.06640090048313141,2.0
lam2,65,8.48193359375,8.48193359375,356.984375,0.06772036105394363,0.7849497199058533,0.9927289485931396,0.07777441293001175,2.0
lam2,66,6.133735179901123,6.133735179901123,472.03125,0.05123678967356682,0.9906320571899414,0.9936081767082214,0.07102341949939728,2.0
lam2,67,11.09998893737793,11.310791015625,771.578125,0.028058120980858803,0.6733458042144775,0.9955064058303833,0.05279279500246048,2.0
lam2,68,9.306113243103027,9.390693664550781,488.3125,0.0493800975382328,0.9256185293197632,0.9924211502075195,0.06697145849466324,2.0
lam2,69,10.252120018005371,10.336700439453125,532.34375,0.04331078380346298,1.1400151252746582,0.9937177896499634,0.06528070569038391,2.0
lam2,70,9.419419288635254,9.47808837890625,392.375,0.057367198169231415,0.8455567359924316,0.991605818271637,0.06879206746816635,2.0
lam2,71,6.811542987823486,6.8154296875,497.703125,0.03921753913164139,0.672103226184845,0.9949328899383545,0.06150611862540245,2.0
lam2,72,9.810588836669922,9.90692138671875,543.765625,0.038189828395843506,0.8016998767852783,0.994627058506012,0.061110496520996094,2.0
lam2,73,7.168209075927734,7.168209075927734,365.28125,0.06988103687763214,0.74387526512146,0.9908921122550964,0.08234900236129761,2.0
lam2,74,11.899580001831055,12.0244140625,672.359375,0.030530579388141632,0.7714701890945435,0.9958044290542603,0.059434570372104645,2.0
lam2,75,10.23038101196289,10.48504638671875,490.546875,0.0381358340382576,0.7735444903373718,0.9911211729049683,0.07057134062051773,2.0
lam2,76,10.943876266479492,11.095916748046875,549.5,0.047616176307201385,0.8853098750114441,0.9939755201339722,0.062376637011766434,2.0
lam2,77,9.3762788772583,9.385162353515625,378.359375,0.05797195062041283,0.7776772975921631,0.9933237433433533,0.06858430802822113,2.0
lam2,78,14.003570556640625,14.40185546875,735.625,0.03538695350289345,0.7596163749694824,0.9957647323608398,0.05549084022641182,2.0
lam2,79,12.423095703125,12.423095703125,438.765625,0.04067187383770943,0.6094533801078796,0.9939571022987366,0.06590254604816437,2.0
lam2,80,8.4495849609375,8.4495849609375,326.921875,0.055763863027095795,0.5795519948005676,0.9923951625823975,0.07075975835323334,2.0
lam2,81,7.33336877822876,7.511320114135742,383.65625,0.04033995792269707,0.5844592452049255,0.9911558032035828,0.07195042073726654,2.0
lam2,82,15.334228515625,15.334228515625,488.5625,0.046765994280576706,0.95823734998703,0.9943447113037109,0.06849834322929382,2.0
lam2,83,6.53179931640625,6.53179931640625,358.25,0.07352761924266815,0.8603511452674866,0.9917262196540833,0.07158292084932327,2.0
lam2,84,11.797403335571289,11.91973876953125,667.109375,0.040660858154296875,0.7072263360023499,0.9952822923660278,0.06078219786286354,2.0
lam2,85,12.62136173248291,13.001602172851562,641.171875,0.04087376594543457,0.9070500135421753,0.9954413175582886,0.05699300020933151,2.0
lam2,86,11.8387451171875,11.8387451171875,638.265625,0.037603314965963364,0.7884994149208069,0.996306300163269,0.05866716057062149,2.0
lam2,87,11.51715087890625,11.51715087890625,543.484375,0.04590749740600586,0.7369089126586914,0.9948405027389526,0.06609741598367691,2.0
lam2,88,11.658836364746094,11.7197265625,494.578125,0.0422242172062397,0.45574018359184265,0.9944585561752319,0.05560973659157753,2.0
lam2,89,13.275588989257812,13.380064964294434,481.796875,0.04300471022725105,0.6761373281478882,0.9928492307662964,0.07105862349271774,2.0
lam2,90,12.704046249389648,12.736434936523438,443.84375,0.06177014857530594,0.7432759404182434,0.9928076267242432,0.06807862967252731,2.0
lam2,91,16.532411575317383,16.55517578125,485.125,0.05143635720014572,0.7435729503631592,0.9940478205680847,0.06579624116420746,2.0
lam2,92,13.557991027832031,14.04150390625,691.953125,0.04127738997340202,0.680393397808075,0.9942264556884766,0.05767660215497017,2.0
lam2,93,12.069175720214844,12.204559326171875,491.796875,0.0521455742418766,0.6407851576805115,0.9920322895050049,0.06547999382019043,2.0
lam2,94,8.920182228088379,8.93619155883789,309.125,0.10654047876596451,0.6529812812805176,0.9912408590316772,0.07491742074489594,2.0
lam2,95,10.270994186401367,10.365753173828125,523.875,0.05604264512658119,0.6607344746589661,0.9917467832565308,0.06399007141590118,2.0
lam2,96,11.680953025817871,12.094970703125,721.375,0.0427059568464756,0.5913899540901184,0.9950762987136841,0.05679859220981598,2.0
lam2,97,9.032305717468262,9.30853271484375,578.109375,0.043302156031131744,0.4861285984516144,0.9945846796035767,0.05653870850801468,2.0
lam2,98,13.34326171875,13.34326171875,458.15625,0.07099684327840805,0.6702897548675537,0.9940255880355835,0.06940510869026184,2.0
lam2,99,10.302292823791504,10.346988677978516,310.265625,0.07453353703022003,0.4659568965435028,0.992775559425354,0.06774137914180756,2.0
lam2,100,12.5989990234375,12.5989990234375,460.1875,0.05852661281824112,0.7025197148323059,0.9941487312316895,0.06820773333311081,2.0
lam2,101,2.6457347869873047,2.670257568359375,310.765625,0.10301123559474945,0.5929968953132629,0.9912426471710205,0.08158379793167114,2.0
lam2,102,7.329193115234375,7.329193115234375,330.59375,0.07810434699058533,0.8832926750183105,0.9906922578811646,0.07831168919801712,2.0
lam2,103,12.667724609375,12.667724609375,491.578125,0.061156485229730606,0.6834765672683716,0.9947148561477661,0.06256493180990219,2.0
lam2,104,13.918342590332031,13.9462890625,549.296875,0.047765884548425674,0.6723583936691284,0.9926457405090332,0.07322723418474197,2.0
lam2,105,11.938526153564453,11.942134857177734,412.734375,0.05124649032950401,0.5613522529602051,0.9928505420684814,0.06503214687108994,2.0
lam2,106,6.479371070861816,6.7213592529296875,583.953125,0.0602240227162838,0.7741409540176392,0.9943569302558899,0.06076241657137871,2.0
lam2,107,13.883733749389648,13.957763671875,559.203125,0.052630454301834106,0.7865794897079468,0.993274450302124,0.06079772859811783,2.0
lam2,108,16.301843643188477,16.99560546875,854.453125,0.051526594907045364,0.875632643699646,0.9964268803596497,0.05016350373625755,2.0
lam2,109,9.5070161819458,9.507293701171875,505.890625,0.05367088317871094,0.5727841258049011,0.9932360053062439,0.05966558679938316,2.0
lam2,110,9.93289566040039,10.565673828125,474.984375,0.05644902586936951,0.611571192741394,0.9918365478515625,0.06242837756872177,2.0
lam2,111,12.859837532043457,12.87371826171875,457.375,0.0655749961733818,0.6438749432563782,0.992999792098999,0.07229059189558029,2.0
lam2,112,12.517806053161621,12.5594482421875,673.171875,0.044280756264925,0.6908553242683411,0.9954418540000916,0.055489055812358856,2.0
lam2,113,8.433399200439453,8.526123046875,520.8125,0.040669579058885574,0.37298551201820374,0.9951294660568237,0.05755196139216423,2.0
lam2,114,15.282238960266113,15.7080078125,690.578125,0.04967856407165527,0.5777713656425476,0.9950641393661499,0.056506458669900894,2.0
lam2,115,10.14501953125,10.14501953125,430.96875,0.05810005962848663,0.6079674959182739,0.9923374652862549,0.06587804108858109,2.0
lam2,116,12.299497604370117,12.903125762939453,740.5,0.049293141812086105,0.8326284885406494,0.9916609525680542,0.0523071363568306,2.0
lam2,117,17.104869842529297,17.218505859375,736.0,0.05338281765580177,0.7965215444564819,0.9963632822036743,0.0587049163877964,2.0
lam2,118,10.349721908569336,10.410148620605469,527.09375,0.059587787836790085,0.7624498009681702,0.9935839176177979,0.06273189932107925,2.0
lam2,119,7.241868495941162,7.534660339355469,388.890625,0.08718346059322357,0.631507933139801,0.9907658100128174,0.06750798225402832,2.0
lam2,120,9.205934524536133,9.23443603515625,499.46875,0.06627082824707031,0.7668576240539551,0.9940134286880493,0.0602269247174263,2.0
lam2,121,12.374443054199219,12.38092041015625,560.953125,0.06022433191537857,0.686638355255127,0.9946413040161133,0.06066325679421425,2.0
lam2,122,7.727664470672607,7.836212158203125,531.671875,0.06195322051644325,0.6450812220573425,0.9937655329704285,0.0587463453412056,2.0
lam2,123,7.6629638671875,7.6629638671875,346.21875,0.07140898704528809,0.4779044985771179,0.992615282535553,0.07346039265394211,2.0
lam2,124,10.87409782409668,10.941558837890625,518.0,0.04913836345076561,0.5488010048866272,0.9935417175292969,0.062045950442552567,2.0
lam2,125,15.005001068115234,15.016845703125,515.125,0.06481187045574188,0.742994487285614,0.9930548071861267,0.0636162981390953,2.0
lam2,126,11.16832447052002,11.546066284179688,694.59375,0.0542173869907856,0.6905548572540283,0.9955779314041138,0.05956641212105751,2.0
lam2,127,14.423873901367188,14.837890625,570.78125,0.052479781210422516,0.5030471086502075,0.9903848171234131,0.061177682131528854,2.0
lam2,128,10.830249786376953,10.8828125,549.96875,0.05883200839161873,0.6925199031829834,0.9949876070022583,0.06225946545600891,2.0
lam2,129,13.868180274963379,14.12451171875,580.546875,0.061259616166353226,0.528057873249054,0.9935532808303833,0.06229865923523903,2.0
lam2,130,10.144784927368164,10.198272705078125,598.5,0.06451570242643356,0.8810600638389587,0.9934356212615967,0.06013840436935425,2.0
lam2,131,11.644466400146484,11.644466400146484,408.140625,0.07582423090934753,0.5823488831520081,0.9901310205459595,0.07169310748577118,2.0
lam2,132,11.349505424499512,12.115631103515625,868.015625,0.04137132689356804,0.6090512871742249,0.9964064359664917,0.05331333726644516,2.0
lam2,133,12.03994369506836,12.14923095703125,501.234375,0.06386863440275192,0.5776981711387634,0.9950233697891235,0.0611373595893383,2.0
lam2,134,15.414602279663086,15.767822265625,738.375,0.07182462513446808,0.7522386908531189,0.9955803155899048,0.058794133365154266,2.0
lam2,135,9.6444091796875,9.654403686523438,613.265625,0.07217951118946075,0.8435936570167542,0.9957404136657715,0.06217791140079498,2.0
lam2,136,12.034987449645996,12.24560546875,482.921875,0.0803852528333664,0.7136789560317993,0.9929450750350952,0.06569612771272659,2.0
lam2,137,7.304834365844727,7.425689697265625,484.640625,0.06477061659097672,0.5693479776382446,0.9925479888916016,0.06659064441919327,2.0
lam2,138,13.416799545288086,13.7099609375,626.1875,0.05504877120256424,0.7076435685157776,0.994420051574707,0.06228059530258179,2.0
lam2,139,12.143026351928711,12.1754150390625,570.1875,0.06448990106582642,0.758434534072876,0.9935945868492126,0.06662490218877792,2.0
lam2,140,12.537870407104492,12.768383026123047,549.59375,0.06709770858287811,0.7186543941497803,0.9938461780548096,0.06639842689037323,2.0
lam2,141,11.107507705688477,11.5836181640625,755.21875,0.04905297979712486,0.7265623211860657,0.9949468374252319,0.054908569902181625,2.0
lam2,142,11.640918731689453,11.856903076171875,483.171875,0.06450259685516357,0.6542071104049683,0.9927409887313843,0.06839682161808014,2.0
lam2,143,13.792670249938965,13.880859375,670.328125,0.055661097168922424,0.6571099162101746,0.9961698055267334,0.05733906850218773,2.0
lam2,144,12.132274627685547,12.476703643798828,691.90625,0.058826692402362823,0.7427072525024414,0.9950975179672241,0.06006375700235367,2.0
lam2,145,8.041511535644531,8.274986267089844,394.8125,0.07853853702545166,0.6309927701950073,0.9921306371688843,0.07044941931962967,2.0
lam2,146,13.79585075378418,13.803346633911133,498.4375,0.06980311125516891,0.6759830713272095,0.9938816428184509,0.06387443095445633,2.0
lam2,147,11.258056640625,11.258056640625,391.765625,0.07105597108602524,0.8086967468261719,0.9926958084106445,0.07402949780225754,2.0
lam2,148,10.16226577758789,10.1876220703125,570.984375,0.06374240666627884,0.7803641557693481,0.9953997731208801,0.06065649539232254,2.0
lam2,149,12.4631986618042,12.712127685546875,555.234375,0.055476196110248566,0.6449099183082581,0.9932992458343506,0.0647246465086937,2.0
lam2,150,6.843365669250488,7.0399169921875,506.328125,0.06481727212667465,0.7681170105934143,0.9939080476760864,0.06518150866031647,2.0
lam2,151,9.165254592895508,9.195144653320312,408.046875,0.0732128918170929,0.7669728398323059,0.9906595945358276,0.07254486531019211,2.0
lam2,152,14.151698112487793,14.29541015625,672.53125,0.04205311834812164,0.6815472841262817,0.9943426847457886,0.054769303649663925,2.0
lam2,153,13.681575775146484,13.752090454101562,532.515625,0.050822723656892776,0.6689754128456116,0.9936150312423706,0.0656217560172081,2.0
lam2,154,12.526336669921875,12.526336669921875,505.953125,0.05210587754845619,0.7886500358581543,0.9947437047958374,0.06794765591621399,2.0
lam2,155,12.743408203125,12.743408203125,460.984375,0.06323936581611633,0.7083362936973572,0.9948093891143799,0.06862060725688934,2.0
lam2,156,12.23885726928711,12.30224609375,619.859375,0.05672730132937431,0.6316645741462708,0.9958851337432861,0.057750020176172256,2.0
lam2,157,12.880972862243652,13.178021430969238,668.4375,0.046668197959661484,0.6207924485206604,0.9958069324493408,0.0540187694132328,2.0
lam2,158,9.2005615234375,9.2005615234375,368.265625,0.06615579128265381,0.6582774519920349,0.9927625060081482,0.07579764723777771,2.0
lam2,159,13.781986236572266,13.9736328125,694.265625,0.047322940081357956,0.710740327835083,0.9957859516143799,0.05256667360663414,2.0
lam2,160,12.58355712890625,12.58355712890625,490.875,0.06382208317518234,0.6938973665237427,0.9957458972930908,0.06124323233962059,2.0
lam2,161,11.38171672821045,11.609268188476562,467.71875,0.06537878513336182,0.7540537118911743,0.9912703633308411,0.07146796584129333,2.0
lam2,162,11.066106796264648,11.07480525970459,429.53125,0.06604152172803879,0.5593752264976501,0.9918453693389893,0.06788109987974167,2.0
lam2,163,8.139404296875,8.139404296875,406.453125,0.06605681031942368,0.6028324961662292,0.9936529397964478,0.06183766946196556,2.0
lam2,164,13.499725341796875,13.499725341796875,433.296875,0.07159245014190674,0.6092702746391296,0.9906677007675171,0.07141436636447906,2.0
lam2,165,10.29376220703125,10.29376220703125,343.53125,0.08955943584442139,0.6723967790603638,0.9909564256668091,0.07276628166437149,2.0
lam2,166,9.598799705505371,10.101654052734375,503.421875,0.061042819172143936,0.700648844242096,0.9926712512969971,0.06354895979166031,2.0
lam2,167,15.223428726196289,15.3314208984375,529.78125,0.059890031814575195,0.6296229362487793,0.9927718639373779,0.06629441678524017,2.0
lam2,168,11.914214134216309,11.914306640625,646.25,0.048310574144124985,0.568938136100769,0.9966138601303101,0.0565233938395977,2.0
lam2,169,8.792724609375,8.792724609375,370.65625,0.07273651659488678,0.5288577675819397,0.9924284815788269,0.07705142349004745,2.0
lam2,170,8.725715637207031,9.14324951171875,552.171875,0.050951119512319565,0.5427942276000977,0.9897323846817017,0.05731506273150444,2.0
lam2,171,11.115949630737305,11.2264404296875,562.390625,0.0571046844124794,0.4725634455680847,0.9935861825942993,0.062158387154340744,2.0
lam2,172,19.153778076171875,19.216796875,640.9375,0.062150318175554276,0.7021004557609558,0.9951502084732056,0.061683882027864456,2.0
lam2,173,7.243408203125,7.243408203125,294.859375,0.09984374046325684,0.7435286045074463,0.9906432032585144,0.08714469522237778,2.0
lam2,174,19.128662109375,19.128662109375,595.28125,0.055965762585401535,0.6166365742683411,0.9947061538696289,0.062453512102365494,2.0
lam2,175,14.710904121398926,14.72265625,539.578125,0.05061754211783409,0.6323404908180237,0.9947018623352051,0.05813125520944595,2.0
lam2,176,17.645904541015625,17.6689453125,474.015625,0.05923449993133545,0.7337723970413208,0.9913243055343628,0.06546654552221298,2.0
lam2,177,16.70743179321289,16.715576171875,585.734375,0.05240552872419357,0.6660533547401428,0.9949144124984741,0.0627719834446907,2.0
lam2,178,10.816007614135742,10.824798583984375,563.921875,0.04834306985139847,0.6261150240898132,0.9948710203170776,0.06301341205835342,2.0
lam2,179,14.09228515625,14.09228515625,523.453125,0.05290771648287773,0.6351487636566162,0.9939278364181519,0.06806674599647522,2.0
lam2,180,12.116113662719727,12.2198486328125,507.5625,0.05286777764558792,0.7111373543739319,0.982734203338623,0.06624386459589005,2.0
lam2,181,10.934904098510742,11.02392578125,521.359375,0.043279118835926056,0.5656080842018127,0.9930073022842407,0.0626918375492096,2.0
lam2,182,12.913670539855957,13.5321044921875,609.734375,0.05829460918903351,0.7494137287139893,0.9928339719772339,0.05928757041692734,2.0
lam2,183,8.6962890625,8.879608154296875,397.171875,0.06691334396600723,0.8141879439353943,0.9892497062683105,0.07368293404579163,2.0
lam2,184,9.110137939453125,9.21905517578125,508.8125,0.05708833783864975,0.7528715133666992,0.990980327129364,0.06643415987491608,2.0
lam2,185,12.630804061889648,12.919525146484375,683.296875,0.04705538600683212,0.8263142108917236,0.993500828742981,0.05702050402760506,2.0
lam2,186,10.913095474243164,10.943634033203125,380.921875,0.10466686636209488,0.6765416860580444,0.9895834922790527,0.06395451724529266,2.0
lam2,187,10.115814208984375,10.115814208984375,561.265625,0.04970002546906471,0.585969090461731,0.9948304891586304,0.06071966141462326,2.0
lam2,188,12.540925979614258,12.62384033203125,494.859375,0.0582294762134552,0.6964282393455505,0.9926292896270752,0.06760711967945099,2.0
lam2,189,13.557527542114258,13.900382995605469,642.921875,0.052554212510585785,0.6550841331481934,0.9897239804267883,0.05248529091477394,2.0
lam2,190,12.524837493896484,12.762939453125,640.890625,0.0606759712100029,0.9557576775550842,0.9934983253479004,0.06220526993274689,2.0
lam2,191,11.43963623046875,12.29052734375,692.5625,0.04541119560599327,0.6532268524169922,0.9875990152359009,0.0566525012254715,2.0
lam2,192,13.580415725708008,13.60882568359375,543.75,0.0733172819018364,0.7330465316772461,0.9932391047477722,0.0651865005493164,2.0
lam2,193,9.624785423278809,10.258026123046875,626.671875,0.05235537886619568,0.5474643707275391,0.9933115243911743,0.05738206207752228,2.0
lam2,194,10.1951904296875,10.229522705078125,405.734375,0.07566440850496292,0.6991676092147827,0.9878675937652588,0.06800992041826248,2.0
lam2,195,13.468908309936523,13.7119140625,563.53125,0.06886879354715347,0.8344273567199707,0.991497278213501,0.06235861778259277,2.0
lam2,196,10.307482719421387,10.408905029296875,486.84375,0.07125382870435715,0.6010878682136536,0.9922304153442383,0.06381934136152267,2.0
lam2,197,10.003658294677734,10.078521728515625,433.171875,0.07335805892944336,0.6637387275695801,0.9911385178565979,0.06825832277536392,2.0
lam2,198,14.560407638549805,14.813407897949219,600.59375,0.06702091544866562,0.6814945340156555,0.988274872303009,0.056614022701978683,2.0
lam2,199,11.518592834472656,11.96759033203125,822.6875,0.050690487027168274,0.5512010455131531,0.9961146116256714,0.05401001498103142,2.0
lam2,200,17.127849578857422,17.14404296875,561.28125,0.07340747863054276,0.6503105759620667,0.9947395920753479,0.06495076417922974,2.0
lam2,201,12.724737167358398,12.996337890625,663.484375,0.06731073558330536,0.6241118907928467,0.9955801367759705,0.05873122811317444,2.0
lam2,202,10.967405319213867,11.11944580078125,744.859375,0.06446349620819092,0.5544137358665466,0.9973322153091431,0.048988133668899536,2.0
lam2,203,12.572944641113281,12.67242431640625,552.421875,0.08936616033315659,0.6291916370391846,0.9913239479064941,0.06490126997232437,2.0
lam2,204,14.336297988891602,14.4456787109375,519.046875,0.08369892090559006,0.615771472454071,0.9905635118484497,0.06351371109485626,2.0
lam2,205,9.59376335144043,9.6068115234375,466.953125,0.08997782319784164,0.6579914689064026,0.9933732748031616,0.06629925221204758,2.0
lam2,206,10.066468238830566,10.17242431640625,613.765625,0.06823054701089859,0.5271373987197876,0.9936739206314087,0.0596328005194664,2.0
lam2,207,17.64144515991211,17.727783203125,608.375,0.07462195307016373,0.6484859585762024,0.9927240610122681,0.061890922486782074,2.0
lam2,208,18.593502044677734,18.6168212890625,638.015625,0.06883223354816437,0.5722553133964539,0.9950873255729675,0.059019047766923904,2.0
lam2,209,9.82470703125,9.82470703125,486.015625,0.09720757603645325,0.6990448236465454,0.9932568073272705,0.07077980041503906,2.0
lam2,210,13.74056625366211,14.064727783203125,747.015625,0.07586696743965149,0.5949387550354004,0.9968310594558716,0.050497062504291534,2.0
lam2,211,9.741164207458496,10.122699737548828,608.0,0.10406889766454697,0.7368142008781433,0.9943997859954834,0.061229158192873,2.0
lam2,212,12.715442657470703,13.060333251953125,786.5,0.0673433393239975,0.5321288108825684,0.9964861869812012,0.05188792571425438,2.0
lam2,213,10.264495849609375,10.264495849609375,474.203125,0.10655312985181808,0.7318935990333557,0.9940614700317383,0.06628354638814926,2.0
lam2,214,8.998775482177734,9.143783569335938,526.53125,0.08302448689937592,0.5540132522583008,0.9944535493850708,0.05698312819004059,2.0
lam2,215,13.574987411499023,14.502685546875,811.21875,0.06187485158443451,0.6067413687705994,0.9950184226036072,0.0542316697537899,2.0
lam2,216,13.269372940063477,13.297134399414062,567.203125,0.07221633940935135,0.5750464797019958,0.9924241304397583,0.06186746805906296,2.0
lam2,217,12.647904396057129,12.7437744140625,640.109375,0.06754116714000702,0.5543838143348694,0.995285153388977,0.057118918746709824,2.0
lam2,218,17.829177856445312,18.240234375,786.171875,0.06172683835029602,0.597830057144165,0.9958988428115845,0.054766662418842316,2.0
lam2,219,11.099298477172852,11.111328125,490.09375,0.10620847344398499,0.8395119905471802,0.9941294193267822,0.06799262762069702,2.0
lam2,220,13.184552192687988,13.20916748046875,516.890625,0.09098780900239944,0.6588541865348816,0.994204580783844,0.0649813562631607,2.0
lam2,221,12.449503898620605,12.61468505859375,565.03125,0.09614081680774689,0.6638650298118591,0.9935707449913025,0.06273919343948364,2.0
lam2,222,16.993860244750977,17.189208984375,657.984375,0.08245160430669785,0.6364444494247437,0.9951676726341248,0.06312977522611618,2.0
lam2,223,11.461999893188477,11.674560546875,568.265625,0.07767044752836227,0.5584043860435486,0.9940004348754883,0.06387225538492203,2.0
lam2,224,10.71882152557373,11.0701904296875,611.703125,0.07271857559680939,0.5388333797454834,0.9946357011795044,0.05795668810606003,2.0
lam2,225,13.347871780395508,13.513885498046875,693.296875,0.07977344840765,0.8120836019515991,0.9947559833526611,0.05992285907268524,2.0
lam2,226,10.741086959838867,11.22821044921875,645.6875,0.06844133883714676,0.5736744999885559,0.9936158657073975,0.05851753428578377,2.0
lam2,227,10.0896577835083,10.1414794921875,557.09375,0.06974449753761292,0.4935218393802643,0.9952302575111389,0.062005236744880676,2.0
lam2,228,14.407875061035156,14.676513671875,734.453125,0.05698096752166748,0.5958627462387085,0.9948368668556213,0.054823342710733414,2.0
lam2,229,14.68372917175293,15.04345703125,725.640625,0.07248600572347641,0.7177237272262573,0.9947318434715271,0.05663508549332619,2.0
lam2,230,18.53194808959961,18.54083251953125,626.0625,0.0708051323890686,0.7288516759872437,0.994789183139801,0.06155907362699509,2.0
lam2,231,13.052057266235352,13.26470947265625,575.265625,0.08050839602947235,0.6668407917022705,0.9948801398277283,0.06172934174537659,2.0
lam2,232,9.194299697875977,9.206329345703125,586.84375,0.08639150857925415,0.6972945928573608,0.9957159757614136,0.06077326089143753,2.0
lam2,233,12.235612869262695,12.23681640625,456.796875,0.09441640973091125,0.8423101305961609,0.9935744404792786,0.06947360187768936,2.0
lam2,234,16.185226440429688,16.556304931640625,806.875,0.06869713217020035,0.9484254121780396,0.9962599277496338,0.05685441195964813,2.0
lam2,235,16.580936431884766,16.67236328125,698.828125,0.06865725666284561,0.8445297479629517,0.9958423376083374,0.04912537336349487,2.0
lam2,236,10.754083633422852,10.78045654296875,573.1875,0.08371409773826599,0.8448973894119263,0.9943949580192566,0.06198018789291382,2.0
lam2,237,13.071630477905273,13.136962890625,550.125,0.07215456664562225,0.7527403235435486,0.9840563535690308,0.061812810599803925,2.0
lam2,238,9.630239486694336,9.63690185546875,552.875,0.08074619621038437,0.6345846056938171,0.9949787855148315,0.062470853328704834,2.0
lam2,239,11.442398071289062,12.002532958984375,799.296875,0.05298526585102081,0.6843117475509644,0.9956872463226318,0.05199194699525833,2.0
lam2,240,13.898470878601074,14.0328369140625,671.875,0.0744045227766037,0.7600897550582886,0.9962579011917114,0.05874351039528847,2.0
lam2,241,8.549455642700195,8.628761291503906,597.421875,0.07002367079257965,0.5989742875099182,0.9962508678436279,0.05729758366942406,2.0
lam2,242,7.787328720092773,7.86126708984375,541.78125,0.07980599254369736,0.6387537121772766,0.9949225783348083,0.06347298622131348,2.0
lam2,243,14.669413566589355,14.677001953125,538.53125,0.08195293694734573,0.7873952388763428,0.9949826002120972,0.06271722912788391,2.0
lam2,244,13.846369743347168,13.906982421875,515.75,0.08264831453561783,0.8030065894126892,0.9945790767669678,0.06116475909948349,2.0
lam2,245,16.172590255737305,16.1943359375,472.1875,0.07599855214357376,0.6225568056106567,0.9922990798950195,0.06347009539604187,2.0
lam2,246,7.764121055603027,7.805763244628906,438.984375,0.09091512113809586,0.6954282522201538,0.9928013682365417,0.07105857133865356,2.0
lam2,247,18.256999969482422,18.264404296875,606.765625,0.07315036654472351,0.7139997482299805,0.9955203533172607,0.06045583635568619,2.0
lam2,248,21.990337371826172,22.003662109375,560.8125,0.09096764028072357,0.8505249619483948,0.9934195280075073,0.06665421277284622,2.0
lam2,249,10.297609329223633,10.3060302734375,608.0625,0.05423128232359886,0.5171934962272644,0.9961696863174438,0.054345231503248215,2.0
lam2,250,12.29852294921875,12.4532470703125,529.671875,0.0786336287856102,0.5963602662086487,0.9932836294174194,0.05952627584338188,2.0
lam4,1,0.5138224363327026,0.519744873046875,327.640625,1.4608115877969702e-13,0.9736951589584351,0.9156233072280884,0.16941587626934052,4.0
lam4,2,2.7558882236480713,2.8269577026367188,171.609375,0.0005960030248388648,0.8329685926437378,0.9306132793426514,0.21311011910438538,4.0
lam4,3,4.304348945617676,4.313232421875,272.75,0.0012847970938310027,0.9078510999679565,0.928119421005249,0.20075632631778717,4.0
lam4,4,5.358919143676758,5.44183349609375,239.53125,0.003021783195436001,0.9758431911468506,0.9308561086654663,0.19754062592983246,4.0
lam4,5,3.7656750679016113,3.772430419921875,297.546875,0.003146248171105981,0.6602290868759155,0.9339998960494995,0.19078172743320465,4.0
lam4,6,4.463092803955078,4.593479156494141,358.375,0.0048195980489254,0.6688326597213745,0.938327968120575,0.1675863265991211,4.0
lam4,7,6.753242492675781,6.753242492675781,415.640625,0.005907269660383463,1.0142685174942017,0.9595372676849365,0.16832119226455688,4.0
lam4,8,6.724960803985596,6.729217529296875,333.078125,0.011082319542765617,0.7384807467460632,0.9386423230171204,0.17947424948215485,4.0
lam4,9,10.77734375,10.77734375,342.09375,0.011143961921334267,0.6867955923080444,0.9589023590087891,0.18571725487709045,4.0
lam4,10,7.645853042602539,7.716922760009766,253.40625,0.0174582339823246,0.8681640028953552,0.9436123371124268,0.1938323974609375,4.0
lam4,11,6.95430850982666,6.97503662109375,235.75,0.02132410928606987,0.776367723941803,0.925809383392334,0.22263392806053162,4.0
lam4,12,5.672079563140869,5.686885833740234,162.8125,0.04586223140358925,0.7980445027351379,0.9371495246887207,0.22808128595352173,4.0
lam4,13,10.440185546875,10.440185546875,276.203125,0.021586822345852852,0.9211339950561523,0.9327741861343384,0.2044428437948227,4.0
lam4,14,6.544040679931641,6.544040679931641,356.828125,0.02223806641995907,0.7710157632827759,0.955024003982544,0.19169721007347107,4.0
lam4,15,5.849327087402344,5.849327087402344,309.40625,0.03284892812371254,0.8722779154777527,0.9533922672271729,0.1782732754945755,4.0
lam4,16,9.71453857421875,9.71453857421875,314.09375,0.030819270759820938,0.7234165668487549,0.9423131942749023,0.18106654286384583,4.0
lam4,17,9.781038284301758,9.781038284301758,427.625,0.02832072786986828,0.8010768294334412,0.9577136039733887,0.17149704694747925,4.0
lam4,18,8.780776977539062,8.780776977539062,393.34375,0.03519238531589508,0.8103366494178772,0.9419867396354675,0.1690114289522171,4.0
lam4,19,12.083343505859375,12.083343505859375,399.03125,0.03322487697005272,0.7906846404075623,0.9603577852249146,0.16504722833633423,4.0
lam4,20,8.320556640625,8.320556640625,321.671875,0.033889878541231155,0.7277629375457764,0.9398403167724609,0.1947914958000183,4.0
lam4,21,13.166244506835938,13.26220703125,599.703125,0.028070250526070595,0.7092230916023254,0.9743355512619019,0.14617517590522766,4.0
lam4,22,8.947417259216309,8.96185302734375,441.15625,0.03046630136668682,0.5649823546409607,0.9629978537559509,0.161817267537117,4.0
lam4,23,6.447954177856445,6.447954177856445,263.078125,0.044153690338134766,0.5903111100196838,0.9506357908248901,0.20011064410209656,4.0
lam4,24,15.1190185546875,15.1190185546875,383.078125,0.03422285616397858,0.6872454881668091,0.9665418267250061,0.15508227050304413,4.0
lam4,25,5.051019668579102,5.051019668579102,286.359375,0.04062393680214882,0.550164520740509,0.9363389611244202,0.17941851913928986,4.0
lam4,26,5.454378128051758,5.573474884033203,341.109375,0.04227178543806076,0.5762253403663635,0.9512304067611694,0.15431705117225647,4.0
lam4,27,13.31689453125,13.31689453125,396.71875,0.04012323170900345,0.7255215644836426,0.9635931253433228,0.16648198664188385,4.0
lam4,28,9.012029647827148,9.030166625976562,291.71875,0.040496576577425,0.605312168598175,0.9533873796463013,0.16057957708835602,4.0
lam4,29,4.694380760192871,4.9580230712890625,378.59375,0.03204025700688362,0.5340352654457092,0.9407486915588379,0.15105925500392914,4.0
lam4,30,10.145023345947266,10.245704650878906,409.125,0.04779284447431564,0.7622749209403992,0.9545215964317322,0.16743625700473785,4.0
lam4,31,8.524551391601562,8.5574951171875,277.15625,0.05599045380949974,0.5732929706573486,0.9398006200790405,0.19303026795387268,4.0
lam4,32,11.91650390625,11.91650390625,413.71875,0.048260971903800964,0.8823055028915405,0.9610803723335266,0.15924130380153656,4.0
lam4,33,3.246065139770508,3.3289794921875,256.5625,0.07261031866073608,0.675247073173523,0.9513403177261353,0.18607333302497864,4.0
lam4,34,10.644294738769531,10.644294738769531,227.359375,0.06153309345245361,0.5605247020721436,0.9411731362342834,0.19069889187812805,4.0
lam4,35,7.538719177246094,7.538719177246094,185.625,0.06460363417863846,0.583807647228241,0.9192156791687012,0.2170799821615219,4.0
lam4,36,11.459300994873047,11.466796875,464.375,0.03798394277691841,0.6108941435813904,0.9634658694267273,0.15445612370967865,4.0
lam4,37,11.790536880493164,11.83837890625,559.953125,0.037265948951244354,0.6713119149208069,0.9666533470153809,0.14228323101997375,4.0
lam4,38,6.7826995849609375,6.7826995849609375,234.796875,0.07161982357501984,0.5618495941162109,0.9393787384033203,0.20046715438365936,4.0
lam4,39,10.786125183105469,10.793991088867188,512.765625,0.04693093150854111,0.6000906825065613,0.9473737478256226,0.15549197793006897,4.0
lam4,40,9.058649063110352,9.603515625,508.75,0.05145848169922829,0.7127111554145813,0.9678831100463867,0.13841105997562408,4.0
lam4,41,13.734258651733398,13.77099609375,555.9375,0.04826789349317551,0.650497555732727,0.9628241062164307,0.14074309170246124,4.0
lam4,42,9.05040168762207,9.090377807617188,369.90625,0.05843328684568405,0.5539619326591492,0.9625530242919922,0.15921567380428314,4.0
lam4,43,9.572154998779297,9.98117446899414,466.78125,0.051186058670282364,0.44133514165878296,0.9548189043998718,0.1552344411611557,4.0
lam4,44,13.797006607055664,13.93072509765625,538.234375,0.06447770446538925,0.5982782244682312,0.9721258282661438,0.13984417915344238,4.0
lam4,45,13.228118896484375,13.262451171875,429.140625,0.0611916147172451,0.7250139117240906,0.971032977104187,0.1441817730665207,4.0
lam4,46,10.201301574707031,10.5042724609375,598.640625,0.04743162915110588,0.5393782258033752,0.9655041694641113,0.1379881650209427,4.0
lam4,47,8.610458374023438,8.93267822265625,463.46875,0.06474046409130096,0.4958917200565338,0.9580014944076538,0.14474473893642426,4.0
lam4,48,11.409034729003906,11.522857666015625,672.84375,0.06778531521558762,0.7509755492210388,0.9738023281097412,0.13418056070804596,4.0
lam4,49,17.276968002319336,17.353683471679688,688.875,0.060132209211587906,0.6145745515823364,0.9794657826423645,0.14080075919628143,4.0
lam4,50,19.422229766845703,19.5950927734375,753.625,0.05443764850497246,0.6208145618438721,0.9783347845077515,0.13275641202926636,4.0
lam4,51,9.878279685974121,9.9027099609375,446.90625,0.06699308007955551,0.5333133935928345,0.9700330495834351,0.15639907121658325,4.0
lam4,52,10.848048210144043,10.99462890625,626.234375,0.05546541139483452,0.7382692694664001,0.9748225808143616,0.13879773020744324,4.0
lam4,53,10.149709701538086,10.202178955078125,518.65625,0.056823428720235825,0.5889272689819336,0.9664541482925415,0.14549264311790466,4.0
lam4,54,18.260353088378906,18.27099609375,585.671875,0.0542607456445694,0.692065417766571,0.9711025357246399,0.14070247113704681,4.0
lam4,55,11.598012924194336,11.653350830078125,511.65625,0.06119231507182121,0.8297160863876343,0.9699050188064575,0.14433002471923828,4.0
lam4,56,10.825172424316406,10.825172424316406,380.40625,0.08706352114677429,0.63629549741745,0.9687926173210144,0.15319770574569702,4.0
lam4,57,10.984403610229492,11.1248779296875,446.625,0.06317920982837677,0.714131236076355,0.9702887535095215,0.14631861448287964,4.0
lam4,58,13.547821044921875,13.547821044921875,454.28125,0.07172723114490509,0.7624462842941284,0.9680731892585754,0.1660224199295044,4.0
lam4,59,13.289313316345215,13.33447265625,644.140625,0.061074480414390564,0.8849661946296692,0.9739720225334167,0.14209580421447754,4.0
lam4,60,9.282196998596191,9.2935791015625,460.4375,0.0695875808596611,0.8883933424949646,0.9639089107513428,0.16583475470542908,4.0
lam4,61,10.098377227783203,10.340087890625,458.515625,0.053846415132284164,0.6574336290359497,0.9519785642623901,0.148870050907135,4.0
lam4,62,8.10668659210205,8.1728515625,480.640625,0.04833437502384186,0.7171685099601746,0.9589453339576721,0.1403331607580185,4.0
lam4,63,10.011276245117188,10.011276245117188,387.75,0.06799308210611343,0.7353071570396423,0.9719986319541931,0.15303142368793488,4.0
lam4,64,10.18618106842041,10.562812805175781,586.140625,0.050106246024370193,0.930199921131134,0.9669578075408936,0.14594435691833496,4.0
lam4,65,10.23876953125,10.23876953125,303.546875,0.10012942552566528,0.7222667932510376,0.9483769536018372,0.19860121607780457,4.0
lam4,66,7.332275390625,7.332275390625,483.296875,0.0696483701467514,0.9317644238471985,0.9725675582885742,0.15166160464286804,4.0
lam4,67,11.453269958496094,11.826385498046875,699.3125,0.034334197640419006,0.6806198954582214,0.9765896201133728,0.1146312728524208,4.0
lam4,68,9.994152069091797,10.01025390625,436.5625,0.07678262889385223,0.8874433636665344,0.9603912830352783,0.1595272570848465,4.0
lam4,69,11.738391876220703,11.793914794921875,541.3125,0.06325686722993851,1.022191047668457,0.9680300354957581,0.14601482450962067,4.0
lam4,70,10.342042922973633,10.3734130859375,364.203125,0.07544956356287003,0.7705848813056946,0.9309661984443665,0.18263442814350128,4.0
lam4,71,8.411239624023438,8.411239624023438,445.234375,0.049071576446294785,0.6239607334136963,0.9624146223068237,0.15897439420223236,4.0
lam4,72,11.101924896240234,11.144493103027344,500.390625,0.04552016407251358,0.6777008771896362,0.9632048606872559,0.1516241580247879,4.0
lam4,73,7.065155029296875,7.065155029296875,310.5,0.0847461074590683,0.6890968680381775,0.9512776136398315,0.18787215650081635,4.0
lam4,74,13.034517288208008,13.12890625,676.765625,0.03885095193982124,0.64446622133255,0.9796480536460876,0.1359751671552658,4.0
lam4,75,11.95749282836914,12.0545654296875,477.71875,0.04799375683069229,0.7083649635314941,0.9709315299987793,0.14057116210460663,4.0
lam4,76,11.204938888549805,11.246673583984375,493.6875,0.058955997228622437,0.7559983730316162,0.9714730978012085,0.14698603749275208,4.0
lam4,77,9.239810943603516,9.26239013671875,379.734375,0.07218516618013382,0.7100789546966553,0.969995379447937,0.14035050570964813,4.0
lam4,78,13.990028381347656,14.218505859375,661.109375,0.04026675969362259,0.6883580684661865,0.9779340028762817,0.12720590829849243,4.0
lam4,79,14.675739288330078,14.676849365234375,407.46875,0.04665590077638626,0.5601149201393127,0.9612603783607483,0.16074125468730927,4.0
lam4,80,8.146286010742188,8.146286010742188,274.25,0.067512646317482,0.653492271900177,0.9540950059890747,0.1909671276807785,4.0
lam4,81,8.056497573852539,8.151535034179688,390.8125,0.053704310208559036,0.5772128701210022,0.9585438966751099,0.15461213886737823,4.0
lam4,82,16.816761016845703,16.81787109375,520.390625,0.04924089089035988,0.8310574293136597,0.9703395366668701,0.15723255276679993,4.0
lam4,83,7.511688232421875,7.511688232421875,319.84375,0.07821822911500931,0.9535987377166748,0.9475967884063721,0.20044994354248047,4.0
lam4,84,11.489484786987305,11.757568359375,641.28125,0.04625442996621132,0.6245542168617249,0.9705477952957153,0.13972419500350952,4.0
lam4,85,13.569372177124023,14.030029296875,658.1875,0.04460389167070389,0.7568296790122986,0.9744067788124084,0.13352549076080322,4.0
lam4,86,12.066242218017578,12.08447265625,658.5,0.039400335401296616,0.7143381834030151,0.9812950491905212,0.13432125747203827,4.0
lam4,87,11.853797912597656,11.854537963867188,543.515625,0.051793284714221954,0.75482177734375,0.9716160893440247,0.14535339176654816,4.0
lam4,88,11.313944816589355,11.3502197265625,493.390625,0.04883451759815216,0.4945388734340668,0.9640382528305054,0.15950240194797516,4.0
lam4,89,13.750011444091797,13.832000732421875,458.109375,0.05361416935920715,0.6969268321990967,0.9585637450218201,0.1703534871339798,4.0
lam4,90,12.557628631591797,12.560867309570312,411.28125,0.0708933174610138,0.7971643805503845,0.9556626081466675,0.16701608896255493,4.0
lam4,91,16.825023651123047,16.843994140625,493.828125,0.05337339639663696,0.7104023098945618,0.9745365381240845,0.14670999348163605,4.0
lam4,92,13.086719512939453,13.4716796875,673.453125,0.047837819904088974,0.6537808775901794,0.9703072309494019,0.1319725513458252,4.0
lam4,93,12.535831451416016,12.604217529296875,460.109375,0.06485428661108017,0.6145058870315552,0.9657031297683716,0.15407949686050415,4.0
lam4,94,9.873359680175781,9.8927001953125,349.921875,0.12297926098108292,0.5536612868309021,0.9595012664794922,0.16896440088748932,4.0
lam4,95,10.672822952270508,10.811630249023438,576.484375,0.06959051638841629,0.5682985186576843,0.9663791656494141,0.1402798295021057,4.0
lam4,96,12.411858558654785,12.687345504760742,651.15625,0.05541863292455673,0.5931010842323303,0.9690747261047363,0.1466314196586609,4.0
lam4,97,9.733503341674805,9.933849334716797,581.71875,0.053263723850250244,0.45973819494247437,0.9712526798248291,0.1350345015525818,4.0
lam4,98,14.893798828125,14.893798828125,484.296875,0.07876911014318466,0.6468873023986816,0.9693264961242676,0.1626100093126297,4.0
lam4,99,9.55291748046875,9.55291748046875,280.421875,0.11636665463447571,0.5489964485168457,0.9584621787071228,0.1832113265991211,4.0
lam4,100,14.671867370605469,14.76708984375,482.5,0.07394757121801376,0.6799026727676392,0.9697849750518799,0.149177685379982,4.0
lam4,101,2.556846857070923,2.5589752197265625,299.515625,0.12075704336166382,0.560543417930603,0.9537758231163025,0.20318607985973358,4.0
lam4,102,5.567157745361328,5.567157745361328,321.9375,0.10440786927938461,0.9740335941314697,0.9482443332672119,0.18373942375183105,4.0
lam4,103,12.028519630432129,12.031295776367188,420.421875,0.07437630742788315,0.7603411078453064,0.9683640003204346,0.15479640662670135,4.0
lam4,104,14.428140640258789,14.55908203125,566.3125,0.05528537184000015,0.614167332649231,0.9712146520614624,0.1433311253786087,4.0
lam4,105,12.505035400390625,12.505035400390625,401.59375,0.07381098717451096,0.6016231179237366,0.9613862037658691,0.16128213703632355,4.0
lam4,106,5.926241874694824,5.988983154296875,473.3125,0.07766564935445786,0.8096370100975037,0.964107871055603,0.15414604544639587,4.0
lam4,107,13.753475189208984,13.762451171875,470.40625,0.06777327507734299,0.854598343372345,0.965510904788971,0.15202152729034424,4.0
lam4,108,16.838577270507812,17.1494140625,708.171875,0.05648529529571533,0.8987855315208435,0.973374605178833,0.1332606077194214,4.0
lam4,109,9.977054595947266,10.088470458984375,484.03125,0.05306873098015785,0.5984723567962646,0.9730129241943359,0.1316695511341095,4.0
lam4,110,10.338983535766602,10.7291259765625,406.65625,0.09200838208198547,0.6227103471755981,0.9581582546234131,0.15809528529644012,4.0
lam4,111,14.751953125,14.751953125,384.453125,0.08274988830089569,0.6672143340110779,0.9639043807983398,0.17577201128005981,4.0
lam4,112,13.020859718322754,13.0709228515625,654.734375,0.05269918218255043,0.6237832903862,0.9759386777877808,0.12984363734722137,4.0
lam4,113,7.630293846130371,7.67767333984375,469.8125,0.05338675528764725,0.4616299271583557,0.9720650911331177,0.13233862817287445,4.0
lam4,114,16.632177352905273,16.829376220703125,607.921875,0.06311344355344772,0.5376821160316467,0.974217414855957,0.12809450924396515,4.0
lam4,115,9.4674072265625,9.4674072265625,397.671875,0.07403171807527542,0.6369993090629578,0.9666714668273926,0.1594657450914383,4.0
lam4,116,12.932561874389648,13.26727294921875,661.828125,0.06858211755752563,0.7599276900291443,0.975549042224884,0.12298403680324554,4.0
lam4,117,18.54515838623047,18.56884765625,663.890625,0.0710914209485054,0.7835531830787659,0.977283239364624,0.14041748642921448,4.0
lam4,118,11.639535903930664,11.660820007324219,482.78125,0.09377516061067581,0.7191802859306335,0.9702028632164001,0.14717039465904236,4.0
lam4,119,7.438518047332764,7.56640625,384.625,0.0930040180683136,0.7137141227722168,0.9539123773574829,0.17062750458717346,4.0
lam4,120,9.270505905151367,9.2965087890625,466.5625,0.07035428285598755,0.7111998200416565,0.9606648683547974,0.15261109173297882,4.0
lam4,121,13.908733367919922,13.920578002929688,535.96875,0.06653816252946854,0.6744367480278015,0.9713888168334961,0.14559416472911835,4.0
lam4,122,8.606146812438965,8.699333190917969,455.96875,0.0805126428604126,0.6771275401115417,0.9622654318809509,0.1425108015537262,4.0
lam4,123,7.0844268798828125,7.0844268798828125,301.875,0.08313751220703125,0.5235170722007751,0.9584206342697144,0.1746300309896469,4.0
lam4,124,10.961858749389648,10.972038269042969,492.484375,0.051899973303079605,0.5111022591590881,0.9709805250167847,0.147434264421463,4.0
lam4,125,15.974973678588867,15.9837646484375,531.453125,0.07605303078889847,0.7778883576393127,0.9744743704795837,0.14492520689964294,4.0
lam4,126,11.119125366210938,11.2437744140625,627.5,0.06771321594715118,0.7205045223236084,0.9840561151504517,0.1196633130311966,4.0
lam4,127,15.387137413024902,15.72314453125,536.859375,0.07078666985034943,0.5398733615875244,0.9601820707321167,0.14047229290008545,4.0
lam4,128,10.775897979736328,10.7969970703125,518.46875,0.06993550062179565,0.724143385887146,0.9741621017456055,0.145160511136055,4.0
lam4,129,13.794540405273438,14.025146484375,599.15625,0.06635463237762451,0.5775375366210938,0.9751114249229431,0.13608255982398987,4.0
lam4,130,10.119308471679688,10.292633056640625,642.046875,0.07494956254959106,0.8735508322715759,0.9726788401603699,0.13291604816913605,4.0
lam4,131,11.525634765625,11.525634765625,423.28125,0.08748839795589447,0.6435753703117371,0.966930627822876,0.16505593061447144,4.0
lam4,132,12.346932411193848,13.002197265625,883.328125,0.04817652329802513,0.6504232287406921,0.9851033687591553,0.11594242602586746,4.0
lam4,133,11.584627151489258,11.624603271484375,506.421875,0.07502881437540054,0.6525000929832458,0.9721648693084717,0.15122926235198975,4.0
lam4,134,14.616166114807129,14.881103515625,669.421875,0.07300213724374771,0.7947061061859131,0.9747459888458252,0.13827241957187653,4.0
lam4,135,10.786308288574219,10.80167007446289,654.53125,0.0794546902179718,0.8516098856925964,0.9783602356910706,0.1431940644979477,4.0
lam4,136,12.34969711303711,12.43603515625,504.96875,0.10792198777198792,0.6966054439544678,0.9684948921203613,0.16454486548900604,4.0
lam4,137,6.757866859436035,6.82440185546875,503.90625,0.08064421266317368,0.5897909998893738,0.967610239982605,0.16165459156036377,4.0
lam4,138,13.597221374511719,13.72686767578125,597.21875,0.06497786939144135,0.7327033281326294,0.977143406867981,0.1389804184436798,4.0
lam4,139,12.304731369018555,12.316390991210938,564.703125,0.07905757427215576,0.745069682598114,0.9783730506896973,0.1313818097114563,4.0
lam4,140,13.325704574584961,13.567230224609375,539.390625,0.09185051918029785,0.6502566933631897,0.9703961610794067,0.14906930923461914,4.0
lam4,141,11.139204025268555,11.421630859375,689.75,0.06109027937054634,0.7129513621330261,0.9742711782455444,0.13364793360233307,4.0
lam4,142,12.598357200622559,12.670074462890625,466.21875,0.08611747622489929,0.6243848204612732,0.9699826240539551,0.1506657600402832,4.0
lam4,143,14.958983421325684,15.168212890625,651.953125,0.06684017181396484,0.6207308769226074,0.9799143075942993,0.13082632422447205,4.0
lam4,144,12.839401245117188,12.94683837890625,602.640625,0.07810664176940918,0.7266033887863159,0.9798943996429443,0.1287233531475067,4.0
lam4,145,8.45091438293457,8.73583984375,383.5,0.12289509922266006,0.5464891791343689,0.9609781503677368,0.16311527788639069,4.0
lam4,146,14.6444091796875,14.6444091796875,427.65625,0.1042347401380539,0.6111943125724792,0.9696188569068909,0.16234131157398224,4.0
lam4,147,12.8306884765625,12.8306884765625,385.421875,0.12077754735946655,0.7838236689567566,0.9652313590049744,0.17613515257835388,4.0
lam4,148,10.88709831237793,10.9173583984375,529.6875,0.08619895577430725,0.722697377204895,0.9737541675567627,0.1494222730398178,4.0
lam4,149,13.745402336120605,13.858299255371094,525.0,0.07562628388404846,0.6320486664772034,0.9700167179107666,0.15959784388542175,4.0
lam4,150,7.997152328491211,8.199256896972656,498.9375,0.07562538236379623,0.7178511619567871,0.9674055576324463,0.155273899435997,4.0
lam4,151,10.19640827178955,10.196685791015625,363.015625,0.10314016044139862,0.7816115617752075,0.9521946907043457,0.18392255902290344,4.0
lam4,152,15.684928894042969,15.8203125,670.109375,0.050812844187021255,0.5942087173461914,0.9781414270401001,0.12564623355865479,4.0
lam4,153,14.639183044433594,14.6656494140625,505.859375,0.07700873166322708,0.6665535569190979,0.971599280834198,0.15136867761611938,4.0
lam4,154,13.3743896484375,13.3743896484375,483.4375,0.07358086109161377,0.8104695081710815,0.9711079597473145,0.15610156953334808,4.0
lam4,155,13.001983642578125,13.001983642578125,402.9375,0.08164134621620178,0.7278550267219543,0.9683929681777954,0.17475692927837372,4.0
lam4,156,13.15434455871582,13.23559284210205,587.734375,0.07178588211536407,0.6304861307144165,0.9716874361038208,0.14655785262584686,4.0
lam4,157,13.450183868408203,13.619251251220703,627.34375,0.061334241181612015,0.6607391238212585,0.9800860285758972,0.13037848472595215,4.0
lam4,158,10.9625244140625,10.9625244140625,355.234375,0.08684393763542175,0.6172424554824829,0.9626977443695068,0.1716122031211853,4.0
lam4,159,13.951102256774902,14.13525390625,700.8125,0.06531676650047302,0.8456417918205261,0.9802975058555603,0.12866568565368652,4.0
lam4,160,12.698524475097656,12.698524475097656,482.8125,0.08748044818639755,0.7580609321594238,0.9777158498764038,0.14326399564743042,4.0
lam4,161,11.934995651245117,12.0640869140625,461.8125,0.09321040660142899,0.8055780529975891,0.9621725082397461,0.15572036802768707,4.0
lam4,162,10.983772277832031,10.983772277832031,432.5,0.09506673365831375,0.6656003594398499,0.9658788442611694,0.1622411161661148,4.0
lam4,163,8.069002151489258,8.080291748046875,471.203125,0.0819849893450737,0.643380343914032,0.9713702201843262,0.14904001355171204,4.0
lam4,164,14.324285507202148,14.3294677734375,461.84375,0.09347252547740936,0.6386809349060059,0.9673053026199341,0.1449938416481018,4.0
lam4,165,11.637481689453125,11.637481689453125,374.671875,0.1119670495390892,0.7361035346984863,0.9588325023651123,0.15843866765499115,4.0
lam4,166,10.498006820678711,11.003543853759766,486.328125,0.08192888647317886,0.7876436114311218,0.9613243341445923,0.1473674476146698,4.0
lam4,167,15.246810913085938,15.4716796875,508.5625,0.07666938006877899,0.6151610612869263,0.9662476778030396,0.15047955513000488,4.0
lam4,168,12.683198928833008,12.7431640625,706.125,0.06345698237419128,0.6162696480751038,0.9795995950698853,0.14090032875537872,4.0
lam4,169,9.902937889099121,9.93597412109375,399.765625,0.08498857915401459,0.47767066955566406,0.9557930827140808,0.1737685203552246,4.0
lam4,170,9.53151798248291,9.960433959960938,555.53125,0.07216338068246841,0.5536322593688965,0.956702709197998,0.1310342401266098,4.0
lam4,171,12.432411193847656,12.547714233398438,570.8125,0.06672416627407074,0.4621526598930359,0.9704397916793823,0.14226505160331726,4.0
lam4,172,19.96813201904297,20.0205078125,664.328125,0.07811524718999863,0.71014404296875,0.9785314798355103,0.14421911537647247,4.0
lam4,173,8.306396484375,8.306396484375,329.9375,0.13693401217460632,0.7551957964897156,0.9637937545776367,0.18163034319877625,4.0
lam4,174,19.429443359375,19.429443359375,590.65625,0.07094361633062363,0.6354953050613403,0.9728847742080688,0.1566818803548813,4.0
lam4,175,14.944055557250977,14.964599609375,556.265625,0.06924799084663391,0.6017833948135376,0.9755921363830566,0.1287882775068283,4.0
lam4,176,19.172775268554688,19.172775268554688,467.65625,0.09558167308568954,0.6582985520362854,0.9678966999053955,0.15985605120658875,4.0
lam4,177,16.777957916259766,16.85791015625,564.0625,0.06815445423126221,0.6321011185646057,0.9720683693885803,0.15731601417064667,4.0
lam4,178,10.941471099853516,10.9439697265625,584.84375,0.059340089559555054,0.6163734793663025,0.9795886874198914,0.13824012875556946,4.0
lam4,179,14.40234375,14.40234375,527.25,0.0670008435845375,0.6313990354537964,0.9679754972457886,0.16680780053138733,4.0
lam4,180,13.265669822692871,13.304443359375,507.359375,0.07154065370559692,0.6669647097587585,0.9649505615234375,0.14891521632671356,4.0
lam4,181,10.731298446655273,10.80810546875,499.875,0.06947333365678787,0.5079289078712463,0.9655364751815796,0.14009606838226318,4.0
lam4,182,13.263959884643555,13.6810302734375,572.859375,0.08543401211500168,0.6384902596473694,0.966711163520813,0.14219564199447632,4.0
lam4,183,10.433645248413086,10.589202880859375,407.78125,0.09986446052789688,0.681429386138916,0.9601776003837585,0.17333455383777618,4.0
lam4,184,9.065195083618164,9.17596435546875,470.9375,0.08821073174476624,0.6328867673873901,0.9621644020080566,0.1521369367837906,4.0
lam4,185,13.644577026367188,13.80078125,691.6875,0.06282181292772293,0.7183383703231812,0.9692490100860596,0.1400030255317688,4.0
lam4,186,11.281005859375,11.281005859375,327.5625,0.11483854800462723,0.6556899547576904,0.9544370174407959,0.18557262420654297,4.0
lam4,187,10.961151123046875,10.961151123046875,536.796875,0.06466872245073318,0.5337594151496887,0.9765074253082275,0.14226248860359192,4.0
lam4,188,13.9613037109375,13.9613037109375,507.46875,0.08770553022623062,0.6161172986030579,0.9717051386833191,0.15990790724754333,4.0
lam4,189,14.501575469970703,14.7318115234375,602.1875,0.08255123347043991,0.6231766939163208,0.9752267599105835,0.1435621976852417,4.0
lam4,190,14.368332862854004,14.392578125,577.46875,0.08504131436347961,0.816563069820404,0.969791054725647,0.15078258514404297,4.0
lam4,191,12.248737335205078,12.424560546875,566.65625,0.06969679892063141,0.6298986077308655,0.9592952728271484,0.14822569489479065,4.0
lam4,192,13.762451171875,13.762451171875,458.9375,0.09544505178928375,0.6169984936714172,0.9751725196838379,0.15091527998447418,4.0
lam4,193,10.375805854797363,10.77001953125,568.125,0.07680848240852356,0.5331435799598694,0.972271203994751,0.1374199539422989,4.0
lam4,194,10.99639892578125,10.99639892578125,408.5,0.12143395096063614,0.6980180740356445,0.9568861722946167,0.1842445582151413,4.0
lam4,195,14.28036880493164,14.33154296875,501.859375,0.09977392107248306,0.7496656775474548,0.9665380716323853,0.15390567481517792,4.0
lam4,196,10.169393539428711,10.198450088500977,507.84375,0.0856776162981987,0.49229463934898376,0.969218373298645,0.1494998186826706,4.0
lam4,197,10.656291961669922,10.656291961669922,428.5625,0.10232703387737274,0.5899172425270081,0.9687991142272949,0.1651090532541275,4.0
lam4,198,15.248310089111328,15.329559326171875,516.21875,0.09619356691837311,0.6643007397651672,0.9573396444320679,0.14970006048679352,4.0
lam4,199,11.561521530151367,11.644805908203125,622.078125,0.08044390380382538,0.5801284313201904,0.9752465486526489,0.14963601529598236,4.0
lam4,200,17.3056640625,17.3056640625,462.953125,0.08967352658510208,0.6332976818084717,0.9695308804512024,0.16142670810222626,4.0
lam4,201,14.11296272277832,14.17431640625,580.828125,0.0873708575963974,0.672814667224884,0.9753440618515015,0.1467590481042862,4.0
lam4,202,11.252979278564453,11.3858642578125,668.9375,0.07669845223426819,0.5130471587181091,0.9824308753013611,0.12991014122962952,4.0
lam4,203,12.266525268554688,12.266525268554688,458.1875,0.10851775854825974,0.6827907562255859,0.9536532163619995,0.17330417037010193,4.0
lam4,204,15.01123046875,15.01123046875,424.140625,0.11482923477888107,0.6910147666931152,0.9659171104431152,0.1707698404788971,4.0
lam4,205,9.858510971069336,9.8623046875,394.90625,0.13337813317775726,0.6806141138076782,0.956486165523529,0.18900816142559052,4.0
lam4,206,11.295374870300293,11.343124389648438,541.015625,0.0854833722114563,0.5978752374649048,0.9739448428153992,0.13672253489494324,4.0
lam4,207,17.01318359375,17.01318359375,481.375,0.0932713970541954,0.7035733461380005,0.9707444906234741,0.1561274528503418,4.0
lam4,208,19.424636840820312,19.4375,521.328125,0.08235135674476624,0.6220795512199402,0.970394492149353,0.15356403589248657,4.0
lam4,209,10.645263671875,10.645263671875,438.703125,0.12891606986522675,0.7250110507011414,0.9727256298065186,0.15627023577690125,4.0
lam4,210,13.831781387329102,13.91534423828125,609.5,0.09368031471967697,0.6366597414016724,0.9789981245994568,0.13253960013389587,4.0
lam4,211,10.251524925231934,10.3060302734375,501.859375,0.10984938591718674,0.8092164397239685,0.9658946394920349,0.1642681360244751,4.0
lam4,212,12.834417343139648,13.3609619140625,744.5,0.08095754683017731,0.5472882390022278,0.9815706610679626,0.11777652055025101,4.0
lam4,213,11.58001708984375,11.58001708984375,392.796875,0.1714978814125061,0.7796473503112793,0.968188464641571,0.174327090382576,4.0
lam4,214,9.413818359375,9.413818359375,373.859375,0.13935525715351105,0.6712469458580017,0.9671262502670288,0.16290299594402313,4.0
lam4,215,13.615622520446777,14.29541015625,694.734375,0.08392695337533951,0.6468977928161621,0.974952757358551,0.1283695101737976,4.0
lam4,216,13.620936393737793,13.62139892578125,525.84375,0.09835522621870041,0.6761161684989929,0.9727959632873535,0.15204927325248718,4.0
lam4,217,12.70048713684082,12.7132568359375,547.203125,0.09372267127037048,0.6030765175819397,0.9705638885498047,0.15481902658939362,4.0
lam4,218,17.668010711669922,17.72705078125,654.03125,0.08975159376859665,0.6850476264953613,0.9729491472244263,0.14694653451442719,4.0
lam4,219,11.358642578125,11.358642578125,411.25,0.1313452571630478,0.90566486120224,0.9675246477127075,0.15973933041095734,4.0
lam4,220,13.6680908203125,13.6680908203125,408.5625,0.11549855023622513,0.7042694091796875,0.9633874893188477,0.16576290130615234,4.0
lam4,221,12.4859619140625,12.4859619140625,437.609375,0.13652469217777252,0.7378491759300232,0.9625939726829529,0.17191947996616364,4.0
lam4,222,17.380613327026367,17.389404296875,560.171875,0.11152653396129608,0.7480129599571228,0.9746280312538147,0.1477959305047989,4.0
lam4,223,11.781476020812988,11.814697265625,499.34375,0.10287278145551682,0.7119277119636536,0.9682163000106812,0.15714110434055328,4.0
lam4,224,10.4816255569458,10.848541259765625,550.375,0.09784398227930069,0.628762423992157,0.9711251258850098,0.1468113362789154,4.0
lam4,225,12.276241302490234,12.359619140625,543.46875,0.3121175169944763,0.9536036252975464,0.9675535559654236,0.14788414537906647,4.0
lam4,226,9.759608268737793,10.135406494140625,560.609375,0.08184197545051575,0.7322927117347717,0.9670656323432922,0.13950835168361664,4.0
lam4,227,9.379307746887207,9.407995223999023,484.703125,0.07420563697814941,0.5467097759246826,0.9671216607093811,0.1553526371717453,4.0
lam4,228,14.096292495727539,14.178466796875,563.078125,0.06882094591856003,0.7380437254905701,0.9669121503829956,0.14762111008167267,4.0
lam4,229,13.847993850708008,13.87353515625,545.609375,0.09314931929111481,1.0270417928695679,0.9723823070526123,0.1399662047624588,4.0
lam4,230,17.175067901611328,17.175067901611328,527.3125,0.08861018717288971,0.8484399914741516,0.9711392521858215,0.15544278919696808,4.0
lam4,231,13.211542129516602,13.36395263671875,504.9375,0.09336884319782257,0.8236645460128784,0.9748196601867676,0.13909359276294708,4.0
lam4,232,8.5484619140625,8.5484619140625,491.484375,0.09991110116243362,0.8381246328353882,0.9715299606323242,0.14365217089653015,4.0
lam4,233,11.553121566772461,11.5596923828125,390.84375,0.11400347203016281,1.021492838859558,0.9586827754974365,0.17363794147968292,4.0
lam4,234,15.973631858825684,16.053955078125,679.671875,0.08789997547864914,1.0862022638320923,0.9788306355476379,0.14068596065044403,4.0
lam4,235,15.12548828125,15.12548828125,587.125,0.09135670959949493,1.0007929801940918,0.9735543131828308,0.14866028726100922,4.0
lam4,236,10.369354248046875,10.369354248046875,475.390625,0.1077800840139389,0.9653036594390869,0.966776967048645,0.15709462761878967,4.0
lam4,237,11.859246253967285,11.859246253967285,469.59375,0.1001436859369278,0.9326080083847046,0.9498316049575806,0.16616740822792053,4.0
lam4,238,10.2177734375,10.2177734375,472.65625,0.11105837672948837,0.7202074527740479,0.964265763759613,0.16169628500938416,4.0
lam4,239,11.54771614074707,11.76953125,661.796875,0.07743450999259949,0.7022813558578491,0.9739383459091187,0.1414823681116104,4.0
lam4,240,14.6387939453125,14.6387939453125,504.640625,0.09676843881607056,0.8060287237167358,0.9725858569145203,0.15341641008853912,4.0
lam4,241,8.489250183105469,8.4901762008667,528.828125,0.0914243683218956,0.5471129417419434,0.9804329872131348,0.12785199284553528,4.0
lam4,242,8.365226745605469,8.388916015625,479.8125,0.1067582368850708,0.7023965120315552,0.9704523086547852,0.15657705068588257,4.0
lam4,243,14.0804443359375,14.0804443359375,471.21875,0.10708495229482651,0.8234691023826599,0.9724539518356323,0.15069149434566498,4.0
lam4,244,14.8250732421875,14.8250732421875,450.734375,0.12653355300426483,0.7612541317939758,0.9644231200218201,0.17086991667747498,4.0
lam4,245,16.398681640625,16.398681640625,453.890625,0.1050843670964241,0.6079652309417725,0.9565155506134033,0.16147930920124054,4.0
lam4,246,8.732151985168457,8.7431640625,378.546875,0.14336450397968292,0.7117754220962524,0.9633705615997314,0.1752631664276123,4.0
lam4,247,19.95068359375,19.95068359375,540.0,0.11606326699256897,0.6715474128723145,0.9787163734436035,0.13076727092266083,4.0
lam4,248,23.2698974609375,23.2698974609375,539.90625,0.12101403623819351,0.7058622241020203,0.9684392213821411,0.16065798699855804,4.0
lam4,249,10.24815845489502,10.251953125,546.609375,0.09831102937459946,0.501632571220398,0.9727318286895752,0.14535917341709137,4.0
lam4,250,13.222579956054688,13.244140625,462.46875,0.12443645298480988,0.6267232894897461,0.9652312994003296,0.15790827572345734,4.0
lam8,1,0.29463183879852295,0.3005542755126953,302.390625,1.4916957643065776e-13,0.947313129901886,0.8254280090332031,0.3332831561565399,8.0
lam8,2,2.7320899963378906,2.80908203125,167.328125,0.0006096127908676863,0.8272982835769653,0.8226648569107056,0.39953821897506714,8.0
lam8,3,3.4214141368865967,3.4302978515625,270.1875,0.0013232360361143947,0.928352415561676,0.834842324256897,0.3669340908527374,8.0
lam8,4,5.309384346008301,5.3841552734375,269.09375,0.003129795892164111,0.959994375705719,0.8428358435630798,0.33884549140930176,8.0
lam8,5,3.622429847717285,3.6638870239257812,324.84375,0.0032726305071264505,0.6256377100944519,0.8600673675537109,0.3343833088874817,8.0
lam8,6,4.271137237548828,4.415496826171875,371.9375,0.00415069842711091,0.6589697599411011,0.871103823184967,0.3278633654117584,8.0
lam8,7,6.590919494628906,6.590919494628906,403.828125,0.006955185905098915,1.0105687379837036,0.885920524597168,0.3124863803386688,8.0
lam8,8,7.068242073059082,7.073516845703125,339.75,0.009629510343074799,0.7354638576507568,0.8440684676170349,0.3355630040168762,8.0
lam8,9,10.438720703125,10.438720703125,339.390625,0.012347952462732792,0.7516762614250183,0.8583412170410156,0.35994547605514526,8.0
lam8,10,7.451348304748535,7.557952880859375,260.671875,0.017899595201015472,0.8888775706291199,0.8413543701171875,0.3837178647518158,8.0
lam8,11,6.988243579864502,7.00897216796875,230.890625,0.02264903113245964,0.7890757322311401,0.8463966846466064,0.365974485874176,8.0
lam8,12,5.6786417961120605,5.70233154296875,165.5,0.048115164041519165,0.8054908514022827,0.8103235960006714,0.44700562953948975,8.0
lam8,13,10.43951416015625,10.43951416015625,275.359375,0.023827871307730675,0.8849731087684631,0.82468581199646,0.3909599184989929,8.0
lam8,14,6.80792236328125,6.82513427734375,359.71875,0.025795813649892807,0.7537078261375427,0.8799068331718445,0.34702619910240173,8.0
lam8,15,5.934354305267334,6.02911376953125,342.609375,0.02827049419283867,0.7213199734687805,0.8782303929328918,0.30795636773109436,8.0
lam8,16,8.503662109375,8.503662109375,310.09375,0.034817885607481,0.689581036567688,0.8725855350494385,0.3445362150669098,8.0
lam8,17,9.88751220703125,9.88751220703125,458.375,0.038496654480695724,0.7913644909858704,0.8837353587150574,0.31170421838760376,8.0
lam8,18,8.57647705078125,8.57647705078125,412.46875,0.043044790625572205,0.7919653058052063,0.8616365194320679,0.34619835019111633,8.0
lam8,19,12.615386962890625,12.615386962890625,435.375,0.03935551270842552,0.7620548009872437,0.8666156530380249,0.33224719762802124,8.0
lam8,20,8.683036804199219,8.683036804199219,336.8125,0.04269077256321907,0.6869648098945618,0.8795519471168518,0.3391861617565155,8.0
lam8,21,13.398088455200195,13.6800537109375,665.53125,0.0306225698441267,0.6688474416732788,0.9180784225463867,0.273086816072464,8.0
lam8,22,9.177642822265625,9.177642822265625,472.359375,0.034417882561683655,0.5725053548812866,0.8944635391235352,0.3099679946899414,8.0
lam8,23,5.60565185546875,5.60565185546875,278.015625,0.055505987256765366,0.5527384281158447,0.8789377212524414,0.3597290813922882,8.0
lam8,24,14.565765380859375,14.565765380859375,392.90625,0.0453181155025959,0.7077023386955261,0.8591907024383545,0.342501699924469,8.0
lam8,25,5.1277923583984375,5.1277923583984375,309.90625,0.04928278923034668,0.5378442406654358,0.8546020984649658,0.3638911247253418,8.0
lam8,26,4.039914131164551,4.094419479370117,341.53125,0.0478539913892746,0.5484186410903931,0.8532483577728271,0.33490899205207825,8.0
lam8,27,12.97772216796875,12.986328125,411.109375,0.04400850087404251,0.684101939201355,0.8760148882865906,0.3173620402812958,8.0
lam8,28,9.284564971923828,9.300018310546875,313.65625,0.03631032258272171,0.5726649165153503,0.8312890529632568,0.35856589674949646,8.0
lam8,29,5.262945652008057,5.526309967041016,369.03125,0.03961510956287384,0.5105916857719421,0.823837161064148,0.305324524641037,8.0
lam8,30,10.864471435546875,10.864471435546875,382.828125,0.05131756514310837,0.759618878364563,0.8881385326385498,0.31094807386398315,8.0
lam8,31,8.818582534790039,8.829132080078125,283.421875,0.059757575392723083,0.5245523452758789,0.8348795175552368,0.36151614785194397,8.0
lam8,32,11.194305419921875,11.194305419921875,395.71875,0.052089300006628036,0.861164927482605,0.9135987162590027,0.26418229937553406,8.0
lam8,33,3.7346415519714355,3.758331298828125,250.34375,0.056648608297109604,0.6477962732315063,0.845004677772522,0.3598863184452057,8.0
lam8,34,10.030994415283203,10.030994415283203,212.28125,0.06675466895103455,0.5818033814430237,0.8271498084068298,0.3895348310470581,8.0
lam8,35,7.906116485595703,7.906116485595703,167.21875,0.08064206689596176,0.6076809167861938,0.8305957317352295,0.3784516155719757,8.0
lam8,36,12.290950775146484,12.2999267578125,463.90625,0.03969183936715126,0.5428101420402527,0.8820189237594604,0.3030795156955719,8.0
lam8,37,11.943965911865234,11.955810546875,569.84375,0.036571357399225235,0.646790087223053,0.9378550052642822,0.24721330404281616,8.0
lam8,38,5.406197547912598,5.4669952392578125,313.0,0.057945165783166885,0.5209183096885681,0.8449740409851074,0.33551260828971863,8.0
lam8,39,10.623167037963867,10.6663818359375,516.40625,0.04344431683421135,0.5114730596542358,0.8789926767349243,0.2825118899345398,8.0
lam8,40,8.628410339355469,9.296630859375,523.359375,0.06224869564175606,0.6702079176902771,0.873461127281189,0.2665260434150696,8.0
lam8,41,15.426925659179688,15.52001953125,581.5625,0.05039777234196663,0.5695191621780396,0.8983595371246338,0.26334479451179504,8.0
lam8,42,8.019842147827148,8.105255126953125,352.09375,0.056142669171094894,0.5134743452072144,0.8607059717178345,0.31478947401046753,8.0
lam8,43,8.959749221801758,9.622787475585938,461.140625,0.046387679874897,0.379817932844162,0.8805213570594788,0.26201075315475464,8.0
lam8,44,12.746697425842285,12.854042053222656,522.078125,0.06545776128768921,0.5581890940666199,0.9138014316558838,0.2817736268043518,8.0
lam8,45,12.698945999145508,12.727725982666016,386.046875,0.06779113411903381,0.6740835309028625,0.8734850287437439,0.3532002568244934,8.0
lam8,46,10.592660903930664,10.904052734375,599.28125,0.04059351235628128,0.4969015121459961,0.8768120408058167,0.2711513638496399,8.0
lam8,47,7.904740810394287,8.327178955078125,482.21875,0.05279461666941643,0.4388689398765564,0.8735194802284241,0.25780704617500305,8.0
lam8,48,12.145401000976562,12.29864501953125,672.359375,0.05554192140698433,0.6674280166625977,0.9296771287918091,0.2432788610458374,8.0
lam8,49,17.942832946777344,17.98003387451172,663.109375,0.06145888566970825,0.5799623131752014,0.9272624254226685,0.2762938141822815,8.0
lam8,50,19.515106201171875,19.635498046875,716.703125,0.05477751046419144,0.6058540344238281,0.943183958530426,0.23350746929645538,8.0
lam8,51,9.438985824584961,9.448516845703125,432.6875,0.05987896770238876,0.5365398526191711,0.8553452491760254,0.29790666699409485,8.0
lam8,52,9.919815063476562,10.202056884765625,599.171875,0.0481390580534935,0.6601721048355103,0.9015491008758545,0.27884554862976074,8.0
lam8,53,10.019977569580078,10.05828857421875,461.03125,0.06131230667233467,0.5442778468132019,0.9046216011047363,0.2779580354690552,8.0
lam8,54,17.7579345703125,17.7579345703125,573.21875,0.05544468015432358,0.5869181752204895,0.9250563383102417,0.2630646526813507,8.0
lam8,55,11.127540588378906,11.23793888092041,477.203125,0.07207153737545013,0.6955315470695496,0.8779240846633911,0.2889243960380554,8.0
lam8,56,10.197811126708984,10.35577392578125,446.21875,0.07056938856840134,0.5820426940917969,0.8928889036178589,0.2939363121986389,8.0
lam8,57,11.436389923095703,11.500518798828125,407.890625,0.06960056722164154,0.6252092123031616,0.8922827243804932,0.29509079456329346,8.0
lam8,58,13.64495849609375,13.64495849609375,362.4375,0.07475975155830383,0.6604153513908386,0.8524702787399292,0.3327951431274414,8.0
lam8,59,13.360992431640625,13.45556640625,628.484375,0.07419516891241074,0.7418530583381653,0.9364972114562988,0.2416706383228302,8.0
lam8,60,8.310325622558594,8.32818603515625,398.265625,0.08438896387815475,0.723312497138977,0.8730142116546631,0.3002316653728485,8.0
lam8,61,9.645296096801758,9.733022689819336,384.203125,0.058360952883958817,0.6412336826324463,0.8496130704879761,0.28682753443717957,8.0
lam8,62,8.521305084228516,8.531021118164062,463.046875,0.05403156578540802,0.6874755024909973,0.8460978269577026,0.3172071576118469,8.0
lam8,63,10.04376220703125,10.04376220703125,313.71875,0.06842392683029175,0.6185213327407837,0.844406247138977,0.35414090752601624,8.0
lam8,64,10.377371788024902,10.822574615478516,639.703125,0.0560261607170105,0.7588629722595215,0.9238461256027222,0.255246639251709,8.0
lam8,65,8.757720947265625,8.757720947265625,320.5625,0.09955032914876938,0.758384644985199,0.8699141144752502,0.3380108177661896,8.0
lam8,66,7.176445960998535,7.176723480224609,455.953125,0.06972608715295792,0.9040950536727905,0.9083306789398193,0.30774638056755066,8.0
lam8,67,11.44642448425293,11.864883422851562,695.515625,0.0407840870320797,0.6488596200942993,0.918429970741272,0.23835310339927673,8.0
lam8,68,10.286471366882324,10.46673583984375,494.390625,0.07067368179559708,0.8436018824577332,0.8892913460731506,0.290493369102478,8.0
lam8,69,11.406438827514648,11.9444580078125,702.8125,0.050737641751766205,0.8756386637687683,0.9212441444396973,0.26067614555358887,8.0
lam8,70,9.340697288513184,9.415283203125,408.09375,0.06574124842882156,0.7329152226448059,0.8697696328163147,0.30261725187301636,8.0
lam8,71,7.9040374755859375,8.14898681640625,566.90625,0.052774909883737564,0.5705247521400452,0.8966153860092163,0.28746092319488525,8.0
lam8,72,10.981969833374023,11.00556755065918,464.8125,0.06677854806184769,0.6694532036781311,0.9116762280464172,0.2791575491428375,8.0
lam8,73,6.467351913452148,6.467351913452148,322.1875,0.07971362769603729,0.6823172569274902,0.8584433794021606,0.34960469603538513,8.0
lam8,74,12.446664810180664,12.57177734375,730.421875,0.05111713707447052,0.6901267766952515,0.9269399046897888,0.26546746492385864,8.0
lam8,75,11.510122299194336,11.76885986328125,517.53125,0.0586753711104393,0.6919004917144775,0.8850623369216919,0.2783884108066559,8.0
lam8,76,10.428508758544922,10.53631591796875,558.453125,0.06963850557804108,0.7740159034729004,0.910338282585144,0.26747262477874756,8.0
lam8,77,8.698083877563477,8.831062316894531,467.109375,0.07691872119903564,0.7125570178031921,0.8965465426445007,0.2873304486274719,8.0
lam8,78,14.465524673461914,14.7568359375,717.09375,0.049865566194057465,0.7120318412780762,0.919396162033081,0.2505786418914795,8.0
lam8,79,14.675458908081055,14.6771240234375,485.5625,0.059063270688056946,0.5637047290802002,0.8918972015380859,0.30129626393318176,8.0
lam8,80,7.830574035644531,7.830574035644531,276.359375,0.07814275473356247,0.6535366177558899,0.861780047416687,0.35943081974983215,8.0
lam8,81,6.973723411560059,7.2130279541015625,439.875,0.047800518572330475,0.6077913641929626,0.8875597715377808,0.29395392537117004,8.0
lam8,82,16.25244903564453,16.3232421875,568.359375,0.05563832074403763,0.9220886826515198,0.9243273735046387,0.2680685520172119,8.0
lam8,83,7.1456298828125,7.1456298828125,373.75,0.07642820477485657,1.0648562908172607,0.9092763662338257,0.3009874224662781,8.0
lam8,84,11.642818450927734,11.69195556640625,593.265625,0.051198478788137436,0.7704823613166809,0.898379921913147,0.2835463285446167,8.0
lam8,85,13.2769136428833,13.94189453125,704.640625,0.049504026770591736,0.9275573492050171,0.9153774976730347,0.252849280834198,8.0
lam8,86,12.683488845825195,12.7191162109375,702.625,0.04555496573448181,0.7837028503417969,0.9329731464385986,0.25803864002227783,8.0
lam8,87,12.376527786254883,12.465179443359375,639.8125,0.06055648624897003,0.8002101182937622,0.9134877920150757,0.26346370577812195,8.0
lam8,88,10.08827018737793,10.147125244140625,539.84375,0.05146034434437752,0.5359130501747131,0.9121606349945068,0.2749670147895813,8.0
lam8,89,13.467662811279297,13.536788940429688,525.828125,0.0523928701877594,0.739233672618866,0.9014095067977905,0.2956627905368805,8.0
lam8,90,12.879542350769043,12.89434814453125,465.09375,0.07008273154497147,0.8726066946983337,0.8925669193267822,0.30062708258628845,8.0
lam8,91,16.37932014465332,16.380615234375,531.203125,0.058603327721357346,0.7724777460098267,0.9007061719894409,0.3039907217025757,8.0
lam8,92,12.551630973815918,13.18524169921875,747.921875,0.04971212521195412,0.7800368666648865,0.9181792736053467,0.23905475437641144,8.0
lam8,93,12.202235221862793,12.2227783203125,459.59375,0.06133221089839935,0.7043980360031128,0.8918697237968445,0.28440287709236145,8.0
lam8,94,9.02348518371582,9.02348518371582,293.90625,0.08575943857431412,0.8023861646652222,0.86563640832901,0.34363654255867004,8.0
lam8,95,9.71329116821289,9.77880859375,515.625,0.06628908962011337,0.7411442995071411,0.9065825343132019,0.2842038571834564,8.0
lam8,96,12.54766845703125,12.81982421875,703.375,0.052784476429224014,0.6693271994590759,0.9206022620201111,0.24892280995845795,8.0
lam8,97,8.957466125488281,9.265434265136719,575.21875,0.04973314329981804,0.5301200747489929,0.909831166267395,0.2792353928089142,8.0
lam8,98,13.313232421875,13.313232421875,421.375,0.06998833268880844,0.7546427845954895,0.901707112789154,0.297412246465683,8.0
lam8,99,8.538579940795898,8.546630859375,287.0625,0.0797640010714531,0.554379403591156,0.8833228349685669,0.3466601073741913,8.0
lam8,100,13.503068923950195,13.521484375,458.359375,0.0711745023727417,0.7684329748153687,0.8748772740364075,0.33401378989219666,8.0
lam8,101,1.2622324228286743,1.3569917678833008,266.703125,0.09765295684337616,0.7227438688278198,0.8745522499084473,0.3427361249923706,8.0
lam8,102,4.957272529602051,4.965045928955078,304.6875,0.08487460762262344,1.0190746784210205,0.8353327512741089,0.36617329716682434,8.0
lam8,103,12.041938781738281,12.041938781738281,398.9375,0.07301584631204605,0.8295257687568665,0.8743074536323547,0.32229453325271606,8.0
lam8,104,13.91675853729248,14.001708984375,556.21875,0.050897009670734406,0.6809087991714478,0.903472900390625,0.2761525809764862,8.0
lam8,105,12.027837753295898,12.035888671875,324.78125,0.07830312103033066,0.6052807569503784,0.8750734329223633,0.33587750792503357,8.0
lam8,106,5.2223358154296875,5.45867919921875,479.796875,0.07205546647310257,0.7935091257095337,0.8659868240356445,0.3096291720867157,8.0
lam8,107,13.963823318481445,13.985107421875,466.421875,0.06669559329748154,0.8240863084793091,0.8891489505767822,0.27715492248535156,8.0
lam8,108,17.014747619628906,17.50390625,733.03125,0.06139710545539856,0.8701182007789612,0.8927912712097168,0.2633892297744751,8.0
lam8,109,8.583580017089844,8.608657836914062,438.328125,0.060853149741888046,0.6671520471572876,0.8599326610565186,0.3115537762641907,8.0
lam8,110,9.77157974243164,10.3299560546875,401.015625,0.06803146004676819,0.6167899370193481,0.8676455020904541,0.28344962000846863,8.0
lam8,111,13.94268798828125,13.94268798828125,346.578125,0.09290631860494614,0.7300928235054016,0.8817605376243591,0.3444998264312744,8.0
lam8,112,13.469687461853027,13.536407470703125,596.28125,0.05607493594288826,0.6530642509460449,0.8978943228721619,0.28894615173339844,8.0
lam8,113,6.536401748657227,6.616262435913086,414.078125,0.0550282746553421,0.4874397814273834,0.9053238034248352,0.2767154574394226,8.0
lam8,114,16.152080535888672,16.534912109375,658.703125,0.07069522142410278,0.5617722272872925,0.9077680110931396,0.2687307596206665,8.0
lam8,115,9.711019515991211,9.73193359375,417.390625,0.08789287507534027,0.6911104917526245,0.9066300392150879,0.29815512895584106,8.0
lam8,116,12.326078414916992,12.64996337890625,685.21875,0.07494358718395233,0.8203689455986023,0.9026205539703369,0.26154500246047974,8.0
lam8,117,16.61418914794922,16.66064453125,642.90625,0.07419287413358688,0.7921756505966187,0.9240831136703491,0.2600550055503845,8.0
lam8,118,11.508939743041992,11.537811279296875,455.09375,0.089812271296978,0.7614580392837524,0.9075434803962708,0.30240026116371155,8.0
lam8,119,7.52990198135376,7.7509765625,350.046875,0.09877777099609375,0.6606133580207825,0.8476707339286804,0.3318205773830414,8.0
lam8,120,9.364013671875,9.364013671875,432.3125,0.08771069347858429,0.7456587553024292,0.8803486227989197,0.30240413546562195,8.0
lam8,121,12.021820068359375,12.021820068359375,408.25,0.09873417019844055,0.6863628625869751,0.8820910453796387,0.3248481750488281,8.0
lam8,122,8.719176292419434,8.789413452148438,409.9375,0.09461528807878494,0.6642109155654907,0.8562769889831543,0.32373717427253723,8.0
lam8,123,6.516901969909668,6.5560455322265625,292.484375,0.11041904240846634,0.5346577763557434,0.8690518140792847,0.342525839805603,8.0
lam8,124,10.927886009216309,10.955924987792969,470.984375,0.06857217103242874,0.5248714089393616,0.9214484691619873,0.2646699547767639,8.0
lam8,125,16.68391227722168,16.72564697265625,488.375,0.10666653513908386,0.7901126742362976,0.9010789394378662,0.2985028326511383,8.0
lam8,126,11.953510284423828,12.218170166015625,604.625,0.08734576404094696,0.7012994885444641,0.9101617336273193,0.27169790863990784,8.0
lam8,127,14.22067928314209,14.663475036621094,493.390625,0.07984097301959991,0.5074757933616638,0.8676239252090454,0.2808401584625244,8.0
lam8,128,9.734810829162598,9.8658447265625,502.578125,0.11010480672121048,0.683875560760498,0.9031053185462952,0.30147185921669006,8.0
lam8,129,14.573766708374023,14.81103515625,517.46875,0.09355316311120987,0.5646921992301941,0.9014556407928467,0.28284645080566406,8.0
lam8,130,9.62198257446289,9.85943603515625,562.625,0.09204072505235672,0.83558589220047,0.8933701515197754,0.2546842396259308,8.0
lam8,131,11.6669921875,11.6669921875,351.40625,0.12846647202968597,0.6480802297592163,0.8733744621276855,0.3298560678958893,8.0
lam8,132,13.027030944824219,14.0018310546875,862.109375,0.05925026535987854,0.5897791385650635,0.9333963990211487,0.22999098896980286,8.0
lam8,133,12.254091262817383,12.265380859375,421.15625,0.11810873448848724,0.6064292192459106,0.8843607902526855,0.3184387981891632,8.0
lam8,134,16.19019889831543,16.46392822265625,677.96875,0.08639034628868103,0.6898871660232544,0.8867990374565125,0.2726494073867798,8.0
lam8,135,12.065791130065918,12.085594177246094,543.03125,0.10394182056188583,0.8768570423126221,0.9174820184707642,0.28053778409957886,8.0
lam8,136,12.614027976989746,12.727294921875,387.078125,0.12693215906620026,0.7210431098937988,0.8550126552581787,0.3307171165943146,8.0
lam8,137,7.786853790283203,7.826923370361328,417.078125,0.10991623997688293,0.5425366163253784,0.8822625875473022,0.3086015284061432,8.0
lam8,138,14.249848365783691,14.51904296875,586.15625,0.08251261711120605,0.6225136518478394,0.9192304015159607,0.26320400834083557,8.0
lam8,139,12.9608154296875,13.022445678710938,555.34375,0.09986350685358047,0.7415746450424194,0.8952234983444214,0.2672942280769348,8.0
lam8,140,12.733381271362305,13.00146484375,447.265625,0.09553399682044983,0.7667155861854553,0.8836811780929565,0.2971055805683136,8.0
lam8,141,11.523378372192383,11.8555908203125,700.890625,0.06640927493572235,0.6850839853286743,0.922613263130188,0.23211030662059784,8.0
lam8,142,11.809412002563477,12.053436279296875,430.703125,0.08875474333763123,0.6488334536552429,0.8633785247802734,0.3285077214241028,8.0
lam8,143,14.944644927978516,15.13916015625,622.515625,0.07815401256084442,0.6325671672821045,0.9263169765472412,0.27161505818367004,8.0
lam8,144,13.44715404510498,13.73716926574707,602.734375,0.08180748671293259,0.764452338218689,0.9031410813331604,0.2682105302810669,8.0
lam8,145,8.693061828613281,8.959583282470703,308.671875,0.1396833062171936,0.6239359974861145,0.8411670923233032,0.3285551369190216,8.0
lam8,146,15.138973236083984,15.159332275390625,433.0,0.1081237941980362,0.642069399356842,0.8980511426925659,0.30826684832572937,8.0
lam8,147,11.495988845825195,11.52587890625,366.640625,0.13377688825130463,0.8164030909538269,0.8823509812355042,0.31867051124572754,8.0
lam8,148,11.024297714233398,11.0323486328125,490.15625,0.10715609043836594,0.7575231194496155,0.9156215786933899,0.27080875635147095,8.0
lam8,149,13.54682731628418,13.8779296875,566.953125,0.07897192239761353,0.6047134399414062,0.8970692157745361,0.2910153567790985,8.0
lam8,150,8.480443954467773,8.76361083984375,476.921875,0.09400098770856857,0.775481104850769,0.8994477987289429,0.27903133630752563,8.0
lam8,151,10.98305892944336,11.04071044921875,404.375,0.11681873351335526,0.7929630279541016,0.8744516372680664,0.2859417200088501,8.0
lam8,152,14.782867431640625,15.169677734375,743.734375,0.06593580543994904,0.61968994140625,0.915177047252655,0.24976441264152527,8.0
lam8,153,14.606646537780762,14.7109375,510.890625,0.09043901413679123,0.6532166004180908,0.9038847088813782,0.2901035249233246,8.0
lam8,154,13.906132698059082,13.940093994140625,533.0625,0.08688709884881973,0.7485701441764832,0.9037666320800781,0.30386391282081604,8.0
lam8,155,12.719970703125,12.719970703125,435.78125,0.09193569421768188,0.7387385368347168,0.8987829685211182,0.33272498846054077,8.0
lam8,156,13.34805679321289,13.382110595703125,500.078125,0.08981464058160782,0.7718071341514587,0.8820369243621826,0.3076458275318146,8.0
lam8,157,13.706928253173828,14.008880615234375,656.875,0.07512868195772171,0.6619429588317871,0.9247919321060181,0.2618456184864044,8.0
lam8,158,10.868560791015625,10.868560791015625,324.921875,0.10491377115249634,0.6914939880371094,0.8702979683876038,0.3377555310726166,8.0
lam8,159,13.937105178833008,14.30078125,743.28125,0.07298386842012405,0.7904635667800903,0.9284071922302246,0.24862413108348846,8.0
lam8,160,12.985946655273438,12.985946655273438,492.40625,0.09560501575469971,0.7384500503540039,0.9212936162948608,0.28563281893730164,8.0
lam8,161,12.095298767089844,12.2879638671875,481.21875,0.10331608355045319,0.8116117715835571,0.8616183996200562,0.3020526170730591,8.0
lam8,162,10.944266319274902,10.963329315185547,438.046875,0.10110784322023392,0.6212871670722961,0.8791614174842834,0.2840476632118225,8.0
lam8,163,7.86016845703125,7.86016845703125,384.875,0.09621267765760422,0.6958410739898682,0.8843982219696045,0.2976802587509155,8.0
lam8,164,13.95062255859375,13.95062255859375,403.640625,0.10487215220928192,0.689787745475769,0.881576418876648,0.3271635174751282,8.0
lam8,165,11.003386497497559,11.016342163085938,394.71875,0.1143232211470604,0.7344262003898621,0.8682228326797485,0.35853251814842224,8.0
lam8,166,10.08111572265625,10.601181030273438,497.71875,0.10368706285953522,0.7721590399742126,0.8813198208808899,0.2925895154476166,8.0
lam8,167,15.038848876953125,15.22216796875,516.75,0.08436604589223862,0.6892623901367188,0.9057798385620117,0.257542222738266,8.0
lam8,168,11.992030143737793,12.101318359375,698.9375,0.06486531347036362,0.6770839095115662,0.9336592555046082,0.25759634375572205,8.0
lam8,169,8.828369140625,8.828369140625,296.734375,0.1146465390920639,0.6403824687004089,0.8666837215423584,0.3478862941265106,8.0
lam8,170,9.847797393798828,10.329460144042969,551.171875,0.07147594541311264,0.63045334815979,0.8878859877586365,0.23428857326507568,8.0
lam8,171,11.82358169555664,12.05816650390625,584.53125,0.07295391708612442,0.5070413947105408,0.9046399593353271,0.25302401185035706,8.0
lam8,172,18.93244171142578,19.04931640625,660.921875,0.10174714773893356,0.8010342717170715,0.9215770363807678,0.2660488486289978,8.0
lam8,173,7.588507175445557,7.588507175445557,244.53125,0.1470874845981598,0.8567282557487488,0.8269042372703552,0.42426297068595886,8.0
lam8,174,20.033103942871094,20.033935546875,623.625,0.0913618952035904,0.6669725775718689,0.9244396090507507,0.27150392532348633,8.0
lam8,175,15.480545043945312,15.48193359375,493.390625,0.08593889325857162,0.697733461856842,0.9237725734710693,0.2624765634536743,8.0
lam8,176,18.63098907470703,18.6845703125,504.234375,0.09211952239274979,0.6908795237541199,0.8704344630241394,0.29829710721969604,8.0
lam8,177,18.170875549316406,18.17578125,623.078125,0.08693557977676392,0.6577578186988831,0.9193082451820374,0.26642265915870667,8.0
lam8,178,12.045622825622559,12.0543212890625,574.40625,0.11595922708511353,0.684464156627655,0.9225917458534241,0.273499995470047,8.0
lam8,179,15.706857681274414,15.721755981445312,552.859375,0.08132512122392654,0.6308884024620056,0.9157198071479797,0.2645884156227112,8.0
lam8,180,13.24075698852539,13.2718505859375,509.828125,0.10926292091608047,0.6837484240531921,0.9152569770812988,0.2668166756629944,8.0
lam8,181,11.368488311767578,11.414571762084961,534.5625,0.08178252726793289,0.5427522659301758,0.8966785073280334,0.2790922522544861,8.0
lam8,182,13.35892391204834,14.08026123046875,640.375,0.11290785670280457,0.709144115447998,0.9156273603439331,0.23409685492515564,8.0
lam8,183,9.77094554901123,10.062255859375,459.09375,0.12797725200653076,0.7193639874458313,0.8686333894729614,0.3311086893081665,8.0
lam8,184,8.739422798156738,8.847137451171875,476.859375,0.12079218029975891,0.7640267610549927,0.885167121887207,0.2687588632106781,8.0
lam8,185,14.538110733032227,15.00848388671875,773.03125,0.08835206180810928,0.7634546756744385,0.8986382484436035,0.24468080699443817,8.0
lam8,186,11.614501953125,11.614501953125,406.28125,0.12527991831302643,0.6692752838134766,0.8827829360961914,0.29530826210975647,8.0
lam8,187,11.188641548156738,11.24481201171875,592.671875,0.09045542776584625,0.6256066560745239,0.9194117784500122,0.2834099531173706,8.0
lam8,188,13.90858268737793,13.9388427734375,480.859375,0.11199174076318741,0.7254390716552734,0.8615790605545044,0.30632907152175903,8.0
lam8,189,13.876255989074707,14.26824951171875,667.859375,0.11530058830976486,0.6791223287582397,0.9250325560569763,0.25758349895477295,8.0
lam8,190,13.94305419921875,14.1463623046875,666.046875,0.10709244012832642,0.9142484068870544,0.9165167808532715,0.25197529792785645,8.0
lam8,191,11.66258430480957,12.380126953125,680.390625,0.08192465454339981,0.6909117102622986,0.9032367467880249,0.25197407603263855,8.0
lam8,192,14.529071807861328,14.532958984375,454.640625,0.11815502494573593,0.7934042811393738,0.8956006765365601,0.2959612309932709,8.0
lam8,193,10.333181381225586,10.586181640625,568.40625,0.09086600691080093,0.6717155575752258,0.9112270474433899,0.2632458209991455,8.0
lam8,194,11.579741477966309,11.625732421875,421.390625,0.12619143724441528,0.8058801293373108,0.8700352907180786,0.31517457962036133,8.0
lam8,195,12.864616394042969,13.168975830078125,504.09375,0.10480310022830963,0.9254239201545715,0.8757087588310242,0.29740452766418457,8.0
lam8,196,10.456425666809082,10.527587890625,425.296875,0.10679901391267776,0.7570293545722961,0.8804436326026917,0.29309287667274475,8.0
lam8,197,11.133810043334961,11.15185546875,407.0625,0.12228754162788391,0.738209068775177,0.8905138969421387,0.29657912254333496,8.0
lam8,198,14.434528350830078,14.662357330322266,572.15625,0.09130340069532394,0.8075146675109863,0.8922393321990967,0.24633359909057617,8.0
lam8,199,11.580283164978027,11.701416015625,659.09375,0.09205721318721771,0.6778453588485718,0.9064520597457886,0.27823135256767273,8.0
lam8,200,16.94384765625,16.94384765625,525.0625,0.09249456226825714,0.8141419887542725,0.917039155960083,0.2923062741756439,8.0
lam8,201,13.152482032775879,13.30859375,594.28125,0.09384371340274811,0.7959884405136108,0.9119580984115601,0.29415783286094666,8.0
lam8,202,11.878490447998047,11.88311767578125,587.125,0.08594296127557755,0.6729147434234619,0.9168950915336609,0.27196887135505676,8.0
lam8,203,12.276216506958008,12.314434051513672,453.53125,0.1147720068693161,0.8439850211143494,0.8834186792373657,0.29645776748657227,8.0
lam8,204,14.355709075927734,14.373291015625,426.734375,0.1256135255098343,0.7896673083305359,0.8851032257080078,0.30493149161338806,8.0
lam8,205,9.96142578125,9.96142578125,355.1875,0.1439487785100937,0.8280942440032959,0.8844853639602661,0.31848403811454773,8.0
lam8,206,10.78761100769043,11.052734375,563.0,0.09173163026571274,0.6888803839683533,0.8893876671791077,0.26639366149902344,8.0
lam8,207,16.94976043701172,16.953369140625,509.828125,0.11043127626180649,0.8193590044975281,0.8955056071281433,0.2918420732021332,8.0
lam8,208,19.361398696899414,19.3662109375,557.5625,0.10098401457071304,0.686107873916626,0.8997300863265991,0.29092708230018616,8.0
lam8,209,10.77475643157959,10.794189453125,373.5,0.15587428212165833,0.8636791110038757,0.8686503171920776,0.3332598805427551,8.0
lam8,210,14.614532470703125,15.0128173828125,654.640625,0.11439397931098938,0.7113960385322571,0.9192127585411072,0.254700630903244,8.0
lam8,211,10.128742218017578,10.437820434570312,553.78125,0.1214468777179718,0.9005913734436035,0.8925269246101379,0.2812632620334625,8.0
lam8,212,12.868281364440918,13.236862182617188,665.40625,0.09595926851034164,0.6150348782539368,0.911502480506897,0.25442004203796387,8.0
lam8,213,12.061248779296875,12.061248779296875,403.125,0.1702747941017151,0.7757187485694885,0.899673581123352,0.3133320212364197,8.0
lam8,214,8.442655563354492,8.465789794921875,297.109375,0.18191340565681458,0.8357086777687073,0.8621445894241333,0.3145201802253723,8.0
lam8,215,14.110064506530762,14.669921875,691.5625,0.11417326331138611,0.6359947919845581,0.9111943244934082,0.2417018562555313,8.0
lam8,216,14.091482162475586,14.18115234375,542.359375,0.10723827034235,0.6152415871620178,0.8984806537628174,0.27428463101387024,8.0
lam8,217,12.372953414916992,12.407470703125,523.5625,0.1156986877322197,0.5765073895454407,0.8939024806022644,0.28330087661743164,8.0
lam8,218,18.08991241455078,18.289794921875,686.90625,0.1085418164730072,0.6490452885627747,0.9075206518173218,0.26941224932670593,8.0
lam8,219,11.456538200378418,11.5028076171875,447.9375,0.1480778604745865,0.7892833948135376,0.909071147441864,0.26478737592697144,8.0
lam8,220,12.783514022827148,12.8345947265625,432.484375,0.1278063952922821,0.6755633354187012,0.8907399773597717,0.2901712954044342,8.0
lam8,221,14.157135009765625,14.157135009765625,401.015625,0.13792730867862701,0.6870683431625366,0.8642076849937439,0.3288270831108093,8.0
lam8,222,18.282920837402344,18.335205078125,543.921875,0.13803385198116302,0.667680561542511,0.9094808101654053,0.26408135890960693,8.0
lam8,223,11.916379928588867,12.0712890625,510.71875,0.12711083889007568,0.5901505947113037,0.8990688920021057,0.29293444752693176,8.0
lam8,224,11.176885604858398,11.659473419189453,506.484375,0.118769071996212,0.5412992238998413,0.8937870860099792,0.26764407753944397,8.0
lam8,225,14.774064064025879,14.872802734375,609.046875,0.13174965977668762,0.7302244901657104,0.9021373987197876,0.2705345153808594,8.0
lam8,226,11.049867630004883,11.18719482421875,447.21875,0.13023556768894196,0.6978789567947388,0.8887602090835571,0.2853879928588867,8.0
lam8,227,10.811149597167969,10.811149597167969,390.328125,0.12131734937429428,0.5075215101242065,0.870416522026062,0.318406879901886,8.0
lam8,228,15.578466415405273,15.689697265625,628.140625,0.10077526420354843,0.6541433334350586,0.9244171380996704,0.2462252527475357,8.0
lam8,229,15.344571113586426,15.67724609375,630.609375,0.129667729139328,0.7122575640678406,0.9193241596221924,0.2288934886455536,8.0
lam8,230,19.926944732666016,19.97460174560547,615.53125,0.12371379137039185,0.6903579235076904,0.9175976514816284,0.2576462924480438,8.0
lam8,231,13.98643970489502,14.351318359375,499.515625,0.13599605858325958,0.6873607039451599,0.8711730241775513,0.29681485891342163,8.0
lam8,232,10.212420463562012,10.230003356933594,416.71875,0.160331130027771,0.740551769733429,0.8874397277832031,0.2796928286552429,8.0
lam8,233,14.18212890625,14.18212890625,423.25,0.15021532773971558,0.8108217120170593,0.8818084001541138,0.29262039065361023,8.0
lam8,234,18.036678314208984,18.379440307617188,780.0625,0.14434295892715454,0.8840798735618591,0.9222765564918518,0.24888209998607635,8.0
lam8,235,17.42706298828125,17.58447265625,718.1875,0.14228305220603943,0.8377371430397034,0.9313267469406128,0.2503936290740967,8.0
lam8,236,11.97773551940918,12.005126953125,546.078125,0.17014479637145996,0.8273438215255737,0.8937360644340515,0.2952185869216919,8.0
lam8,237,14.905303955078125,14.988311767578125,593.46875,0.1485033929347992,0.76627117395401,0.8929742574691772,0.258084774017334,8.0
lam8,238,10.593017578125,10.593017578125,571.296875,0.14964766800403595,0.652658998966217,0.9153218865394592,0.2821537256240845,8.0
lam8,239,11.743324279785156,12.334274291992188,803.203125,0.1104070171713829,0.640292763710022,0.9361056089401245,0.2279164046049118,8.0
lam8,240,14.949676513671875,14.978271484375,633.703125,0.16222138702869415,0.7599372863769531,0.9270399808883667,0.2647337019443512,8.0
lam8,241,9.801177978515625,9.88714599609375,616.0625,0.12783443927764893,0.5755248069763184,0.9349578619003296,0.25309789180755615,8.0
lam8,242,10.003442764282227,10.11865234375,580.734375,0.15984074771404266,0.624334454536438,0.92450350522995,0.2634822726249695,8.0
lam8,243,16.103801727294922,16.1142578125,555.15625,0.17103594541549683,0.7413768172264099,0.9171642065048218,0.2871854603290558,8.0
lam8,244,14.562154769897461,14.620361328125,578.828125,0.17814040184020996,0.8159438967704773,0.9323156476020813,0.25843358039855957,8.0
lam8,245,16.406631469726562,16.5225830078125,560.046875,0.16521860659122467,0.6256586313247681,0.9131940603256226,0.27434924244880676,8.0
lam8,246,9.457541465759277,9.479843139648438,447.46875,0.2001088708639145,0.6829835176467896,0.9079000949859619,0.30051255226135254,8.0
lam8,247,19.90625,19.90625,623.078125,0.16769349575042725,0.7943416237831116,0.9272735118865967,0.2522561252117157,8.0
lam8,248,23.3024959564209,23.3048095703125,619.890625,0.1836855411529541,0.8477327823638916,0.9225964546203613,0.27691081166267395,8.0
lam8,249,10.72822380065918,10.76708984375,607.34375,0.11832796782255173,0.6249566078186035,0.9175096750259399,0.2623386085033417,8.0
lam8,250,12.912148475646973,13.088897705078125,513.25,0.16471852362155914,0.7726289629936218,0.9119126796722412,0.28679120540618896,8.0
random_direction,1,0.42493999004364014,0.4308624267578125,285.3125,0.0,0.9666163325309753,0.8361607789993286,0.38323238492012024,4.0
random_direction,2,3.226713180541992,3.2622480392456055,180.0625,0.0007172232726588845,0.8997657299041748,0.8613598346710205,0.40012696385383606,4.0
random_direction,3,4.496368408203125,4.496368408203125,277.296875,0.0015313003677874804,1.0131410360336304,0.8413593769073486,0.3999665379524231,4.0
random_direction,4,5.967930793762207,6.016143798828125,282.65625,0.002869637217372656,0.969345211982727,0.8503766655921936,0.3983713984489441,4.0
random_direction,5,4.307495594024658,4.4134521484375,380.796875,0.0036178419832140207,0.6074740290641785,0.8595185279846191,0.3663957715034485,4.0
random_direction,6,4.553875923156738,4.675748825073242,339.59375,0.004865429829806089,0.7413871884346008,0.8746208548545837,0.3940260112285614,4.0
random_direction,7,6.4420390129089355,6.465728759765625,423.34375,0.006858516484498978,1.1528313159942627,0.8616988658905029,0.3954041004180908,4.0
random_direction,8,7.037989139556885,7.05279541015625,346.0625,0.00997928623110056,0.7579782009124756,0.842471718788147,0.416110634803772,4.0
random_direction,9,10.8701171875,10.8701171875,365.53125,0.010811853222548962,0.7921081781387329,0.8746479749679565,0.3781300485134125,4.0
random_direction,10,7.502365589141846,7.555667877197266,263.46875,0.01929791457951069,0.9618869423866272,0.8528599739074707,0.41459983587265015,4.0
random_direction,11,6.933021545410156,6.933021545410156,255.640625,0.025204963982105255,0.8391679525375366,0.8510757684707642,0.41346821188926697,4.0
random_direction,12,6.7240447998046875,6.7240447998046875,180.125,0.04920215159654617,0.8392402529716492,0.8618605136871338,0.39523375034332275,4.0
random_direction,13,10.442146301269531,10.442146301269531,300.859375,0.025138335302472115,0.9213840365409851,0.8530768752098083,0.4002762734889984,4.0
random_direction,14,7.49041748046875,7.49041748046875,405.140625,0.027015965431928635,0.8003848195075989,0.8580155968666077,0.3980904519557953,4.0
random_direction,15,6.2607421875,6.2607421875,340.234375,0.03282076492905617,0.8692571520805359,0.865599513053894,0.3723863959312439,4.0
random_direction,16,8.34326171875,8.34326171875,341.8125,0.03801657259464264,0.7380913496017456,0.8627861738204956,0.4102885127067566,4.0
random_direction,17,9.655708312988281,9.655708312988281,470.296875,0.030994625762104988,0.8152522444725037,0.8571839332580566,0.40250810980796814,4.0
random_direction,18,8.475547790527344,8.475547790527344,453.1875,0.04192637279629707,0.8053990006446838,0.8633918762207031,0.39744341373443604,4.0
random_direction,19,13.457277297973633,13.4599609375,472.75,0.0393056720495224,0.8012158274650574,0.872618556022644,0.3849261403083801,4.0
random_direction,20,8.37200927734375,8.37200927734375,394.109375,0.04570077732205391,0.7543885707855225,0.8669055700302124,0.39469245076179504,4.0
random_direction,21,13.684638977050781,13.840011596679688,682.78125,0.04017090052366257,0.7737147808074951,0.8755307793617249,0.38052621483802795,4.0
random_direction,22,9.5472412109375,9.5472412109375,542.40625,0.038539640605449677,0.6121588945388794,0.8704781532287598,0.385337769985199,4.0
random_direction,23,6.38238525390625,6.38238525390625,402.078125,0.05545691400766373,0.5817359089851379,0.8694331049919128,0.39416754245758057,4.0
random_direction,24,13.605316162109375,13.605316162109375,481.515625,0.048281557857990265,0.727742075920105,0.8772781491279602,0.3737340569496155,4.0
random_direction,25,5.23907470703125,5.23907470703125,428.015625,0.05134693160653114,0.5338871479034424,0.8822591304779053,0.36230599880218506,4.0
random_direction,26,4.476851940155029,4.63592529296875,503.578125,0.05041005089879036,0.5262357592582703,0.8590589165687561,0.40744733810424805,4.0
random_direction,27,13.092072486877441,13.1005859375,488.03125,0.0481291189789772,0.7348179817199707,0.8714929819107056,0.3865464925765991,4.0
random_direction,28,8.617624282836914,8.641313552856445,406.421875,0.05020417645573616,0.5969827175140381,0.865214467048645,0.3747681975364685,4.0
random_direction,29,5.246359348297119,5.770959854125977,543.671875,0.04724014177918434,0.5598049759864807,0.8706994652748108,0.3633503019809723,4.0
random_direction,30,10.50408935546875,10.694625854492188,595.046875,0.05336572974920273,0.7200671434402466,0.8833410739898682,0.3621915578842163,4.0
random_direction,31,8.978292465209961,8.99346923828125,428.234375,0.07998308539390564,0.5158596634864807,0.8702621459960938,0.37968310713768005,4.0
random_direction,32,13.048583984375,13.048583984375,586.109375,0.08616127073764801,0.7936245203018188,0.8767854571342468,0.3766876459121704,4.0
random_direction,33,5.851693153381348,5.9339599609375,500.234375,0.055151935666799545,0.5187214612960815,0.8739351630210876,0.3729439079761505,4.0
random_direction,34,10.835626602172852,10.875602722167969,461.15625,0.07586289942264557,0.5230892896652222,0.8643733263015747,0.3857629597187042,4.0
random_direction,35,8.575515747070312,8.575515747070312,324.015625,0.07454254478216171,0.5957934856414795,0.8891403675079346,0.3653573989868164,4.0
random_direction,36,12.607040405273438,12.65997314453125,581.1875,0.04716847464442253,0.6218181848526001,0.8836125731468201,0.3614090383052826,4.0
random_direction,37,11.580556869506836,11.73046875,631.84375,0.03879132866859436,0.7169948220252991,0.8875410556793213,0.3420413136482239,4.0
random_direction,38,7.0281596183776855,7.1033935546875,433.796875,0.06430983543395996,0.4980045258998871,0.8758049011230469,0.3847135007381439,4.0
random_direction,39,11.128522872924805,11.1873779296875,611.515625,0.053743842989206314,0.5871556997299194,0.8776438236236572,0.37232083082199097,4.0
random_direction,40,8.511213302612305,9.3580322265625,650.53125,0.05177387222647667,0.7217307090759277,0.8734230995178223,0.36701229214668274,4.0
random_direction,41,14.48343563079834,14.65185546875,641.203125,0.0494634285569191,0.6186498999595642,0.8751490116119385,0.37730759382247925,4.0
random_direction,42,8.23304557800293,8.432281494140625,471.125,0.05506462603807449,0.5852859020233154,0.8600264191627502,0.40248262882232666,4.0
random_direction,43,10.438383102416992,11.163330078125,598.875,0.05123240873217583,0.4715074598789215,0.8807526230812073,0.3594462275505066,4.0
random_direction,44,13.233221054077148,13.38165283203125,567.84375,0.05381069704890251,0.6784030199050903,0.8777086138725281,0.3782026469707489,4.0
random_direction,45,13.593330383300781,13.59832763671875,433.265625,0.05490477755665779,0.7327143549919128,0.8853371143341064,0.37675121426582336,4.0
random_direction,46,8.923929214477539,9.375423431396484,725.765625,0.04425773397088051,0.5418752431869507,0.8696080446243286,0.37211570143699646,4.0
random_direction,47,8.131732940673828,8.62847900390625,534.3125,0.04822539910674095,0.5593793392181396,0.8768272995948792,0.3689406216144562,4.0
random_direction,48,10.766995429992676,10.911911010742188,698.046875,0.045033589005470276,0.8548976182937622,0.8908259868621826,0.3567197024822235,4.0
random_direction,49,16.64459800720215,16.659866333007812,652.984375,0.04999274015426636,0.7169325947761536,0.8839267492294312,0.36501234769821167,4.0
random_direction,50,18.38861846923828,18.4423828125,686.734375,0.04186885803937912,0.7383000254631042,0.8658198714256287,0.3909192681312561,4.0
random_direction,51,9.18232536315918,9.22979736328125,481.46875,0.050432778894901276,0.6153863072395325,0.8743401765823364,0.3745827376842499,4.0
random_direction,52,9.822239875793457,10.12548828125,599.84375,0.04082611948251724,0.7547200918197632,0.873554527759552,0.36629536747932434,4.0
random_direction,53,9.8858642578125,9.906685829162598,493.78125,0.042126599699258804,0.6287166476249695,0.8541842699050903,0.38869836926460266,4.0
random_direction,54,16.678817749023438,16.70306396484375,548.390625,0.04439137503504753,0.6829521059989929,0.8778009414672852,0.3813417851924896,4.0
random_direction,55,11.592859268188477,11.659394264221191,541.1875,0.05001372843980789,0.76972496509552,0.8725751638412476,0.3729512095451355,4.0
random_direction,56,10.363113403320312,10.363113403320312,429.203125,0.06419986486434937,0.6216837763786316,0.8603225946426392,0.4012797772884369,4.0
random_direction,57,10.453224182128906,10.654495239257812,419.96875,0.05473554879426956,0.6879522800445557,0.8680959939956665,0.38645997643470764,4.0
random_direction,58,13.589981079101562,13.589981079101562,412.859375,0.06858588755130768,0.7138296961784363,0.8709990978240967,0.38598930835723877,4.0
random_direction,59,13.234151840209961,13.449951171875,687.765625,0.062172915786504745,0.8030933141708374,0.8726388216018677,0.387249231338501,4.0
random_direction,60,9.005743026733398,9.053955078125,437.484375,0.06975822150707245,0.7670353055000305,0.8593242168426514,0.3867107331752777,4.0
random_direction,61,10.101705551147461,10.211456298828125,488.75,0.05690082535147667,0.6892998814582825,0.8677616119384766,0.3891192078590393,4.0
random_direction,62,8.0313720703125,8.370895385742188,594.703125,0.04406917095184326,0.6299263834953308,0.8718909025192261,0.3793339431285858,4.0
random_direction,63,11.340347290039062,11.340347290039062,411.5625,0.07679463922977448,0.5714564323425293,0.858491063117981,0.39541688561439514,4.0
random_direction,64,9.680258750915527,10.31590461730957,659.265625,0.04657825455069542,0.8306950330734253,0.8801312446594238,0.37168505787849426,4.0
random_direction,65,9.81231689453125,9.81231689453125,294.140625,0.09789200127124786,0.7237476110458374,0.8764418363571167,0.3748772144317627,4.0
random_direction,66,6.4087982177734375,6.4087982177734375,498.875,0.06394005566835403,0.9056554436683655,0.8625612258911133,0.3956119120121002,4.0
random_direction,67,12.217548370361328,12.6483154296875,830.40625,0.039396241307258606,0.5960587859153748,0.889485239982605,0.358742356300354,4.0
random_direction,68,9.377382278442383,9.715240478515625,560.96875,0.0576840341091156,0.8133790493011475,0.8639152646064758,0.3835996985435486,4.0
random_direction,69,12.065710067749023,12.38885498046875,646.109375,0.04825640097260475,0.9283827543258667,0.8932565450668335,0.35228046774864197,4.0
random_direction,70,10.421780586242676,10.497940063476562,382.015625,0.07359623908996582,0.7531514763832092,0.8553646206855774,0.3962893486022949,4.0
random_direction,71,7.892513275146484,8.011054992675781,592.515625,0.04379601404070854,0.5893268585205078,0.8714330196380615,0.37214502692222595,4.0
random_direction,72,11.296478271484375,11.312950134277344,532.328125,0.053234562277793884,0.6413072347640991,0.8718934059143066,0.37640631198883057,4.0
random_direction,73,7.0588226318359375,7.0588226318359375,394.109375,0.06065260246396065,0.7156574130058289,0.8675045371055603,0.3869577944278717,4.0
random_direction,74,11.978691101074219,12.139892578125,710.421875,0.04037820175290108,0.7679079174995422,0.8779212236404419,0.36987024545669556,4.0
random_direction,75,11.50105094909668,11.90655517578125,564.484375,0.04357384517788887,0.757641077041626,0.8785008192062378,0.3665480613708496,4.0
random_direction,76,10.99005126953125,11.18780517578125,615.40625,0.09732261300086975,0.8012142777442932,0.8825489282608032,0.3637380003929138,4.0
random_direction,77,9.476112365722656,9.518402099609375,426.421875,0.0569930225610733,0.7820205092430115,0.8881092071533203,0.3537014424800873,4.0
random_direction,78,13.04233169555664,13.572021484375,712.3125,0.03082890249788761,0.7811546921730042,0.8966399431228638,0.33183619379997253,4.0
random_direction,79,12.862869262695312,12.862869262695312,411.21875,0.037612903863191605,0.6655628681182861,0.8764626979827881,0.3863953948020935,4.0
random_direction,80,7.972930908203125,7.972930908203125,277.40625,0.04951301962137222,0.7069435119628906,0.8550553321838379,0.39138108491897583,4.0
random_direction,81,5.838298797607422,6.067146301269531,368.75,0.02759953960776329,0.6439093351364136,0.8445460200309753,0.3819187581539154,4.0
random_direction,82,12.853069305419922,12.9178466796875,470.5625,0.03449854254722595,1.0675450563430786,0.8627035617828369,0.39093488454818726,4.0
random_direction,83,5.393070220947266,5.409912109375,313.90625,0.04130544140934944,1.1814638376235962,0.8561121225357056,0.3769310414791107,4.0
random_direction,84,10.484067916870117,10.59881591796875,585.640625,0.03397789224982262,0.7730767726898193,0.8763289451599121,0.3696175217628479,4.0
random_direction,85,10.854223251342773,11.070022583007812,520.65625,0.029384687542915344,0.9889402985572815,0.8439437747001648,0.42081737518310547,4.0
random_direction,86,9.221832275390625,9.221832275390625,547.296875,0.026198212057352066,0.9159545302391052,0.8717953562736511,0.3708707094192505,4.0
random_direction,87,9.2989501953125,9.2989501953125,472.203125,0.03564095124602318,0.8545612692832947,0.873184084892273,0.3676789402961731,4.0
random_direction,88,8.912086486816406,8.9200439453125,371.21875,0.03498607501387596,0.5593588948249817,0.8596065640449524,0.3957861065864563,4.0
random_direction,89,10.175741195678711,10.23681640625,375.40625,0.031219057738780975,0.7669317722320557,0.8611542582511902,0.3932840824127197,4.0
random_direction,90,11.079463005065918,11.085662841796875,372.484375,0.04350176081061363,0.9154333472251892,0.8567513227462769,0.4011148512363434,4.0
random_direction,91,15.201837539672852,15.225341796875,409.96875,0.036354679614305496,0.8752328157424927,0.8832783699035645,0.3741537928581238,4.0
random_direction,92,10.507827758789062,10.923233032226562,611.1875,0.028844036161899567,0.8565594553947449,0.8668012619018555,0.377250611782074,4.0
random_direction,93,9.977846145629883,10.029205322265625,388.1875,0.03558377921581268,0.6856657266616821,0.854111909866333,0.3810146749019623,4.0
random_direction,94,7.710243225097656,7.710243225097656,240.21875,0.07284731417894363,0.7747101783752441,0.8639997243881226,0.39497411251068115,4.0
random_direction,95,8.042620658874512,8.076026916503906,455.90625,0.03919963911175728,0.8630163073539734,0.8589615821838379,0.37359538674354553,4.0
random_direction,96,9.986274719238281,10.2691650390625,618.25,0.031159983947873116,0.6889240741729736,0.8739141225814819,0.3696025311946869,4.0
random_direction,97,7.652400970458984,7.776679992675781,487.375,0.035274967551231384,0.5766854286193848,0.8813754916191101,0.34337928891181946,4.0
random_direction,98,11.846098899841309,11.8519287109375,420.0,0.058386001735925674,0.6777582168579102,0.8655833005905151,0.3887459337711334,4.0
random_direction,99,9.302619934082031,9.302619934082031,243.828125,0.07233690470457077,0.5256224274635315,0.8618461489677429,0.36912763118743896,4.0
random_direction,100,12.387287139892578,12.3997802734375,372.734375,0.054521478712558746,0.7487316131591797,0.8612287640571594,0.3960956931114197,4.0
random_direction,101,1.9806442260742188,1.9806442260742188,202.9375,0.08830875158309937,0.6198712587356567,0.8694484233856201,0.3948935568332672,4.0
random_direction,102,5.363755226135254,5.390869140625,334.578125,0.0747143030166626,1.0113211870193481,0.8618902564048767,0.39114826917648315,4.0
random_direction,103,12.800339698791504,12.83319091796875,488.546875,0.05263718217611313,0.6633006930351257,0.8560715913772583,0.40855705738067627,4.0
random_direction,104,12.765779495239258,12.82861328125,561.03125,0.04752466082572937,0.680301308631897,0.8659794926643372,0.3797819912433624,4.0
random_direction,105,11.603952407836914,11.614501953125,345.390625,0.06018300727009773,0.5454781651496887,0.8589413166046143,0.3844509720802307,4.0
random_direction,106,7.494622707366943,7.710052490234375,561.59375,0.06263501197099686,0.678790807723999,0.8641624450683594,0.38019755482673645,4.0
random_direction,107,14.20760726928711,14.342529296875,530.4375,0.0571260079741478,0.6984198689460754,0.8868080973625183,0.35793283581733704,4.0
random_direction,108,16.680789947509766,17.41943359375,826.3125,0.04965813085436821,0.7650830745697021,0.8849625587463379,0.36306336522102356,4.0
random_direction,109,8.496893882751465,8.510589599609375,505.3125,0.07308067381381989,0.5957467555999756,0.8698842525482178,0.38504549860954285,4.0
random_direction,110,9.740518569946289,10.089111328125,400.453125,0.06817403435707092,0.5714897513389587,0.8744344711303711,0.3614692687988281,4.0
random_direction,111,13.7265625,13.7265625,384.875,0.07117195427417755,0.5708382725715637,0.8529300689697266,0.41059404611587524,4.0
random_direction,112,13.105474472045898,13.147857666015625,613.890625,0.049857139587402344,0.5670099258422852,0.8627333641052246,0.37203022837638855,4.0
random_direction,113,7.303312301635742,7.38372802734375,478.984375,0.05133368819952011,0.36909425258636475,0.8794845342636108,0.3551403880119324,4.0
random_direction,114,15.342824935913086,15.804962158203125,685.578125,0.04961422085762024,0.48963847756385803,0.8748391270637512,0.3647921085357666,4.0
random_direction,115,9.830078125,9.830078125,365.15625,0.061005882918834686,0.5443623065948486,0.8862985372543335,0.37977761030197144,4.0
random_direction,116,11.71461296081543,12.124557495117188,672.171875,0.04898231849074364,0.7443313002586365,0.8681800365447998,0.38785165548324585,4.0
random_direction,117,17.603395462036133,17.8095703125,735.34375,0.05719134956598282,0.7772207260131836,0.8793219923973083,0.3665435016155243,4.0
random_direction,118,9.593894958496094,9.721227645874023,372.515625,0.06312846392393112,0.7290418148040771,0.886264443397522,0.3762575089931488,4.0
random_direction,119,5.9447431564331055,6.304718017578125,362.578125,0.07183687388896942,0.6168867945671082,0.8542101383209229,0.3869301974773407,4.0
random_direction,120,9.31812858581543,9.4114990234375,457.71875,0.07193867862224579,0.688859760761261,0.845840573310852,0.38179755210876465,4.0
random_direction,121,11.671722412109375,11.69744873046875,483.125,0.059348851442337036,0.612050473690033,0.8599635362625122,0.38528358936309814,4.0
random_direction,122,7.755307197570801,7.96185302734375,410.34375,0.06171053647994995,0.5693221092224121,0.8326857089996338,0.3894224166870117,4.0
random_direction,123,6.578804016113281,6.578804016113281,249.1875,0.08641549199819565,0.40530630946159363,0.8494473695755005,0.39843201637268066,4.0
random_direction,124,10.752449989318848,10.760223388671875,441.828125,0.051367491483688354,0.4300861656665802,0.8640083074569702,0.3940899670124054,4.0
random_direction,125,15.727109909057617,15.7445068359375,480.71875,0.07291410863399506,0.6960126161575317,0.8768165111541748,0.37937355041503906,4.0
random_direction,126,10.269474029541016,10.482683181762695,576.78125,0.0645558089017868,0.6352360248565674,0.8780406713485718,0.3814099133014679,4.0
random_direction,127,13.214500427246094,13.73095703125,489.328125,0.07193977385759354,0.46065014600753784,0.8628722429275513,0.360673725605011,4.0
random_direction,128,10.045812606811523,10.089860916137695,465.234375,0.07189725339412689,0.608065664768219,0.8711328506469727,0.37192976474761963,4.0
random_direction,129,13.824356079101562,14.143798828125,535.359375,0.062031861394643784,0.4304116368293762,0.8623701930046082,0.3809829652309418,4.0
random_direction,130,9.126460075378418,9.224365234375,562.703125,0.08511672168970108,0.8492706418037415,0.8683320879936218,0.34328514337539673,4.0
random_direction,131,11.225486755371094,11.225486755371094,354.484375,0.08608994632959366,0.4808479845523834,0.8818018436431885,0.3667227327823639,4.0
random_direction,132,12.538382530212402,13.430730819702148,849.40625,0.04396570473909378,0.5536220073699951,0.8760737776756287,0.37040841579437256,4.0
random_direction,133,11.900634765625,11.900634765625,393.5,0.08608642965555191,0.5141664743423462,0.8783828020095825,0.3780530095100403,4.0
random_direction,134,14.566858291625977,14.941268920898438,698.453125,0.061168789863586426,0.6857054233551025,0.879035472869873,0.35918736457824707,4.0
random_direction,135,10.251944541931152,10.282112121582031,572.953125,0.07142899930477142,0.8444251418113708,0.884111762046814,0.3573107421398163,4.0
random_direction,136,10.857690811157227,10.96142578125,341.234375,0.08643227815628052,0.7280733585357666,0.83845055103302,0.39778587222099304,4.0
random_direction,137,6.792441368103027,6.827976226806641,362.15625,0.07207558304071426,0.5236660242080688,0.8664321303367615,0.3906967341899872,4.0
random_direction,138,11.776857376098633,12.0430908203125,576.171875,0.06112876161932945,0.7222170829772949,0.869331955909729,0.37962159514427185,4.0
random_direction,139,11.438411712646484,11.54473876953125,545.484375,0.06966985762119293,0.7602249383926392,0.8585911989212036,0.3926321566104889,4.0
random_direction,140,11.91581916809082,12.288748741149902,456.484375,0.07876119762659073,0.8713077306747437,0.8565089702606201,0.4084688425064087,4.0
random_direction,141,10.612408638000488,10.9091796875,678.890625,0.05819818377494812,0.7484256625175476,0.866574227809906,0.3815162479877472,4.0
random_direction,142,10.840462684631348,11.166290283203125,437.71875,0.0626630038022995,0.6066701412200928,0.8668806552886963,0.3772382438182831,4.0
random_direction,143,13.658018112182617,13.9619140625,616.59375,0.05519012361764908,0.6604414582252502,0.8745298981666565,0.37395012378692627,4.0
random_direction,144,11.274686813354492,11.516304969787598,586.765625,0.06050444021821022,0.8676183223724365,0.8715136051177979,0.37700825929641724,4.0
random_direction,145,6.9596405029296875,7.153045654296875,296.578125,0.1096307709813118,0.6845822930335999,0.8515104651451111,0.3956540524959564,4.0
random_direction,146,13.6041259765625,13.6041259765625,410.859375,0.07370787113904953,0.6759982109069824,0.8713769912719727,0.3808749318122864,4.0
random_direction,147,9.5052490234375,9.5052490234375,338.1875,0.08575944602489471,0.8971277475357056,0.8682997226715088,0.3671135902404785,4.0
random_direction,148,8.84399127960205,8.88433837890625,444.0625,0.07065434753894806,0.8233337998390198,0.8743523359298706,0.3713788390159607,4.0
random_direction,149,10.739374160766602,11.037811279296875,563.921875,0.05631488934159279,0.7886821627616882,0.8834339380264282,0.3694542944431305,4.0
random_direction,150,6.735095024108887,6.861595153808594,473.84375,0.06464427709579468,0.8299639821052551,0.8740929365158081,0.36051809787750244,4.0
random_direction,151,8.751216888427734,8.762969970703125,388.46875,0.07626809924840927,0.8994059562683105,0.8398067951202393,0.4101315140724182,4.0
random_direction,152,13.344186782836914,13.4951171875,699.984375,0.041555482894182205,0.7476531267166138,0.8712050318717957,0.38148483633995056,4.0
random_direction,153,12.209742546081543,12.250274658203125,464.390625,0.063355952501297,0.7836576700210571,0.8697723150253296,0.3791309595108032,4.0
random_direction,154,11.221511840820312,11.26593017578125,571.234375,0.05984320119023323,0.8509271144866943,0.8847360610961914,0.3694470226764679,3.7257797718048096
random_direction,155,11.382421493530273,11.47357177734375,547.921875,0.05627107247710228,0.8593465685844421,0.8792493939399719,0.37271589040756226,4.0
random_direction,156,10.2243070602417,10.540788650512695,660.953125,0.05480107292532921,0.7392881512641907,0.8843542337417603,0.35242801904678345,4.0
random_direction,157,11.387547492980957,11.825439453125,710.5,0.04182419553399086,0.7632814645767212,0.8767017126083374,0.3673165738582611,4.0
random_direction,158,9.231781005859375,9.231781005859375,386.734375,0.06399748474359512,0.7266212105751038,0.8542611598968506,0.41580700874328613,4.0
random_direction,159,12.360235214233398,12.60888671875,727.90625,0.04710554704070091,0.8771690130233765,0.8773717880249023,0.3652857840061188,4.0
random_direction,160,12.0924072265625,12.0924072265625,513.390625,0.05467018112540245,0.7772175073623657,0.8856232762336731,0.36282849311828613,4.0
random_direction,161,9.951251029968262,10.270416259765625,485.375,0.06530362367630005,0.8847139477729797,0.8641363382339478,0.38917434215545654,4.0
random_direction,162,9.287165641784668,9.296234130859375,447.5625,0.0595628060400486,0.6634323000907898,0.8807830810546875,0.3686250150203705,4.0
random_direction,163,7.603904724121094,7.603904724121094,497.046875,0.05726810172200203,0.675561785697937,0.8659704923629761,0.3756430745124817,4.0
random_direction,164,11.807306289672852,11.818595886230469,392.125,0.07217637449502945,0.7202369570732117,0.8596538305282593,0.40285053849220276,4.0
random_direction,165,9.438543319702148,9.4552001953125,369.1875,0.07835101336240768,0.7611936926841736,0.8502626419067383,0.3868355453014374,4.0
random_direction,166,9.101740837097168,9.58664321899414,486.703125,0.06389551609754562,0.856781005859375,0.861774742603302,0.3789920210838318,4.0
random_direction,167,13.186891555786133,13.3701171875,574.5,0.05502220615744591,0.7324621677398682,0.8782844543457031,0.35489264130592346,4.0
random_direction,168,10.465339660644531,10.685302734375,765.8125,0.04600017890334129,0.7172644138336182,0.8983035087585449,0.3509978950023651,4.0
random_direction,169,8.497322082519531,8.53387451171875,425.46875,0.06073818728327751,0.6625205278396606,0.8576578497886658,0.39487573504447937,4.0
random_direction,170,8.290077209472656,8.652364730834961,538.171875,0.047270260751247406,0.6853169202804565,0.854638934135437,0.37804847955703735,4.0
random_direction,171,11.106685638427734,11.207275390625,566.984375,0.06653542816638947,0.6210220456123352,0.8710399866104126,0.3797367513179779,4.0
random_direction,172,18.15334701538086,18.296875,663.890625,0.05804671719670296,0.8130456209182739,0.8784081935882568,0.35947489738464355,4.0
random_direction,173,7.3232421875,7.3232421875,321.875,0.10809733718633652,0.9051240086555481,0.8658722639083862,0.39745768904685974,4.0
random_direction,174,17.449644088745117,17.4842529296875,656.90625,0.05540187284350395,0.7029459476470947,0.8942629098892212,0.35200053453445435,4.0
random_direction,175,14.632528305053711,14.6591796875,578.75,0.05124704912304878,0.7024737596511841,0.8942287564277649,0.35997965931892395,4.0
random_direction,176,16.005348205566406,16.021728515625,467.21875,0.07485406845808029,0.7454231381416321,0.868796706199646,0.38545289635658264,4.0
random_direction,177,15.8173828125,15.8173828125,572.359375,0.056287094950675964,0.6969716548919678,0.8759138584136963,0.3727012872695923,4.0
random_direction,178,10.315914154052734,10.347469329833984,539.4375,0.05299745872616768,0.6964907050132751,0.8800176382064819,0.36404603719711304,4.0
random_direction,179,14.24853515625,14.24853515625,530.953125,0.05393049865961075,0.6242536306381226,0.8840890526771545,0.37324631214141846,4.0
random_direction,180,12.228391647338867,12.255043029785156,467.859375,0.0565304271876812,0.6573534607887268,0.8762239217758179,0.3476555645465851,4.0
random_direction,181,10.190505981445312,10.190505981445312,433.96875,0.04810258001089096,0.6002150774002075,0.8648352026939392,0.37389498949050903,4.0
random_direction,182,11.647455215454102,12.239608764648438,569.53125,0.060084689408540726,0.6495883464813232,0.8650599122047424,0.3800356686115265,4.0
random_direction,183,8.676323890686035,8.868896484375,358.25,0.0709664523601532,0.6480065584182739,0.8639073371887207,0.3789094388484955,4.0
random_direction,184,8.64985466003418,8.73748779296875,456.546875,0.06924677640199661,0.6683800220489502,0.862454891204834,0.39738357067108154,4.0
random_direction,185,11.33955192565918,11.57330322265625,657.09375,0.050960224121809006,0.7171459197998047,0.8876358270645142,0.36249732971191406,4.0
random_direction,186,10.126251220703125,10.126251220703125,292.90625,0.0737110897898674,0.6064833402633667,0.8493843078613281,0.4139952063560486,4.0
random_direction,187,10.24631118774414,10.24631118774414,473.296875,0.04989186301827431,0.5731973052024841,0.8713811039924622,0.37940603494644165,4.0
random_direction,188,12.473876953125,12.48822021484375,417.59375,0.05624854564666748,0.5980352163314819,0.8712190389633179,0.3729321360588074,4.0
random_direction,189,12.874702453613281,13.126869201660156,558.390625,0.06596537679433823,0.5569086670875549,0.8716027140617371,0.37042301893234253,4.0
random_direction,190,13.4912691116333,13.548828125,568.1875,0.06562952697277069,0.7329849600791931,0.8715065717697144,0.3799149692058563,4.0
random_direction,191,11.201385498046875,12.03515625,643.546875,0.04568609222769737,0.5330820083618164,0.8605820536613464,0.344692587852478,4.0
random_direction,192,12.601318359375,12.601318359375,395.140625,0.06937700510025024,0.5961927771568298,0.8663967251777649,0.3824375867843628,4.0
random_direction,193,9.308895111083984,9.7791748046875,559.140625,0.05526136979460716,0.4959699511528015,0.8803000450134277,0.3524573743343353,4.0
random_direction,194,10.273102760314941,10.283374786376953,365.65625,0.08149757236242294,0.6245495080947876,0.8592123985290527,0.38367587327957153,4.0
random_direction,195,12.75843620300293,12.94342041015625,513.5625,0.06750527024269104,0.7446513175964355,0.8684710264205933,0.3594505488872528,4.0
random_direction,196,9.531757354736328,9.5413818359375,393.203125,0.0815524160861969,0.5719788670539856,0.8761543035507202,0.36695796251296997,4.0
random_direction,197,9.944661140441895,10.0516357421875,377.96875,0.07583457976579666,0.6451160311698914,0.8782442808151245,0.35879749059677124,4.0
random_direction,198,14.143726348876953,14.375720977783203,538.90625,0.06696208566427231,0.5551528334617615,0.8628333806991577,0.3813604712486267,4.0
random_direction,199,11.440757751464844,11.6219482421875,668.203125,0.06980880349874496,0.5142526626586914,0.8757744431495667,0.37013140320777893,4.0
random_direction,200,16.42435073852539,16.42962646484375,526.5,0.06933236867189407,0.5916351079940796,0.8898733854293823,0.3655027151107788,4.0
random_direction,201,12.45311450958252,12.637451171875,585.0,0.0719248577952385,0.6262825131416321,0.8739467859268188,0.3728092610836029,4.0
random_direction,202,11.757340431213379,11.807403564453125,667.53125,0.07111458480358124,0.5359317064285278,0.8783161640167236,0.37026864290237427,4.0
random_direction,203,12.316268920898438,12.375772476196289,514.109375,0.09274132549762726,0.6367080211639404,0.8676384091377258,0.40330415964126587,4.0
random_direction,204,15.120607376098633,15.134765625,442.25,0.0854395255446434,0.5861636996269226,0.8577566146850586,0.4086945056915283,4.0
random_direction,205,10.48974609375,10.48974609375,370.765625,0.11664073914289474,0.6696681976318359,0.867314338684082,0.3815651535987854,4.0
random_direction,206,10.966134071350098,11.097076416015625,583.21875,0.08670070022344589,0.5960115790367126,0.8828319311141968,0.3603596091270447,4.0
random_direction,207,17.501869201660156,17.430419921875,572.453125,0.0719858780503273,0.6091676354408264,0.8669943809509277,0.37860676646232605,4.0
random_direction,208,19.43965721130371,19.443359375,578.984375,0.07892324775457382,0.5812410712242126,0.8729933500289917,0.38080477714538574,4.0
random_direction,209,9.8125,9.8125,364.421875,0.15330931544303894,0.8204559683799744,0.8700577020645142,0.3946302533149719,4.0
random_direction,210,14.298858642578125,14.49365234375,689.328125,0.06612709164619446,0.5916038751602173,0.8768172860145569,0.37175464630126953,4.0
random_direction,211,9.609716415405273,9.83504867553711,566.578125,0.08849487453699112,0.7795335054397583,0.8734359741210938,0.37956875562667847,4.0
random_direction,212,12.577213287353516,12.89202880859375,688.453125,0.07016515731811523,0.5552176833152771,0.8850507736206055,0.35922959446907043,4.0
random_direction,213,10.619911193847656,10.619911193847656,433.4375,0.11805443465709686,0.7650303840637207,0.8650103807449341,0.3921584188938141,4.0
random_direction,214,8.66774845123291,8.676261901855469,350.46875,0.11491315066814423,0.6690590977668762,0.8647880554199219,0.3842232823371887,4.0
random_direction,215,13.049020767211914,13.62109375,695.640625,0.0631263479590416,0.6631776690483093,0.8644549250602722,0.38897424936294556,4.0
random_direction,216,13.752635955810547,13.753654479980469,510.46875,0.07805245369672775,0.6199083924293518,0.8709826469421387,0.380938321352005,4.0
random_direction,217,12.216552734375,12.216552734375,525.421875,0.08145666122436523,0.5643560886383057,0.8647465705871582,0.37669533491134644,4.0
random_direction,218,16.94780731201172,17.0458984375,678.140625,0.0690656304359436,0.6566037535667419,0.8825237154960632,0.36151745915412903,4.0
random_direction,219,11.0498046875,11.0498046875,437.9375,0.10204613208770752,0.8972299098968506,0.86426842212677,0.3927682638168335,4.0
random_direction,220,11.756929397583008,11.757484436035156,399.3125,0.07466616481542587,0.6779789328575134,0.8682432174682617,0.3715610206127167,4.0
random_direction,221,11.591769218444824,11.688934326171875,437.5,0.10914216190576553,0.6827225089073181,0.8527941703796387,0.40216872096061707,4.0
random_direction,222,16.458484649658203,16.476806640625,556.921875,0.07065875083208084,0.7026727199554443,0.8806277513504028,0.3599258065223694,4.0
random_direction,223,11.172785758972168,11.267822265625,522.765625,0.06543305516242981,0.6298731565475464,0.8633812665939331,0.3711387515068054,4.0
random_direction,224,10.218347549438477,10.402313232421875,471.140625,0.070502370595932,0.6194779872894287,0.8750510215759277,0.36770400404930115,4.0
random_direction,225,11.01883316040039,11.2821044921875,558.421875,0.061986908316612244,0.9889960885047913,0.8630819320678711,0.3886106312274933,4.0
random_direction,226,9.30269718170166,9.57550048828125,515.5625,0.06319298595190048,0.7518159747123718,0.8581317663192749,0.3717699646949768,4.0
random_direction,227,8.774420738220215,8.785247802734375,440.296875,0.0638122409582138,0.5858752727508545,0.8797273635864258,0.37196284532546997,4.0
random_direction,228,12.801616668701172,12.85205078125,554.140625,0.053352899849414825,0.6985656023025513,0.8806053996086121,0.3773583173751831,4.0
random_direction,229,12.321023941040039,12.38885498046875,538.1875,0.064170241355896,0.8695291876792908,0.8552336692810059,0.40032362937927246,4.0
random_direction,230,16.300804138183594,16.30219268798828,530.046875,0.05518251657485962,0.7651509046554565,0.8812909126281738,0.37290942668914795,4.0
random_direction,231,11.803424835205078,12.053741455078125,454.015625,0.060128726065158844,0.7405732274055481,0.8748193979263306,0.38658609986305237,4.0
random_direction,232,8.175095558166504,8.323064804077148,534.140625,0.07488500326871872,0.6934025883674622,0.8598841428756714,0.3944298326969147,4.0
random_direction,233,11.921142578125,11.921142578125,370.484375,0.07736716419458389,0.8325579166412354,0.8500418066978455,0.40184590220451355,4.0
random_direction,234,14.862690925598145,14.9495849609375,675.625,0.06189330667257309,0.994478702545166,0.8833982348442078,0.3604891002178192,4.0
random_direction,235,15.472923278808594,15.49365234375,572.046875,0.06366226822137833,0.8446217179298401,0.8644751906394958,0.40253016352653503,4.0
random_direction,236,10.080609321594238,10.09661865234375,513.171875,0.07479336112737656,0.759979784488678,0.8731023669242859,0.3855597972869873,4.0
random_direction,237,12.288116455078125,12.288116455078125,500.53125,0.07653505355119705,0.8011474609375,0.8672235012054443,0.36584553122520447,4.0
random_direction,238,9.126953125,9.126953125,512.28125,0.11984696984291077,0.5897000432014465,0.8749823570251465,0.379181444644928,4.0
random_direction,239,10.965262413024902,11.290534973144531,709.703125,0.05164070427417755,0.6314171552658081,0.8807306289672852,0.3659088909626007,4.0
random_direction,240,12.468191146850586,12.474853515625,603.328125,0.06845428049564362,0.764390230178833,0.8829856514930725,0.3582982122898102,4.0
random_direction,241,7.381834983825684,7.444021224975586,622.234375,0.06565961986780167,0.5805200338363647,0.8778883814811707,0.37943896651268005,4.0
random_direction,242,7.242725372314453,7.303985595703125,517.0625,0.08444362133741379,0.7155579328536987,0.8675314784049988,0.38505780696868896,4.0
random_direction,243,13.551883697509766,13.6031494140625,534.3125,0.07209280133247375,0.8975380659103394,0.87249755859375,0.37176015973091125,4.0
random_direction,244,13.201473236083984,13.21044921875,456.984375,0.08586527407169342,0.788413941860199,0.8785296678543091,0.3774642050266266,4.0
random_direction,245,14.826268196105957,14.83154296875,507.203125,0.07613125443458557,0.6789019703865051,0.8815391659736633,0.36213934421539307,4.0
random_direction,246,7.499662399291992,7.501976013183594,390.84375,0.1030907854437828,0.750858724117279,0.8719662427902222,0.38892862200737,4.0
random_direction,247,16.27587890625,16.27587890625,534.515625,0.05892667919397354,0.8250871300697327,0.8676555156707764,0.38845959305763245,4.0
random_direction,248,18.415557861328125,18.415557861328125,520.875,0.0841432511806488,0.946008563041687,0.8678801655769348,0.3879086375236511,4.0
random_direction,249,9.003519058227539,9.006942749023438,599.859375,0.055146198719739914,0.6295466423034668,0.8638523817062378,0.400921493768692,4.0
random_direction,250,11.333503723144531,11.3614501953125,472.546875,0.08098293840885162,0.7509682774543762,0.8801425695419312,0.36617520451545715,4.0
