cell,arm,rollout,reward_mean,raw_reward_mean,mean_response_tokens,kl_to_init,response_entropy,credit_ess_ratio,credit_w_std,credit_w_max
Llama-base,grpo,1,-9.498377799987793,-9.13648509979248,356.609375,0.0,0.9200287461280823,,,
Llama-base,grpo,2,-4.211463451385498,-4.10117244720459,200.734375,0.0014365178067237139,0.8668503165245056,,,
Llama-base,grpo,3,-1.197998046875,-1.197998046875,269.796875,0.005303508602082729,0.9747239351272583,,,
Llama-base,grpo,4,-2.7584638595581055,-2.566028594970703,359.0625,0.009627066552639008,1.0582168102264404,,,
Llama-base,grpo,5,-4.1204833984375,-3.9219207763671875,392.875,0.010296501219272614,0.8635287284851074,,,
Llama-base,grpo,6,-6.742351531982422,-6.3323974609375,476.78125,0.013107448816299438,0.6770339608192444,,,
Llama-base,grpo,7,-7.593416690826416,-7.3902587890625,469.078125,0.011738444678485394,1.2577896118164062,,,
Llama-base,grpo,8,-1.009531021118164,-0.9185791015625,403.765625,0.017761845141649246,0.6501021385192871,,,
Llama-base,grpo,9,-0.4507269263267517,0.321502685546875,448.4375,0.016604874283075333,0.7464869618415833,,,
Llama-base,grpo,10,-4.077880859375,-4.077880859375,280.484375,0.03355875611305237,0.8717920780181885,,,
Llama-base,grpo,11,-2.092008113861084,-1.89593505859375,306.21875,0.08023597300052643,0.8583499193191528,,,
Llama-base,grpo,12,-4.610931396484375,-4.610931396484375,205.59375,0.0629313662648201,0.831494927406311,,,
Llama-base,grpo,13,-1.2020577192306519,-0.6138381958007812,332.734375,0.03521160036325455,0.625612735748291,,,
Llama-base,grpo,14,-4.9121551513671875,-4.9121551513671875,336.890625,0.030715906992554665,0.6011708974838257,,,
Llama-base,grpo,15,-8.228616714477539,-8.031585693359375,314.421875,0.03364831581711769,0.7771210670471191,,,
Llama-base,grpo,16,3.580718994140625,3.580718994140625,232.03125,0.037222228944301605,0.6437366604804993,,,
Llama-base,grpo,17,2.1319580078125,2.1319580078125,291.734375,0.038850970566272736,0.6705208420753479,,,
Llama-base,grpo,18,-2.2804739475250244,-1.8138427734375,379.375,0.04213994741439819,0.5024248361587524,,,
Llama-base,grpo,19,-1.134535312652588,-1.11328125,268.96875,0.049487706273794174,0.6983084082603455,,,
Llama-base,grpo,20,-4.571070194244385,-4.548858642578125,268.421875,0.038258615881204605,0.6702798008918762,,,
Llama-base,grpo,21,1.3454258441925049,1.5742416381835938,508.53125,0.0410488098859787,0.6832256317138672,,,
Llama-base,grpo,22,-3.1897125244140625,-3.1897125244140625,362.5625,0.05290107801556587,0.537467360496521,,,
Llama-base,grpo,23,3.53094482421875,3.53094482421875,226.015625,0.062745101749897,0.5584918856620789,,,
Llama-base,grpo,24,8.553634643554688,8.553634643554688,373.078125,0.06724999099969864,0.7467495203018188,,,
Llama-base,grpo,25,-2.5704851150512695,-2.53582763671875,273.0,0.05609346926212311,0.48828795552253723,,,
Llama-base,grpo,26,-2.204383373260498,-2.13372802734375,296.234375,0.0921451672911644,0.5339112877845764,,,
Llama-base,grpo,27,5.369990348815918,5.3770751953125,406.03125,0.058884404599666595,0.7518417239189148,,,
Llama-base,grpo,28,0.035306453704833984,0.33286285400390625,400.171875,0.07165303081274033,0.6514279842376709,,,
Llama-base,grpo,29,-3.7347326278686523,-3.4930877685546875,383.96875,0.08340837061405182,0.5299848318099976,,,
Llama-base,grpo,30,7.700757026672363,8.51568603515625,635.515625,0.05562928318977356,0.865406334400177,,,
Llama-base,grpo,31,-2.102264881134033,-1.9035110473632812,346.875,0.08540350198745728,0.5617627501487732,,,
Llama-base,grpo,32,5.856794834136963,6.42950439453125,574.390625,0.05757563188672066,1.1683100461959839,,,
Llama-base,grpo,33,-3.6274514198303223,-3.6150054931640625,454.875,0.0731525719165802,0.7225263714790344,,,
Llama-base,grpo,34,-0.20401330292224884,0.009101390838623047,415.15625,0.0754987820982933,0.8456196188926697,,,
Llama-base,grpo,35,-1.1091270446777344,-1.10223388671875,328.65625,0.10236216336488724,0.8637359738349915,,,
Llama-base,grpo,36,-0.04584912955760956,0.8460540771484375,623.640625,0.050398074090480804,0.7383603453636169,,,
Llama-base,grpo,37,-4.963549613952637,-3.8359375,703.640625,0.04828978329896927,0.9020417928695679,,,
Llama-base,grpo,38,-0.45559996366500854,-0.27388763427734375,278.578125,0.10446597635746002,0.7337380647659302,,,
Llama-base,grpo,39,-1.536142110824585,-1.0785102844238281,529.828125,0.060208581387996674,0.8713372945785522,,,
Llama-base,grpo,40,-4.579714775085449,-3.1767578125,611.78125,0.05608095973730087,0.9862945079803467,,,
Llama-base,grpo,41,-2.2970094680786133,-0.588836669921875,764.640625,0.04799475148320198,0.9166592955589294,,,
Llama-base,grpo,42,3.871987819671631,4.300323486328125,375.171875,0.07073085755109787,0.9146364331245422,,,
Llama-base,grpo,43,2.857318878173828,4.356781005859375,436.96875,0.06934072822332382,0.8231909871101379,,,
Llama-base,grpo,44,-0.4672488868236542,0.21268844604492188,570.171875,0.04628518968820572,1.0806294679641724,,,
Llama-base,grpo,45,-0.35301196575164795,-0.28618621826171875,340.1875,0.06248372793197632,1.339432716369629,,,
Llama-base,grpo,46,-1.5123648643493652,-0.435302734375,604.546875,0.03625131770968437,1.1898112297058105,,,
Llama-base,grpo,47,-4.368168830871582,-3.0297393798828125,439.59375,0.04814336076378822,0.8377721905708313,,,
Llama-base,grpo,48,-2.5314085483551025,-2.15228271484375,583.609375,0.04128997027873993,1.3677088022232056,,,
Llama-base,grpo,49,4.510828495025635,4.52001953125,550.96875,0.056078068912029266,1.2336783409118652,,,
Llama-base,grpo,50,6.363315582275391,6.383037567138672,587.640625,0.052399586886167526,1.2324330806732178,,,
Llama-base,grpo,51,-2.0249974727630615,-2.00048828125,318.46875,0.06308142840862274,1.0417442321777344,,,
Llama-base,grpo,52,0.7690236568450928,1.16729736328125,471.859375,0.04099095240235329,0.9996467232704163,,,
Llama-base,grpo,53,3.2562716007232666,3.388965606689453,411.953125,0.051607646048069,0.9018463492393494,,,
Llama-base,grpo,54,5.915736198425293,6.139190673828125,517.984375,0.05222369730472565,1.2244346141815186,,,
Llama-base,grpo,55,1.6421058177947998,1.8444976806640625,430.4375,0.057207778096199036,1.2363841533660889,,,
Llama-base,grpo,56,-3.723437786102295,-3.5170249938964844,344.0625,0.06464289128780365,0.839788019657135,,,
Llama-base,grpo,57,4.747219085693359,4.81500244140625,334.953125,0.06462079286575317,0.9863094687461853,,,
Llama-base,grpo,58,6.56674861907959,6.628021240234375,313.15625,0.0773312896490097,1.043197512626648,,,
Llama-base,grpo,59,-2.5088906288146973,-2.124786376953125,587.609375,0.06553678959608078,1.131529688835144,,,
Llama-base,grpo,60,1.5043582916259766,1.7641935348510742,448.578125,0.08174435794353485,0.9531104564666748,,,
Llama-base,grpo,61,-1.467874526977539,-1.2530364990234375,401.59375,0.08581046015024185,0.9844830632209778,,,
Llama-base,grpo,62,-0.07671713829040527,1.1749725341796875,517.671875,0.05408550798892975,0.8058393001556396,,,
Llama-base,grpo,63,6.239721775054932,6.435794830322266,359.609375,0.08373523503541946,1.0195817947387695,,,
Llama-base,grpo,64,-3.5777347087860107,-1.849456787109375,657.5625,0.07371389865875244,0.929639995098114,,,
Llama-base,grpo,65,9.515045166015625,9.515045166015625,281.546875,0.14757105708122253,0.9111892580986023,,,
Llama-base,grpo,66,-3.482191801071167,-3.15802001953125,544.421875,0.0907660722732544,1.1079230308532715,,,
Llama-base,grpo,67,2.9549903869628906,5.09552001953125,838.96875,0.051259927451610565,0.7273874878883362,,,
Llama-base,grpo,68,5.468837738037109,6.466819763183594,581.921875,0.08478689193725586,0.9007160067558289,,,
Llama-base,grpo,69,-0.05029261112213135,1.727386474609375,733.984375,0.06671762466430664,1.2153874635696411,,,
Llama-base,grpo,70,5.003168106079102,5.02423095703125,410.671875,0.0914304107427597,0.8562220931053162,,,
Llama-base,grpo,71,6.3226752281188965,6.7422027587890625,508.0,0.07802969962358475,0.8559203147888184,,,
Llama-base,grpo,72,5.142548084259033,5.3843841552734375,491.953125,0.08579771965742111,0.9227933287620544,,,
Llama-base,grpo,73,4.40918493270874,4.538623809814453,375.71875,0.12084053456783295,0.8246994614601135,,,
Llama-base,grpo,74,3.8283307552337646,4.603240966796875,759.171875,0.06386023759841919,0.8151064515113831,,,
Llama-base,grpo,75,8.481489181518555,8.9676513671875,493.046875,0.08349327743053436,0.8087390661239624,,,
Llama-base,grpo,76,0.6508302092552185,1.02325439453125,518.109375,0.08468016237020493,0.8624045252799988,,,
Llama-base,grpo,77,5.144518852233887,5.163475036621094,356.703125,0.13896767795085907,0.8223690390586853,,,
Llama-base,grpo,78,5.450376510620117,6.750701904296875,684.3125,0.07185281068086624,0.9326817393302917,,,
Llama-base,grpo,79,4.336126804351807,4.38763427734375,428.640625,0.09142207354307175,0.7938044667243958,,,
Llama-base,grpo,80,4.4473724365234375,4.6616363525390625,267.4375,0.18849439918994904,0.7068447470664978,,,
Llama-base,grpo,81,-6.226322174072266,-5.1615142822265625,466.046875,0.08014445751905441,0.6849839091300964,,,
Llama-base,grpo,82,5.693758487701416,6.225109100341797,631.921875,0.10957925766706467,1.1068415641784668,,,
Llama-base,grpo,83,1.9554955959320068,2.61264705657959,426.578125,0.11052066832780838,1.2576934099197388,,,
Llama-base,grpo,84,0.1418466567993164,0.8677387237548828,572.84375,0.07864744961261749,0.9979184865951538,,,
Llama-base,grpo,85,3.90438175201416,5.596853256225586,696.328125,0.06723828613758087,1.2073500156402588,,,
Llama-base,grpo,86,2.715409755706787,2.823211669921875,675.765625,0.06411074101924896,0.9630798697471619,,,
Llama-base,grpo,87,0.6473680734634399,1.137359619140625,555.203125,0.07516797631978989,1.065661907196045,,,
Llama-base,grpo,88,2.4581634998321533,2.575347900390625,460.734375,0.08719899505376816,0.6686490774154663,,,
Llama-base,grpo,89,4.02748966217041,4.538543701171875,526.734375,0.05780468508601189,1.0129523277282715,,,
Llama-base,grpo,90,9.18642807006836,9.328887939453125,406.0625,0.08124895393848419,1.2314263582229614,,,
Llama-base,grpo,91,15.192801475524902,15.3563232421875,531.828125,0.06795069575309753,1.1638026237487793,,,
Llama-base,grpo,92,-3.424250364303589,-1.08343505859375,831.53125,0.059223368763923645,1.2150355577468872,,,
Llama-base,grpo,93,3.5838139057159424,3.814544677734375,400.78125,0.06271567940711975,0.8922372460365295,,,
Llama-base,grpo,94,2.720947265625,2.720947265625,228.828125,0.12427394837141037,1.0234243869781494,,,
Llama-base,grpo,95,-1.492328405380249,-1.214111328125,465.484375,0.061711475253105164,0.9696972966194153,,,
Llama-base,grpo,96,1.9766144752502441,3.4140377044677734,722.109375,0.052396029233932495,0.8541384935379028,,,
Llama-base,grpo,97,0.14597615599632263,0.654541015625,473.90625,0.054009757936000824,0.6686142683029175,,,
Llama-base,grpo,98,6.564141273498535,7.1617431640625,435.328125,0.0673958882689476,0.8821927309036255,,,
Llama-base,grpo,99,-0.09619903564453125,-0.09619903564453125,202.6875,0.07323188334703445,0.6704049110412598,,,
Llama-base,grpo,100,2.437185525894165,2.6834259033203125,353.78125,0.056798797100782394,0.9724099040031433,,,
Llama-base,grpo,101,-8.800374984741211,-8.573665618896484,169.75,0.09640064835548401,0.6846017837524414,,,
Llama-base,grpo,102,-2.4115676879882812,-2.4115676879882812,231.296875,0.07158292829990387,1.1125870943069458,,,
Llama-base,grpo,103,8.6404390335083,8.7689208984375,321.5625,0.06405384838581085,1.1662123203277588,,,
Llama-base,grpo,104,-2.43635630607605,-2.4193148612976074,345.0625,0.050095316022634506,0.695624053478241,,,
Llama-base,grpo,105,6.948028564453125,6.948028564453125,220.359375,0.08176162838935852,0.880883514881134,,,
Llama-base,grpo,106,-5.4360857009887695,-5.0789794921875,346.515625,0.06909257173538208,0.8497596979141235,,,
Llama-base,grpo,107,3.9654617309570312,4.1031341552734375,426.953125,0.06284204125404358,0.9833072423934937,,,
Llama-base,grpo,108,4.523298263549805,5.3734588623046875,642.859375,0.05333786830306053,0.9278783798217773,,,
Llama-base,grpo,109,2.435387134552002,2.5768890380859375,320.34375,0.05438436567783356,0.6435790061950684,,,
Llama-base,grpo,110,7.805434703826904,8.582834243774414,313.125,0.05989422649145126,0.7627320289611816,,,
Llama-base,grpo,111,2.1980233192443848,2.4825592041015625,345.375,0.10327557474374771,0.8345678448677063,,,
Llama-base,grpo,112,3.2774157524108887,3.5931625366210938,443.1875,0.06467584520578384,0.8188053965568542,,,
Llama-base,grpo,113,1.7233421802520752,2.261394500732422,265.078125,0.04854722321033478,0.5019900798797607,,,
Llama-base,grpo,114,2.9766759872436523,4.2611083984375,586.71875,0.054865576326847076,0.5638202428817749,,,
Llama-base,grpo,115,3.213700294494629,3.36688232421875,216.375,0.0922086238861084,0.6801686882972717,,,
Llama-base,grpo,116,5.72373104095459,6.39849853515625,559.296875,0.07375559210777283,0.877568781375885,,,
Llama-base,grpo,117,8.989080429077148,9.595108032226562,608.828125,0.08064600825309753,0.8052278757095337,,,
Llama-base,grpo,118,4.370694160461426,4.52081298828125,368.0,0.09842605143785477,0.7885215878486633,,,
Llama-base,grpo,119,-6.240835189819336,-6.204071044921875,219.203125,0.11431635171175003,0.6540813446044922,,,
Llama-base,grpo,120,-4.949344635009766,-4.588409423828125,414.3125,0.10844931751489639,0.6726117134094238,,,
Llama-base,grpo,121,-0.27419185638427734,0.0107269287109375,379.03125,0.11994083225727081,0.6437371373176575,,,
Llama-base,grpo,122,0.4105604887008667,0.4494304656982422,304.03125,0.11743491888046265,0.626789927482605,,,
Llama-base,grpo,123,-6.08245849609375,-6.08245849609375,180.28125,0.15166190266609192,0.3753204047679901,,,
Llama-base,grpo,124,4.404762268066406,4.5364990234375,418.421875,0.08769503235816956,0.5271561145782471,,,
Llama-base,grpo,125,8.521929740905762,8.7965087890625,456.71875,0.09849489480257034,0.7357345223426819,,,
Llama-base,grpo,126,4.266932487487793,5.2515106201171875,611.15625,0.09581156820058823,0.6816608905792236,,,
Llama-base,grpo,127,5.84388542175293,6.753021240234375,430.796875,0.10923466831445694,0.5587877035140991,,,
Llama-base,grpo,128,-1.958590030670166,-0.5022106170654297,517.3125,0.09215189516544342,0.5639581680297852,,,
Llama-base,grpo,129,8.636678695678711,9.390718460083008,476.09375,0.09994077682495117,0.5950099229812622,,,
Llama-base,grpo,130,1.7330225706100464,3.073749542236328,571.765625,0.07430262863636017,0.9120036363601685,,,
Llama-base,grpo,131,3.833986759185791,4.270938873291016,423.609375,0.1133580431342125,0.6787784695625305,,,
Llama-base,grpo,132,1.3578418493270874,3.347869873046875,770.234375,0.0628344938158989,0.92916339635849,,,
Llama-base,grpo,133,1.1395485401153564,1.365875244140625,382.59375,0.106559157371521,0.7843114733695984,,,
Llama-base,grpo,134,-3.9916629791259766,-2.1033096313476562,739.25,0.0890672355890274,0.8590067625045776,,,
Llama-base,grpo,135,3.462244987487793,3.70733642578125,526.828125,0.09016824513673782,1.0399785041809082,,,
Llama-base,grpo,136,5.4770660400390625,6.074859619140625,432.984375,0.11724884808063507,0.8687707185745239,,,
Llama-base,grpo,137,2.9755406379699707,3.3450927734375,447.53125,0.12323366850614548,0.6111059784889221,,,
Llama-base,grpo,138,7.687662124633789,9.382431030273438,659.203125,0.09638040512800217,0.7759613990783691,,,
Llama-base,grpo,139,1.933187484741211,2.7379684448242188,608.0,0.10366883873939514,0.8887626528739929,,,
Llama-base,grpo,140,5.6319427490234375,6.63873291015625,652.03125,0.11284028738737106,0.8714852333068848,,,
Llama-base,grpo,141,11.73353099822998,13.5675048828125,906.375,0.09506279975175858,0.7681128978729248,,,
Llama-base,grpo,142,9.79724407196045,11.192733764648438,689.640625,0.1057312935590744,0.8272638916969299,,,
Llama-base,grpo,143,5.744658470153809,6.7123870849609375,819.71875,0.11515232175588608,0.7967086434364319,,,
Llama-base,grpo,144,-5.725528717041016,-3.435455322265625,945.390625,0.09475281089544296,0.9785037040710449,,,
Llama-base,grpo,145,3.246617317199707,4.202665328979492,443.546875,0.17140412330627441,0.6991512775421143,,,
Llama-base,grpo,146,9.504178047180176,9.841178894042969,561.609375,0.10402654111385345,0.8985836505889893,,,
Llama-base,grpo,147,10.46753215789795,10.4884033203125,435.34375,0.12556952238082886,0.8736516833305359,,,
Llama-base,grpo,148,0.11281046271324158,0.21448516845703125,480.796875,0.11592084914445877,0.9101787805557251,,,
Llama-base,grpo,149,2.492887020111084,2.9334774017333984,574.1875,0.10105045884847641,0.8605197668075562,,,
Llama-base,grpo,150,-0.6698251962661743,0.5284423828125,582.34375,0.09172694385051727,0.9682705998420715,,,
Llama-base,grpo,151,6.243451118469238,6.45465087890625,436.234375,0.12116646766662598,1.0098556280136108,,,
Llama-base,grpo,152,10.587018966674805,11.205108642578125,643.234375,0.06598535180091858,0.8109013438224792,,,
Llama-base,grpo,153,4.716218948364258,5.1562347412109375,534.0625,0.08891424536705017,0.9090511202812195,,,
Llama-base,grpo,154,3.9666740894317627,4.3523101806640625,560.90625,0.0813848227262497,0.9976732134819031,,,
Llama-base,grpo,155,-0.35946163535118103,0.0365142822265625,613.96875,0.07742932438850403,1.0394536256790161,,,
Llama-base,grpo,156,4.245748519897461,4.62774658203125,556.5,0.08836573362350464,0.8932863473892212,,,
Llama-base,grpo,157,-0.20761756598949432,0.28371429443359375,529.859375,0.06783849000930786,0.9347940683364868,,,
Llama-base,grpo,158,6.5362548828125,6.5362548828125,243.25,0.07697191834449768,1.092879056930542,,,
Llama-base,grpo,159,3.865968704223633,4.669792175292969,661.90625,0.05587223544716835,1.17450749874115,,,
Llama-base,grpo,160,2.217926025390625,2.217926025390625,404.203125,0.06562011688947678,1.1687374114990234,,,
Llama-base,grpo,161,3.335357189178467,3.87628173828125,457.109375,0.07610290497541428,1.3971457481384277,,,
Llama-base,grpo,162,-1.8967384099960327,-1.8961639404296875,351.71875,0.09084662795066833,1.0489457845687866,,,
Llama-base,grpo,163,-4.885445594787598,-4.8793182373046875,268.09375,0.07920525968074799,0.9303922057151794,,,
Llama-base,grpo,164,1.8278350830078125,1.8278350830078125,326.03125,0.10207338631153107,1.1116403341293335,,,
Llama-base,grpo,165,0.5164794921875,0.5164794921875,340.40625,0.10420103371143341,1.2416648864746094,,,
Llama-base,grpo,166,-4.262263298034668,-3.083526611328125,442.875,0.06254462152719498,1.1543593406677246,,,
Llama-base,grpo,167,-1.839618444442749,-1.6400985717773438,380.234375,0.05867859348654747,1.0354440212249756,,,
Llama-base,grpo,168,-3.58052396774292,-3.5186767578125,522.53125,0.05102921277284622,0.9657773375511169,,,
Llama-base,grpo,169,-0.2487640380859375,-0.2487640380859375,282.21875,0.07666776329278946,0.7713130116462708,,,
Llama-base,grpo,170,-1.393531322479248,-0.5719003677368164,422.734375,0.05756932124495506,1.064923644065857,,,
Llama-base,grpo,171,-0.9048100709915161,-0.18255615234375,506.875,0.06651423871517181,0.7601507306098938,,,
Llama-base,grpo,172,6.3553009033203125,6.418296813964844,442.015625,0.06362210959196091,1.101720929145813,,,
Llama-base,grpo,173,-4.52398681640625,-4.52398681640625,270.671875,0.10747403651475906,0.9335004091262817,,,
Llama-base,grpo,174,4.864542007446289,4.934814453125,456.21875,0.0698573961853981,1.0570380687713623,,,
Llama-base,grpo,175,4.809675216674805,4.865203857421875,399.15625,0.06945132464170456,0.8217481970787048,,,
Llama-base,grpo,176,4.0872955322265625,4.0872955322265625,308.953125,0.07592814415693283,0.9937000870704651,,,
Llama-base,grpo,177,6.249887943267822,6.249887943267822,413.875,0.062496867030858994,0.8987026810646057,,,
Llama-base,grpo,178,5.881500244140625,5.881500244140625,369.171875,0.07128295302391052,0.7390906810760498,,,
Llama-base,grpo,179,7.290938377380371,7.291130065917969,426.625,0.06739874929189682,0.8853617310523987,,,
Llama-base,grpo,180,4.996173858642578,5.0679779052734375,429.984375,0.07770261913537979,0.9467801451683044,,,
Llama-base,grpo,181,5.330093860626221,5.589546203613281,400.171875,0.06841614097356796,0.6480326056480408,,,
Llama-base,grpo,182,1.5043344497680664,2.568950653076172,583.015625,0.08684363216161728,0.9574564695358276,,,
Llama-base,grpo,183,2.1391968727111816,2.265380859375,341.40625,0.11809778958559036,1.0379225015640259,,,
Llama-base,grpo,184,0.4199622869491577,1.1833839416503906,507.21875,0.10158547013998032,0.6696124076843262,,,
Llama-base,grpo,185,3.3351426124572754,4.192962646484375,722.546875,0.06223521754145622,1.0158358812332153,,,
Llama-base,grpo,186,6.535373687744141,6.74676513671875,395.984375,0.09543224424123764,0.7569820284843445,,,
Llama-base,grpo,187,-1.5244052410125732,-1.41851806640625,466.796875,0.07837767153978348,0.647087037563324,,,
Llama-base,grpo,188,5.522361755371094,5.579039096832275,403.84375,0.09995957463979721,0.9878382682800293,,,
Llama-base,grpo,189,7.986981391906738,8.8863525390625,620.8125,0.07691201567649841,0.820493757724762,,,
Llama-base,grpo,190,12.918702125549316,13.388397216796875,613.0,0.08652917295694351,1.0200421810150146,,,
Llama-base,grpo,191,7.440568923950195,9.3358154296875,686.703125,0.06791404634714127,0.664486289024353,,,
Llama-base,grpo,192,13.874778747558594,13.9454345703125,390.84375,0.09860076010227203,0.9639560580253601,,,
Llama-base,grpo,193,4.756227016448975,6.140802383422852,561.984375,0.07577406615018845,0.5354486107826233,,,
Llama-base,grpo,194,9.073493003845215,9.25922679901123,405.703125,0.12603631615638733,0.8602421283721924,,,
Llama-base,grpo,195,3.3936495780944824,3.8214111328125,485.984375,0.09129221737384796,1.1088179349899292,,,
Llama-base,grpo,196,6.994415283203125,6.994415283203125,303.640625,0.11372771859169006,0.7905284762382507,,,
Llama-base,grpo,197,2.1561408042907715,2.8981170654296875,417.59375,0.10177679359912872,0.6818680763244629,,,
Llama-base,grpo,198,14.113495826721191,14.762222290039062,525.921875,0.084390789270401,0.8904850482940674,,,
Llama-base,grpo,199,-0.5653429627418518,-0.05084228515625,548.0,0.07294365763664246,0.6826143860816956,,,
Llama-base,grpo,200,11.481291770935059,11.481291770935059,477.84375,0.09475964307785034,0.9913696646690369,,,
Llama-base,grpo,201,7.808931827545166,8.14459228515625,513.890625,0.081339530646801,0.8342865109443665,,,
Llama-base,grpo,202,6.532732009887695,6.68897819519043,484.546875,0.08206892013549805,0.7038741111755371,,,
Llama-base,grpo,203,4.323376178741455,4.36358642578125,338.890625,0.10813737660646439,1.0301086902618408,,,
Llama-base,grpo,204,5.461758613586426,5.67889404296875,419.125,0.11447484791278839,1.051782250404358,,,
Llama-base,grpo,205,0.55316162109375,0.55316162109375,250.4375,0.1474202573299408,0.9042179584503174,,,
Llama-base,grpo,206,4.696804046630859,4.94744873046875,422.28125,0.09073161333799362,0.8751084804534912,,,
Llama-base,grpo,207,17.76666259765625,17.76666259765625,447.234375,0.10272008180618286,0.9566844701766968,,,
Llama-base,grpo,208,12.329916954040527,12.363616943359375,511.25,0.08823882788419724,0.9151759147644043,,,
Llama-base,grpo,209,5.777721405029297,5.777721405029297,311.21875,0.1674940288066864,1.0357016324996948,,,
Llama-base,grpo,210,6.618427753448486,7.261601448059082,605.453125,0.09429600834846497,0.9956097602844238,,,
Llama-base,grpo,211,1.0814203023910522,1.46112060546875,462.265625,0.11107736080884933,1.0350700616836548,,,
Llama-base,grpo,212,5.062870979309082,6.046875,601.53125,0.08354604244232178,0.9499793648719788,,,
Llama-base,grpo,213,6.661881923675537,6.669349670410156,290.984375,0.12163197994232178,1.2152366638183594,,,
Llama-base,grpo,214,0.896453857421875,0.896453857421875,229.46875,0.15386593341827393,1.1409600973129272,,,
Llama-base,grpo,215,3.2252368927001953,4.53839111328125,587.15625,0.09230449795722961,0.8458945751190186,,,
Llama-base,grpo,216,10.601754188537598,10.772552490234375,423.328125,0.09255993366241455,0.9675822854042053,,,
Llama-base,grpo,217,8.075587272644043,8.35418701171875,442.984375,0.07346273958683014,0.8202257752418518,,,
Llama-base,grpo,218,12.166958808898926,13.178535461425781,706.546875,0.07533802092075348,0.922039806842804,,,
Llama-base,grpo,219,3.69195556640625,3.69195556640625,336.203125,0.10492224246263504,1.1397150754928589,,,
Llama-base,grpo,220,3.938577175140381,4.461311340332031,423.546875,0.07991199195384979,1.0421968698501587,,,
Llama-base,grpo,221,-1.5068292617797852,-1.4800224304199219,380.84375,0.08765654265880585,1.1081186532974243,,,
Llama-base,grpo,222,9.59800910949707,9.888671875,503.203125,0.08428478240966797,1.1610074043273926,,,
Llama-base,grpo,223,-0.7099995613098145,0.108184814453125,531.609375,0.07142382115125656,0.7411665320396423,,,
Llama-base,grpo,224,0.06206226348876953,1.63409423828125,538.078125,0.07327672094106674,0.9902892112731934,,,
Llama-base,grpo,225,4.150351524353027,4.9176025390625,642.125,0.08263638615608215,1.175876259803772,,,
Llama-base,grpo,226,7.026777744293213,7.84515380859375,543.8125,0.0905187577009201,0.8916946053504944,,,
Llama-base,grpo,227,3.1967194080352783,3.6325225830078125,469.59375,0.0888008177280426,0.5501629710197449,,,
Llama-base,grpo,228,4.206838607788086,4.65374755859375,676.1875,0.07667051255702972,0.7826001644134521,,,
Llama-base,grpo,229,4.008857727050781,5.1690216064453125,696.171875,0.09931444376707077,1.0408300161361694,,,
Llama-base,grpo,230,14.072248458862305,14.9381103515625,716.359375,0.08347471058368683,0.9218658208847046,,,
Llama-base,grpo,231,5.934704780578613,7.51458740234375,556.5,0.09565790742635727,0.9225795865058899,,,
Llama-base,grpo,232,0.5421842336654663,0.8171463012695312,392.625,0.10177505761384964,1.0471888780593872,,,
Llama-base,grpo,233,8.226155281066895,8.513946533203125,533.59375,0.11605910211801529,1.1051788330078125,,,
Llama-base,grpo,234,10.894046783447266,13.559417724609375,1014.59375,0.08659259974956512,1.1060168743133545,,,
Llama-base,grpo,235,7.76113224029541,8.667587280273438,769.96875,0.08334692567586899,1.03797447681427,,,
Llama-base,grpo,236,5.278750419616699,5.364532470703125,564.453125,0.10130459070205688,0.8167128562927246,,,
Llama-base,grpo,237,5.147772789001465,5.30535888671875,556.984375,0.09118058532476425,1.0332977771759033,,,
Llama-base,grpo,238,1.9364842176437378,2.196319580078125,622.84375,0.11225257813930511,0.7551559805870056,,,
Llama-base,grpo,239,6.251142501831055,8.399139404296875,900.234375,0.0840906873345375,0.7769470810890198,,,
Llama-base,grpo,240,13.499353408813477,13.98455810546875,560.921875,0.10237613320350647,0.9113264679908752,,,
Llama-base,grpo,241,9.255882263183594,9.601882934570312,544.453125,0.09183616936206818,0.7607266306877136,,,
Llama-base,grpo,242,-3.0100440979003906,-2.4132080078125,553.390625,0.09792949259281158,0.850980281829834,,,
Llama-base,grpo,243,5.326518535614014,5.585205078125,582.140625,0.08250536024570465,0.8468311429023743,,,
Llama-base,grpo,244,8.242213249206543,8.327229499816895,516.984375,0.09306743741035461,0.963675856590271,,,
Llama-base,grpo,245,7.401984214782715,7.704519271850586,540.859375,0.07830203324556351,0.7050871253013611,,,
Llama-base,grpo,246,-3.178992509841919,-3.1575469970703125,468.234375,0.09681360423564911,0.6996996402740479,,,
Llama-base,grpo,247,12.483531951904297,12.82666015625,696.6875,0.07745527476072311,0.9289889335632324,,,
Llama-base,grpo,248,19.495126724243164,19.604843139648438,604.015625,0.09318909049034119,1.0908530950546265,,,
Llama-base,grpo,249,11.525932312011719,12.005584716796875,610.578125,0.08768092095851898,0.6264340281486511,,,
Llama-base,grpo,250,11.78183650970459,12.3365478515625,437.6875,0.10636235773563385,0.7927667498588562,,,
Llama-base,lam4,1,-9.411829948425293,-8.91034984588623,388.40625,5.122399984784859e-16,1.024611473083496,0.9385613203048706,0.14867815375328064,4.0
Llama-base,lam4,2,-5.819092273712158,-5.70880126953125,201.6875,0.0012716762721538544,0.8088380694389343,0.9345030188560486,0.21552228927612305,4.0
Llama-base,lam4,3,-3.262392044067383,-3.262392044067383,263.703125,0.0038888854905962944,0.854864239692688,0.9430947303771973,0.19676236808300018,4.0
Llama-base,lam4,4,-1.2581226825714111,-1.195892333984375,352.046875,0.00898007582873106,0.9544953107833862,0.9500389695167542,0.17212717235088348,4.0
Llama-base,lam4,5,-3.8940248489379883,-3.780670166015625,374.46875,0.009449902921915054,0.651465654373169,0.9398672580718994,0.17313772439956665,4.0
Llama-base,lam4,6,-6.325970649719238,-6.0021820068359375,425.25,0.013253740966320038,0.6812264323234558,0.9563928842544556,0.1576298177242279,4.0
Llama-base,lam4,7,-7.206451416015625,-7.206451416015625,387.625,0.014503712765872478,1.1329591274261475,0.9566447734832764,0.19266854226589203,4.0
Llama-base,lam4,8,-1.3920929431915283,-1.3273735046386719,414.796875,0.01940462924540043,0.7278656959533691,0.9595752954483032,0.16439446806907654,4.0
Llama-base,lam4,9,1.599884033203125,1.599884033203125,355.71875,0.024842390790581703,0.8304007053375244,0.9581782817840576,0.19710838794708252,4.0
Llama-base,lam4,10,-3.89422607421875,-3.89422607421875,297.765625,0.03746943175792694,0.986182689666748,0.949724555015564,0.20039117336273193,4.0
Llama-base,lam4,11,-2.2135467529296875,-2.2135467529296875,300.25,0.04966679960489273,1.010877013206482,0.9532195329666138,0.19511739909648895,4.0
Llama-base,lam4,12,-4.622223377227783,-4.56707763671875,342.484375,0.07016979902982712,0.8790942430496216,0.9566044807434082,0.18067458271980286,4.0
Llama-base,lam4,13,2.2218017578125,2.2218017578125,290.625,0.03859943896532059,0.8771922588348389,0.9427472352981567,0.21881544589996338,4.0
Llama-base,lam4,14,-4.8502912521362305,-4.79840087890625,432.453125,0.03069225326180458,0.8868810534477234,0.9613385200500488,0.1782771795988083,4.0
Llama-base,lam4,15,-5.15439510345459,-5.095611572265625,337.328125,0.04237648472189903,0.9754115343093872,0.9408583045005798,0.19071610271930695,4.0
Llama-base,lam4,16,6.79759407043457,6.802955627441406,309.25,0.05430292338132858,0.8276045322418213,0.9545044898986816,0.17623034119606018,4.0
Llama-base,lam4,17,6.996974945068359,7.043121337890625,426.359375,0.04069192707538605,0.8333925008773804,0.948096752166748,0.17220988869667053,4.0
Llama-base,lam4,18,-1.2120057344436646,-1.10382080078125,436.625,0.05457169562578201,0.8437336683273315,0.9656749367713928,0.16135889291763306,4.0
Llama-base,lam4,19,3.09072208404541,3.13763427734375,427.875,0.05380996689200401,0.8899661302566528,0.9591758251190186,0.1623528003692627,4.0
Llama-base,lam4,20,-0.16088706254959106,0.21651554107666016,377.328125,0.053819309920072556,0.928468644618988,0.9295767545700073,0.1772685945034027,4.0
Llama-base,lam4,21,2.786266565322876,4.315216064453125,717.171875,0.05888298526406288,0.7745795845985413,0.9725364446640015,0.13233605027198792,4.0
Llama-base,lam4,22,2.0803685188293457,2.084197998046875,462.25,0.06886623799800873,0.7225857377052307,0.9639362096786499,0.15013937652111053,4.0
Llama-base,lam4,23,4.352500915527344,4.352500915527344,266.015625,0.13441427052021027,0.7766172289848328,0.9499485492706299,0.1936992108821869,4.0
Llama-base,lam4,24,6.637779235839844,6.658842086791992,370.78125,0.0767693966627121,0.9929600954055786,0.9647009372711182,0.16141286492347717,4.0
Llama-base,lam4,25,-3.6209564208984375,-3.6209564208984375,206.984375,0.09923269599676132,0.7423396706581116,0.9199697375297546,0.20291905105113983,4.0
Llama-base,lam4,26,-4.008813858032227,-3.351470947265625,323.84375,0.09667940437793732,0.6251131892204285,0.9249194860458374,0.17315232753753662,4.0
Llama-base,lam4,27,6.47928524017334,6.66827392578125,330.375,0.07972053438425064,0.9224809408187866,0.9451058506965637,0.16644586622714996,4.0
Llama-base,lam4,28,-0.31672531366348267,-0.20892333984375,248.703125,0.10020364075899124,0.8110422492027283,0.9234635233879089,0.19441424310207367,4.0
Llama-base,lam4,29,-2.617401361465454,-2.1551742553710938,356.71875,0.0885203555226326,0.6332697868347168,0.9246917963027954,0.15758483111858368,4.0
Llama-base,lam4,30,5.814935684204102,5.8516998291015625,283.484375,0.10889618843793869,1.0303102731704712,0.9248482584953308,0.19251900911331177,4.0
Llama-base,lam4,31,-0.0861891508102417,0.12615966796875,237.09375,0.1187974363565445,0.7521123290061951,0.9225794076919556,0.1928950697183609,4.0
Llama-base,lam4,32,7.703678607940674,7.751739501953125,311.671875,0.10096384584903717,1.073387861251831,0.9471992254257202,0.19518575072288513,4.0
Llama-base,lam4,33,-4.712226867675781,-4.712226867675781,217.28125,0.1557656228542328,0.6693551540374756,0.9163817167282104,0.22999459505081177,4.0
Llama-base,lam4,34,1.421661376953125,1.421661376953125,168.25,0.20347905158996582,0.7302761077880859,0.9241459369659424,0.2316489964723587,4.0
Llama-base,lam4,35,2.03314208984375,2.03314208984375,123.140625,0.20429421961307526,0.863620400428772,0.9181525111198425,0.24436485767364502,4.0
Llama-base,lam4,36,3.9957118034362793,4.166893005371094,423.578125,0.08097810298204422,0.6196278929710388,0.9514044523239136,0.15390782058238983,4.0
Llama-base,lam4,37,-1.3789688348770142,-0.89874267578125,505.5625,0.0669846162199974,0.7410884499549866,0.9477851986885071,0.15368570387363434,4.0
Llama-base,lam4,38,2.239473581314087,2.252685546875,169.375,0.17068339884281158,0.6506916880607605,0.8877881169319153,0.20156143605709076,4.0
Llama-base,lam4,39,2.50508451461792,2.5238494873046875,398.578125,0.08969986438751221,0.6851209402084351,0.9526281356811523,0.16856136918067932,4.0
Llama-base,lam4,40,-0.2586843967437744,0.74676513671875,451.59375,0.11576320230960846,0.7731130123138428,0.9357342720031738,0.1581997573375702,4.0
Llama-base,lam4,41,5.451193809509277,5.614715576171875,537.53125,0.0846959576010704,0.6894221901893616,0.9518982768058777,0.1468864232301712,4.0
Llama-base,lam4,42,9.47262191772461,9.6939697265625,345.546875,0.10492368042469025,0.7301021814346313,0.9250859022140503,0.17832572758197784,4.0
Llama-base,lam4,43,12.863258361816406,13.79345703125,392.03125,0.11845932900905609,0.5125759840011597,0.935055673122406,0.16931694746017456,4.0
Llama-base,lam4,44,9.107538223266602,9.6241455078125,552.734375,0.09468849748373032,0.7095099687576294,0.9604932069778442,0.15779875218868256,4.0
Llama-base,lam4,45,6.321875095367432,6.4107208251953125,426.90625,0.11908100545406342,0.8564911484718323,0.9641805291175842,0.16122998297214508,4.0
Llama-base,lam4,46,3.611309289932251,4.0723876953125,567.75,0.09000933170318604,0.7985475063323975,0.9647359251976013,0.13077214360237122,4.0
Llama-base,lam4,47,1.8702558279037476,3.045928955078125,457.484375,0.1063251793384552,0.570362389087677,0.9519921541213989,0.15650731325149536,4.0
Llama-base,lam4,48,4.494521141052246,5.1181640625,677.78125,0.09946603327989578,0.9040098786354065,0.9633645415306091,0.14249517023563385,4.0
Llama-base,lam4,49,16.50668716430664,16.808837890625,682.828125,0.11700405925512314,0.7489066123962402,0.9795511960983276,0.13953231275081635,4.0
Llama-base,lam4,50,23.230844497680664,23.719879150390625,744.09375,0.12077140808105469,0.7812983393669128,0.9783990979194641,0.13823235034942627,4.0
Llama-base,lam4,51,6.763744354248047,6.8709716796875,456.75,0.1345224678516388,0.7362099885940552,0.9662608504295349,0.1573970764875412,4.0
Llama-base,lam4,52,6.1623992919921875,7.213612079620361,656.53125,0.09885130822658539,0.7575123310089111,0.9700443148612976,0.14532746374607086,4.0
Llama-base,lam4,53,13.57050609588623,13.872467041015625,521.0,0.13497060537338257,0.6465184092521667,0.9659169912338257,0.15931740403175354,4.0
Llama-base,lam4,54,15.027292251586914,15.07037353515625,592.0625,0.13164940476417542,0.8315389752388,0.962713360786438,0.1588752567768097,4.0
Llama-base,lam4,55,11.100971221923828,11.540987014770508,603.53125,0.12900516390800476,0.9586541652679443,0.9680129885673523,0.13592007756233215,4.0
Llama-base,lam4,56,2.31390380859375,2.31390380859375,414.265625,0.14939990639686584,0.8378152847290039,0.9545189142227173,0.16931751370429993,4.0
Llama-base,lam4,57,10.937253952026367,11.482582092285156,495.265625,0.1297459602355957,0.8296980261802673,0.9551602602005005,0.17204788327217102,4.0
Llama-base,lam4,58,12.656169891357422,12.668807983398438,460.203125,0.14898298680782318,0.9209315180778503,0.9622761011123657,0.15254850685596466,4.0
Llama-base,lam4,59,7.17732048034668,7.5552978515625,636.921875,0.11974892020225525,1.000522255897522,0.9735618829727173,0.13401298224925995,4.0
Llama-base,lam4,60,2.193617582321167,2.85076904296875,530.359375,0.12351107597351074,0.9633711576461792,0.9652315974235535,0.14725258946418762,4.0
Llama-base,lam4,61,4.832033157348633,4.9279632568359375,431.65625,0.12497161328792572,0.9597390294075012,0.9457858204841614,0.1628592312335968,4.0
Llama-base,lam4,62,-0.5884506106376648,-0.385101318359375,477.328125,0.1103789210319519,0.874121367931366,0.9578543305397034,0.14477598667144775,4.0
Llama-base,lam4,63,6.0053253173828125,6.03289794921875,385.15625,0.10698658227920532,1.0646297931671143,0.9382754564285278,0.16954569518566132,4.0
Llama-base,lam4,64,-0.835851788520813,0.4979820251464844,602.96875,0.0950714498758316,0.9831833839416504,0.9659639596939087,0.14047576487064362,4.0
Llama-base,lam4,65,12.655618667602539,12.670745849609375,260.765625,0.17284075915813446,1.0551784038543701,0.9423206448554993,0.20854637026786804,4.0
Llama-base,lam4,66,-2.753143310546875,-2.753143310546875,341.515625,0.12652534246444702,1.234487533569336,0.9471703767776489,0.1921728551387787,4.0
Llama-base,lam4,67,6.114380836486816,7.1407012939453125,663.875,0.06293927878141403,0.7922553420066833,0.9542069435119629,0.12601019442081451,4.0
Llama-base,lam4,68,5.406467437744141,6.401576995849609,488.40625,0.09017743170261383,1.0521016120910645,0.9413965940475464,0.1592368185520172,4.0
Llama-base,lam4,69,2.7020857334136963,3.420318603515625,503.125,0.08414379507303238,1.1099408864974976,0.9620384573936462,0.1394900679588318,4.0
Llama-base,lam4,70,5.0189104080200195,5.222259521484375,370.109375,0.16039860248565674,0.9028119444847107,0.9522115588188171,0.1600915789604187,4.0
Llama-base,lam4,71,8.283811569213867,8.313873291015625,397.96875,0.10292855650186539,0.7605492472648621,0.9608957767486572,0.16373459994792938,4.0
Llama-base,lam4,72,4.846375465393066,4.930625915527344,412.015625,0.09950940310955048,0.9251582622528076,0.9569115042686462,0.170307919383049,4.0
Llama-base,lam4,73,8.759382247924805,8.861248016357422,268.140625,0.19056972861289978,0.8590781688690186,0.9288468360900879,0.21346920728683472,4.0
Llama-base,lam4,74,1.554022192955017,1.8670883178710938,613.171875,0.1048562303185463,0.8459537029266357,0.970467209815979,0.1591784805059433,4.0
Llama-base,lam4,75,6.996044158935547,7.363681316375732,416.09375,0.11493311077356339,0.7407784461975098,0.958288311958313,0.16753610968589783,4.0
Llama-base,lam4,76,1.148773431777954,1.66595458984375,512.703125,0.11192593723535538,0.8634249567985535,0.9640589952468872,0.15184280276298523,4.0
Llama-base,lam4,77,11.058687210083008,11.333648681640625,371.234375,0.153667613863945,0.7687951922416687,0.9599565863609314,0.15876533091068268,4.0
Llama-base,lam4,78,8.9345064163208,9.582275390625,607.453125,0.09931055456399918,0.8520672917366028,0.9672473669052124,0.15007248520851135,4.0
Llama-base,lam4,79,8.722728729248047,8.768875122070312,375.515625,0.13540032505989075,0.8062114715576172,0.9554451107978821,0.16860860586166382,4.0
Llama-base,lam4,80,3.826204776763916,4.02227783203125,271.15625,0.18560746312141418,0.6357191205024719,0.9415653347969055,0.18786101043224335,4.0
Llama-base,lam4,81,-5.847259521484375,-4.6949462890625,493.75,0.11623843014240265,0.7052932381629944,0.9449752569198608,0.15582898259162903,4.0
Llama-base,lam4,82,10.672460556030273,11.072265625,570.71875,0.10632769018411636,1.055690050125122,0.9724301099777222,0.15220999717712402,4.0
Llama-base,lam4,83,10.595748901367188,10.595748901367188,315.109375,0.16746748983860016,1.0436058044433594,0.9640031456947327,0.1709338128566742,4.0
Llama-base,lam4,84,10.27303695678711,10.53765869140625,521.359375,0.1314108967781067,0.877876877784729,0.9733564257621765,0.14471958577632904,4.0
Llama-base,lam4,85,10.940399169921875,11.407221794128418,596.453125,0.10423888266086578,1.1198675632476807,0.9685826301574707,0.14346669614315033,4.0
Llama-base,lam4,86,5.4043803215026855,5.65234375,532.1875,0.1005791574716568,0.8924130201339722,0.971890926361084,0.154072567820549,4.0
Llama-base,lam4,87,6.259425163269043,6.266510009765625,458.34375,0.10990137606859207,1.0777451992034912,0.9574987888336182,0.1609789878129959,4.0
Llama-base,lam4,88,2.089539051055908,2.1150054931640625,377.140625,0.13022568821907043,0.6381945610046387,0.9634544849395752,0.17371071875095367,4.0
Llama-base,lam4,89,9.811174392700195,10.04669189453125,490.515625,0.10938020795583725,1.0296425819396973,0.9486674070358276,0.17112864553928375,4.0
Llama-base,lam4,90,13.286916732788086,13.3541259765625,399.796875,0.12753787636756897,1.1835176944732666,0.9515911936759949,0.16570185124874115,4.0
Llama-base,lam4,91,23.499582290649414,23.499582290649414,439.75,0.14435303211212158,1.1296005249023438,0.9629069566726685,0.16597706079483032,4.0
Llama-base,lam4,92,5.298452854156494,6.18365478515625,676.5,0.11908482015132904,1.143983006477356,0.9785409569740295,0.12573209404945374,4.0
Llama-base,lam4,93,12.825023651123047,13.180023193359375,428.234375,0.13331468403339386,0.9702339172363281,0.9525580406188965,0.1707230508327484,4.0
Llama-base,lam4,94,7.713134765625,7.713134765625,256.078125,0.2186349630355835,1.0958608388900757,0.9338397979736328,0.22143493592739105,4.0
Llama-base,lam4,95,5.282321929931641,5.477054595947266,529.1875,0.121427521109581,1.0834232568740845,0.9592487215995789,0.16512806713581085,4.0
Llama-base,lam4,96,3.580474615097046,6.238376617431641,807.578125,0.09912952035665512,1.1251184940338135,0.9575814604759216,0.1314237266778946,4.0
Llama-base,lam4,97,3.271538019180298,4.574352264404297,614.046875,0.10994062572717667,0.8311328291893005,0.9564523696899414,0.1387670934200287,4.0
Llama-base,lam4,98,12.034036636352539,12.4072265625,508.5625,0.15079526603221893,1.1376128196716309,0.9636998176574707,0.1603647768497467,4.0
Llama-base,lam4,99,0.8329795598983765,1.029052734375,321.703125,0.1722368597984314,0.8158740997314453,0.9571622610092163,0.18933720886707306,4.0
Llama-base,lam4,100,10.746561050415039,11.174896240234375,648.859375,0.13610833883285522,1.2573487758636475,0.9703202247619629,0.14578209817409515,4.0
Llama-base,lam4,101,-5.807767391204834,-5.6116943359375,296.984375,0.14486972987651825,0.8978070020675659,0.9437943696975708,0.20497335493564606,4.0
Llama-base,lam4,102,1.9654929637908936,1.9869384765625,372.1875,0.12980368733406067,1.38377845287323,0.9425051212310791,0.17718113958835602,4.0
Llama-base,lam4,103,15.148966789245605,15.321871757507324,469.96875,0.14583845436573029,1.2444922924041748,0.9565079212188721,0.16754885017871857,4.0
Llama-base,lam4,104,4.109373092651367,6.15301513671875,796.015625,0.10137656331062317,0.901836097240448,0.975588858127594,0.12984727323055267,4.0
Llama-base,lam4,105,14.648859024047852,14.9197998046875,436.953125,0.17518875002861023,1.125751256942749,0.9574339985847473,0.1603444516658783,4.0
Llama-base,lam4,106,0.8488919734954834,1.27569580078125,468.0,0.13957510888576508,1.245865821838379,0.9492507576942444,0.14781539142131805,4.0
Llama-base,lam4,107,13.410639762878418,14.24969482421875,716.4375,0.11904137581586838,1.1683030128479004,0.965737521648407,0.14384466409683228,4.0
Llama-base,lam4,108,8.443887710571289,11.619163513183594,969.75,0.10546157509088516,1.2253174781799316,0.9630901217460632,0.13329559564590454,4.0
Llama-base,lam4,109,7.714302062988281,7.98773193359375,516.515625,0.13914230465888977,0.9031028747558594,0.9467712640762329,0.1570984274148941,4.0
Llama-base,lam4,110,10.513124465942383,11.627716064453125,501.015625,0.15012112259864807,1.0864886045455933,0.9616748690605164,0.14885950088500977,4.0
Llama-base,lam4,111,8.477334022521973,8.91754150390625,505.5,0.15936702489852905,1.0301405191421509,0.9606313705444336,0.15429919958114624,4.0
Llama-base,lam4,112,7.3599958419799805,8.202880859375,643.28125,0.11273536086082458,0.9694446921348572,0.9486892223358154,0.1356147825717926,4.0
Llama-base,lam4,113,3.8059463500976562,5.755764007568359,644.953125,0.09766614437103271,0.7490274310112,0.9465328454971313,0.1345990002155304,4.0
Llama-base,lam4,114,8.494308471679688,9.6644287109375,642.578125,0.10605648905038834,0.8132516145706177,0.9609999656677246,0.1520131379365921,4.0
Llama-base,lam4,115,4.571369171142578,4.630344390869141,364.375,0.1674356311559677,0.9215289354324341,0.9471495151519775,0.18872760236263275,4.0
Llama-base,lam4,116,7.805358409881592,8.4447021484375,652.28125,0.10572894662618637,1.2043383121490479,0.9712557792663574,0.13357333838939667,4.0
Llama-base,lam4,117,14.709207534790039,14.9093017578125,592.796875,0.13010171055793762,1.168355941772461,0.9691668748855591,0.1479243040084839,4.0
Llama-base,lam4,118,9.444189071655273,9.503738403320312,429.09375,0.15128342807292938,1.0239540338516235,0.9526740908622742,0.16905954480171204,4.0
Llama-base,lam4,119,-1.9590867757797241,-1.7498016357421875,289.421875,0.16797485947608948,0.7867321372032166,0.9313100576400757,0.18037939071655273,4.0
Llama-base,lam4,120,1.2359113693237305,1.2981414794921875,397.078125,0.16456937789916992,0.911445140838623,0.9405765533447266,0.15456587076187134,4.0
Llama-base,lam4,121,3.4835205078125,3.4835205078125,372.171875,0.14130593836307526,0.894433319568634,0.9497289657592773,0.17929360270500183,4.0
Llama-base,lam4,122,3.1791858673095703,3.284881591796875,337.390625,0.13870924711227417,0.8034921884536743,0.9432319402694702,0.1707763969898224,4.0
Llama-base,lam4,123,0.2631072998046875,0.2631072998046875,175.671875,0.23318137228488922,0.6348985433578491,0.9277180433273315,0.23173308372497559,4.0
Llama-base,lam4,124,8.980452537536621,9.073127746582031,358.5,0.1184445396065712,0.6105743646621704,0.947415828704834,0.18571177124977112,4.0
Llama-base,lam4,125,15.506052017211914,15.529220581054688,401.703125,0.14166156947612762,1.0498820543289185,0.9433465003967285,0.1977294683456421,4.0
Llama-base,lam4,126,10.8187837600708,10.9375,512.359375,0.13664260506629944,0.8890045285224915,0.9666131734848022,0.15882213413715363,4.0
Llama-base,lam4,127,11.7848539352417,12.70050048828125,375.75,0.13420674204826355,0.660605788230896,0.9013808965682983,0.17597033083438873,4.0
Llama-base,lam4,128,6.595644950866699,7.130825042724609,428.453125,0.16006061434745789,0.7825355529785156,0.9489181041717529,0.16196009516716003,4.0
Llama-base,lam4,129,18.7580623626709,19.383621215820312,463.046875,0.15172654390335083,0.6900440454483032,0.9529008865356445,0.16170264780521393,4.0
Llama-base,lam4,130,13.600430488586426,13.687744140625,500.765625,0.14125202596187592,1.0281387567520142,0.9611949920654297,0.1497778296470642,4.0
Llama-base,lam4,131,12.085651397705078,12.137924194335938,349.703125,0.17198540270328522,0.8302457928657532,0.9410863518714905,0.1709987074136734,4.0
Llama-base,lam4,132,13.683202743530273,14.826324462890625,744.84375,0.13428854942321777,0.9502466320991516,0.976439893245697,0.13888409733772278,4.0
Llama-base,lam4,133,6.854208946228027,6.9193115234375,329.5625,0.2041729986667633,0.859697699546814,0.9392867088317871,0.18928582966327667,4.0
Llama-base,lam4,134,9.992715835571289,10.283187866210938,573.484375,0.15624524652957916,1.0053058862686157,0.9639144539833069,0.1364486962556839,4.0
Llama-base,lam4,135,13.47003173828125,13.5328369140625,512.59375,0.15516041219234467,1.2006137371063232,0.9664146304130554,0.15514443814754486,4.0
Llama-base,lam4,136,13.781253814697266,14.274309158325195,423.625,0.18268926441669464,1.0509705543518066,0.9496190547943115,0.1626960039138794,4.0
Llama-base,lam4,137,3.9785943031311035,4.433736801147461,391.5,0.19592466950416565,0.7893486618995667,0.9515823721885681,0.16927435994148254,4.0
Llama-base,lam4,138,12.246861457824707,12.951116561889648,588.28125,0.1501597762107849,0.9859424829483032,0.9668295383453369,0.146911159157753,4.0
Llama-base,lam4,139,6.179549217224121,6.434022903442383,530.375,0.1515958458185196,1.096744418144226,0.9630917310714722,0.14463941752910614,4.0
Llama-base,lam4,140,7.0135321617126465,8.08599853515625,599.890625,0.15605022013187408,1.1383702754974365,0.9545444250106812,0.1558724343776703,4.0
Llama-base,lam4,141,14.526615142822266,16.9051513671875,924.1875,0.1201140284538269,1.115268588066101,0.9797632694244385,0.11560822278261185,4.0
Llama-base,lam4,142,11.410865783691406,12.539627075195312,623.125,0.14707571268081665,1.1327002048492432,0.965573787689209,0.1360032558441162,4.0
Llama-base,lam4,143,6.523848533630371,8.740203857421875,958.109375,0.1375049501657486,1.0027110576629639,0.9805731773376465,0.12180968374013901,4.0
Llama-base,lam4,144,-2.7968509197235107,0.21356201171875,1045.53125,0.12679608166217804,1.208413004875183,0.9834476113319397,0.11099027842283249,4.0
Llama-base,lam4,145,3.6297802925109863,4.912872314453125,475.390625,0.20549869537353516,0.9116452932357788,0.9522483944892883,0.1565171629190445,4.0
Llama-base,lam4,146,14.75474739074707,14.860443115234375,584.453125,0.17055653035640717,1.0758229494094849,0.9734765291213989,0.15163370966911316,4.0
Llama-base,lam4,147,10.153820037841797,11.16558837890625,668.21875,0.17485709488391876,1.203736662864685,0.9754660129547119,0.14386174082756042,4.0
Llama-base,lam4,148,0.6316243410110474,1.7421951293945312,751.28125,0.15645959973335266,1.1768022775650024,0.9732566475868225,0.13776670396327972,4.0
Llama-base,lam4,149,-0.7737610936164856,1.7049179077148438,913.125,0.1286071389913559,0.9842913746833801,0.9775010347366333,0.12158793956041336,4.0
Llama-base,lam4,150,-4.441875457763672,-2.623985767364502,770.71875,0.14779412746429443,1.0698896646499634,0.9687390327453613,0.1382751315832138,4.0
Llama-base,lam4,151,1.6215097904205322,3.9213485717773438,775.671875,0.1480138897895813,1.1551204919815063,0.9707884788513184,0.12231557816267014,4.0
Llama-base,lam4,152,11.341236114501953,13.210250854492188,907.234375,0.11371561884880066,0.9796119928359985,0.9714416265487671,0.12661124765872955,4.0
Llama-base,lam4,153,7.804635047912598,8.8150634765625,653.078125,0.13585789501667023,1.0256094932556152,0.9679189920425415,0.1358415186405182,4.0
Llama-base,lam4,154,4.80367374420166,5.6130499839782715,707.796875,0.12578296661376953,1.2577524185180664,0.9728953838348389,0.1323418915271759,4.0
Llama-base,lam4,155,0.25228309631347656,1.514312744140625,752.125,0.11745055019855499,1.147206425666809,0.9716150760650635,0.12773004174232483,4.0
Llama-base,lam4,156,8.064969062805176,8.703929901123047,652.671875,0.12323680520057678,1.0252667665481567,0.9716343283653259,0.14130643010139465,4.0
Llama-base,lam4,157,4.7135844230651855,6.160198211669922,713.640625,0.10888228565454483,1.022981882095337,0.9714916348457336,0.13278482854366302,4.0
Llama-base,lam4,158,10.330944061279297,10.3851318359375,434.765625,0.18081797659397125,1.1038860082626343,0.9575866460800171,0.16484035551548004,4.0
Llama-base,lam4,159,8.206759452819824,9.71636962890625,774.046875,0.09584280848503113,1.229007363319397,0.9721428155899048,0.13793888688087463,4.0
Llama-base,lam4,160,11.404518127441406,11.428070068359375,463.46875,0.1370626538991928,1.2203741073608398,0.9684998989105225,0.16146601736545563,4.0
Llama-base,lam4,161,7.19150447845459,8.39532470703125,522.09375,0.1467638611793518,1.4557948112487793,0.9485975503921509,0.15804487466812134,4.0
Llama-base,lam4,162,1.2144839763641357,1.31903076171875,377.390625,0.17180505394935608,0.9796180725097656,0.9373482465744019,0.18316759169101715,4.0
Llama-base,lam4,163,0.15097713470458984,0.265289306640625,362.75,0.14876502752304077,1.023028016090393,0.9514360427856445,0.16681450605392456,4.0
Llama-base,lam4,164,8.11645793914795,8.1275634765625,318.34375,0.17572927474975586,1.1139417886734009,0.9480056762695312,0.15688909590244293,4.0
Llama-base,lam4,165,10.54656982421875,10.54656982421875,265.90625,0.19605416059494019,1.1625241041183472,0.9349820613861084,0.2038736641407013,4.0
Llama-base,lam4,166,-0.03572052717208862,1.5158233642578125,448.875,0.11707096546888351,1.1705758571624756,0.9430602788925171,0.14859001338481903,4.0
Llama-base,lam4,167,3.388963222503662,4.2676544189453125,543.71875,0.10799656063318253,0.9829311966896057,0.9556694626808167,0.14803446829319,4.0
Llama-base,lam4,168,-0.22604161500930786,0.17261505126953125,532.109375,0.10565173625946045,1.0347464084625244,0.9529855251312256,0.16654106974601746,4.0
Llama-base,lam4,169,1.6206169128417969,1.6206169128417969,207.453125,0.21308575570583344,1.0246683359146118,0.9404559135437012,0.1899396777153015,4.0
Llama-base,lam4,170,4.151939392089844,4.3426513671875,375.859375,0.13072387874126434,1.039267897605896,0.9302163124084473,0.17148327827453613,4.0
Llama-base,lam4,171,5.568687438964844,6.34149169921875,421.640625,0.1266137808561325,0.8701115846633911,0.9534782767295837,0.15297743678092957,4.0
Llama-base,lam4,172,13.608551025390625,13.734735488891602,464.421875,0.11852867901325226,1.0535879135131836,0.9555456638336182,0.14982008934020996,4.0
Llama-base,lam4,173,-1.618804931640625,-1.618804931640625,212.9375,0.21493901312351227,0.9940782189369202,0.9112550020217896,0.24961760640144348,4.0
Llama-base,lam4,174,11.845794677734375,11.845794677734375,393.328125,0.1414114385843277,0.9901168942451477,0.9475052952766418,0.18512149155139923,4.0
Llama-base,lam4,175,7.262436866760254,7.26416015625,374.40625,0.1493397206068039,0.8966086506843567,0.9566916227340698,0.16439975798130035,4.0
Llama-base,lam4,176,13.041914939880371,13.165992736816406,384.171875,0.13782532513141632,0.9730789065361023,0.9584405422210693,0.15654075145721436,4.0
Llama-base,lam4,177,13.320903778076172,13.93133544921875,539.90625,0.12589100003242493,0.7961131930351257,0.9595922827720642,0.16076499223709106,4.0
Llama-base,lam4,178,17.411815643310547,17.440536499023438,412.828125,0.1296006143093109,0.7782624959945679,0.964586079120636,0.16173332929611206,4.0
Llama-base,lam4,179,13.631231307983398,13.72601318359375,483.96875,0.1556829959154129,0.8042528629302979,0.9719635248184204,0.1545087695121765,4.0
Llama-base,lam4,180,9.914875030517578,9.970977783203125,389.875,0.15226930379867554,0.8514078259468079,0.9414543509483337,0.17287571728229523,4.0
Llama-base,lam4,181,10.195371627807617,10.2763671875,384.8125,0.14471176266670227,0.7757057547569275,0.9487177729606628,0.16070473194122314,4.0
Llama-base,lam4,182,8.511032104492188,9.291877746582031,520.46875,0.15575429797172546,0.9654841423034668,0.9615102410316467,0.1471841037273407,4.0
Llama-base,lam4,183,5.87290096282959,5.952747344970703,292.21875,0.2143797129392624,1.014563798904419,0.9386957883834839,0.19251029193401337,4.0
Llama-base,lam4,184,6.445364952087402,6.693328857421875,378.15625,0.16696900129318237,0.9037171006202698,0.9484037160873413,0.17772679030895233,4.0
Llama-base,lam4,185,9.394279479980469,10.81829833984375,733.515625,0.12303562462329865,0.995820164680481,0.9657454490661621,0.13122770190238953,4.0
Llama-base,lam4,186,13.59423828125,13.59423828125,326.4375,0.18175113201141357,0.7814857959747314,0.9530010223388672,0.18495796620845795,4.0
Llama-base,lam4,187,1.2925608158111572,1.47637939453125,418.28125,0.17079046368598938,0.7928893566131592,0.9626085162162781,0.16335351765155792,4.0
Llama-base,lam4,188,7.2377424240112305,7.2566986083984375,404.828125,0.19919824600219727,0.9096948504447937,0.9637336730957031,0.16870573163032532,4.0
Llama-base,lam4,189,12.501062393188477,13.637100219726562,574.515625,0.14653515815734863,0.7940517067909241,0.9675748944282532,0.14592143893241882,4.0
Llama-base,lam4,190,16.849760055541992,17.971435546875,625.3125,0.14177711308002472,1.074955940246582,0.9627043008804321,0.15377183258533478,4.0
Llama-base,lam4,191,9.067843437194824,10.4476318359375,671.671875,0.13240496814250946,0.7968320846557617,0.9634838104248047,0.13760830461978912,4.0
Llama-base,lam4,192,16.06941032409668,16.0914306640625,414.625,0.20765607059001923,1.0128777027130127,0.9589024186134338,0.17113636434078217,4.0
Llama-base,lam4,193,7.10896110534668,8.437433242797852,583.40625,0.15489134192466736,0.6272980570793152,0.9570162892341614,0.13942496478557587,4.0
Llama-base,lam4,194,12.51812744140625,13.40313720703125,466.09375,0.17243888974189758,0.9107705950737,0.9453452825546265,0.16177555918693542,4.0
Llama-base,lam4,195,2.4005661010742188,2.938426971435547,525.109375,0.17163395881652832,1.17123544216156,0.9582527279853821,0.15667131543159485,4.0
Llama-base,lam4,196,9.00231647491455,9.235153198242188,368.25,0.19797246158123016,0.9954131245613098,0.9469128251075745,0.17539869248867035,4.0
Llama-base,lam4,197,3.5015158653259277,4.4834136962890625,470.21875,0.1716531366109848,0.9286280870437622,0.9661197066307068,0.1521684229373932,4.0
Llama-base,lam4,198,12.271219253540039,13.7415771484375,607.859375,0.1337507665157318,1.058828353881836,0.9522307515144348,0.1477828323841095,4.0
Llama-base,lam4,199,-1.5512001514434814,-0.3006591796875,626.5625,0.10549288243055344,0.9471286535263062,0.953316330909729,0.14237098395824432,4.0
Llama-base,lam4,200,7.639904499053955,8.12261962890625,516.578125,0.14125435054302216,1.180782675743103,0.9674253463745117,0.1601525992155075,4.0
Llama-base,lam4,201,5.282562255859375,6.23248291015625,596.546875,0.1234516054391861,1.0375828742980957,0.9705970287322998,0.14458519220352173,4.0
Llama-base,lam4,202,5.185213088989258,5.845428466796875,651.65625,0.09664683043956757,0.9733814597129822,0.9657463431358337,0.14781644940376282,4.0
Llama-base,lam4,203,5.319161415100098,5.470428466796875,359.109375,0.15479937195777893,1.284936785697937,0.9421044588088989,0.1804051697254181,4.0
Llama-base,lam4,204,6.132448196411133,6.132448196411133,374.125,0.17957358062267303,1.1978893280029297,0.9615471363067627,0.1738782674074173,4.0
Llama-base,lam4,205,1.42242431640625,1.42242431640625,264.578125,0.1813707798719406,1.1045976877212524,0.9522051811218262,0.18647032976150513,4.0
Llama-base,lam4,206,4.0862016677856445,4.9522552490234375,540.78125,0.106295645236969,1.3904168605804443,0.9562798738479614,0.1461983323097229,4.0
Llama-base,lam4,207,11.771110534667969,11.771110534667969,398.796875,0.16354602575302124,1.2640818357467651,0.9461721777915955,0.18444891273975372,4.0
Llama-base,lam4,208,8.808537483215332,8.830940246582031,470.3125,0.12826062738895416,1.170917272567749,0.964745819568634,0.14825886487960815,4.0
Llama-base,lam4,209,6.92034912109375,6.92034912109375,264.9375,0.18088620901107788,1.2450110912322998,0.9456324577331543,0.20217059552669525,4.0
Llama-base,lam4,210,3.7573912143707275,4.650634765625,590.140625,0.10719151049852371,1.1613564491271973,0.9694496393203735,0.14488936960697174,4.0
Llama-base,lam4,211,2.4609227180480957,2.799072265625,415.828125,0.13917659223079681,1.3434255123138428,0.9521729350090027,0.1765912026166916,4.0
Llama-base,lam4,212,3.8144168853759766,4.9525604248046875,612.0625,0.08992721885442734,1.0182019472122192,0.9614819884300232,0.14049547910690308,4.0
Llama-base,lam4,213,3.986906051635742,3.986906051635742,296.109375,0.1484697163105011,1.2388638257980347,0.9477986097335815,0.18743494153022766,4.0
Llama-base,lam4,214,1.9188789129257202,2.1149520874023438,270.78125,0.14029726386070251,1.282545566558838,0.9250996708869934,0.1840297132730484,4.0
Llama-base,lam4,215,5.741263389587402,6.253274917602539,553.4375,0.10925181955099106,1.0184932947158813,0.9661481976509094,0.1550559550523758,4.0
Llama-base,lam4,216,10.28168773651123,10.469718933105469,396.703125,0.139229416847229,1.0588955879211426,0.9615212678909302,0.16057530045509338,4.0
Llama-base,lam4,217,11.569503784179688,11.569503784179688,405.234375,0.1278456300497055,0.8170433640480042,0.9469773769378662,0.17323368787765503,4.0
Llama-base,lam4,218,10.662556648254395,11.609222412109375,657.203125,0.10150986164808273,0.9657666087150574,0.96588134765625,0.1425236314535141,4.0
Llama-base,lam4,219,5.73394775390625,5.73394775390625,310.59375,0.16011564433574677,1.2530803680419922,0.9507284760475159,0.19023321568965912,4.0
Llama-base,lam4,220,11.683877944946289,11.771957397460938,352.296875,0.15671603381633759,0.9160725474357605,0.9533230066299438,0.16486644744873047,4.0
Llama-base,lam4,221,4.378936767578125,4.378936767578125,328.09375,0.13922050595283508,0.8641561269760132,0.9529175758361816,0.17230242490768433,4.0
Llama-base,lam4,222,16.992633819580078,17.081863403320312,395.28125,0.15403683483600616,1.0258506536483765,0.9554098844528198,0.17552027106285095,4.0
Llama-base,lam4,223,4.271920204162598,4.305046081542969,405.625,0.1444450467824936,0.7667859196662903,0.9568371772766113,0.17032404243946075,4.0
Llama-base,lam4,224,5.627676486968994,6.697845458984375,477.828125,0.12886035442352295,0.9193732142448425,0.9451688528060913,0.14858338236808777,4.0
Llama-base,lam4,225,11.825509071350098,11.906121253967285,452.328125,0.15191081166267395,1.091400146484375,0.9440869092941284,0.1573815941810608,4.0
Llama-base,lam4,226,11.33246898651123,12.116378784179688,498.640625,0.11289338767528534,0.7009269595146179,0.9513521194458008,0.1474481225013733,4.0
Llama-base,lam4,227,7.5686564445495605,7.964057922363281,372.609375,0.13452143967151642,0.5285796523094177,0.9501349329948425,0.1686074584722519,4.0
Llama-base,lam4,228,12.871603012084961,13.95574951171875,627.8125,0.13105712831020355,0.7923908829689026,0.9631780385971069,0.13471613824367523,4.0
Llama-base,lam4,229,13.191001892089844,14.119094848632812,596.796875,0.14165598154067993,1.027318000793457,0.9502488970756531,0.1448482722043991,4.0
Llama-base,lam4,230,24.593509674072266,24.848175048828125,579.875,0.16773030161857605,0.8575265407562256,0.9680705070495605,0.15338796377182007,4.0
Llama-base,lam4,231,15.953319549560547,16.91204833984375,504.359375,0.196340411901474,0.8287196159362793,0.9424386620521545,0.16979224979877472,4.0
Llama-base,lam4,232,7.452376842498779,7.513458251953125,374.421875,0.19732169806957245,0.9438504576683044,0.9505705237388611,0.1776290088891983,4.0
Llama-base,lam4,233,15.419434547424316,15.621826171875,466.875,0.20834851264953613,1.0457853078842163,0.9570881724357605,0.16076871752738953,4.0
Llama-base,lam4,234,23.115074157714844,24.7589111328125,836.046875,0.1474766731262207,1.1890416145324707,0.9736359715461731,0.13297833502292633,4.0
Llama-base,lam4,235,15.388632774353027,15.868858337402344,689.46875,0.17167463898658752,1.088169813156128,0.9671454429626465,0.14429347217082977,4.0
Llama-base,lam4,236,14.97848892211914,15.21917724609375,507.84375,0.1762091964483261,1.0299723148345947,0.9563353657722473,0.1546933799982071,4.0
Llama-base,lam4,237,13.869462966918945,14.281906127929688,548.328125,0.15161415934562683,1.1063016653060913,0.9238767623901367,0.13211311399936676,4.0
Llama-base,lam4,238,6.713181495666504,6.719882965087891,345.421875,0.2246539443731308,0.9749225974082947,0.9345649480819702,0.1962306648492813,4.0
Llama-base,lam4,239,7.896121025085449,9.561019897460938,753.359375,0.1174032986164093,0.9552674889564514,0.9654533863067627,0.11801603436470032,4.0
Llama-base,lam4,240,20.021316528320312,20.4578857421875,482.234375,0.16296549141407013,1.0455490350723267,0.9628441333770752,0.1577637493610382,4.0
Llama-base,lam4,241,12.918245315551758,13.19110107421875,382.5,0.14722111821174622,1.0120165348052979,0.9437506794929504,0.16585713624954224,4.0
Llama-base,lam4,242,1.7184653282165527,2.501800537109375,442.484375,0.17404666543006897,0.9069145917892456,0.9478440284729004,0.151972696185112,4.0
Llama-base,lam4,243,10.968871116638184,11.197687149047852,434.140625,0.14582763612270355,1.1027746200561523,0.9478826522827148,0.16639088094234467,4.0
Llama-base,lam4,244,19.005451202392578,19.041831970214844,371.9375,0.17523060739040375,1.0944935083389282,0.9439802169799805,0.17560487985610962,4.0
Llama-base,lam4,245,10.779048919677734,10.893936157226562,420.328125,0.13189612329006195,0.8128887414932251,0.9507883191108704,0.1613045334815979,4.0
Llama-base,lam4,246,-2.3420333862304688,-2.3420333862304688,268.015625,0.20456886291503906,0.8198332190513611,0.939592719078064,0.17877952754497528,4.0
Llama-base,lam4,247,19.112960815429688,19.112960815429688,477.078125,0.17100052535533905,0.9291594624519348,0.9670653939247131,0.16139519214630127,4.0
Llama-base,lam4,248,23.82494354248047,24.186452865600586,508.90625,0.17946897447109222,1.1044632196426392,0.965999960899353,0.15158185362815857,4.0
Llama-base,lam4,249,17.96927261352539,18.438583374023438,529.046875,0.1770566999912262,0.7230061292648315,0.954766571521759,0.15203960239887238,4.0
Llama-base,lam4,250,16.890026092529297,17.470779418945312,429.359375,0.20361557602882385,0.9941632747650146,0.9418741464614868,0.16821691393852234,4.0
Llama-instruct,grpo,1,-4.879871845245361,-3.352752685546875,570.3125,0.0,1.6494587659835815,,,
Llama-instruct,grpo,2,4.577710151672363,4.762903213500977,318.734375,0.0010663981083780527,1.4808000326156616,,,
Llama-instruct,grpo,3,6.456720352172852,8.1270751953125,624.53125,0.002579423366114497,4.171128749847412,,,
Llama-instruct,grpo,4,9.55644416809082,10.044746398925781,474.1875,0.0060482993721961975,0.6868137121200562,,,
Llama-instruct,grpo,5,6.827014923095703,8.033843994140625,634.53125,0.005391839891672134,0.6074488162994385,,,
Llama-instruct,grpo,6,3.425055980682373,4.636768341064453,634.0,0.008289546705782413,0.8145297765731812,,,
Llama-instruct,grpo,7,11.57961654663086,11.843841552734375,489.40625,0.020246874541044235,1.483837604522705,,,
Llama-instruct,grpo,8,10.876962661743164,11.853927612304688,549.796875,0.020411416888237,0.40587854385375977,,,
Llama-instruct,grpo,9,12.626668930053711,13.257482528686523,588.546875,0.024396613240242004,0.3561161160469055,,,
Llama-instruct,grpo,10,13.265045166015625,13.265045166015625,385.328125,0.03947277367115021,0.4717220962047577,,,
Llama-instruct,grpo,11,7.696803569793701,7.807304382324219,312.625,0.06710116565227509,1.2296557426452637,,,
Llama-instruct,grpo,12,5.8163042068481445,5.836921691894531,224.125,0.0577978752553463,0.43532365560531616,,,
Llama-instruct,grpo,13,13.257152557373047,13.257152557373047,299.609375,0.045147549360990524,0.4243077039718628,,,
Llama-instruct,grpo,14,4.142465114593506,4.464744567871094,547.109375,0.027415385469794273,0.36304184794425964,,,
Llama-instruct,grpo,15,6.300446033477783,6.5283203125,428.84375,0.02646309696137905,0.9693846106529236,,,
Llama-instruct,grpo,16,14.78335189819336,14.8001708984375,340.28125,0.03252524882555008,0.41551491618156433,,,
Llama-instruct,grpo,17,19.770753860473633,19.965713500976562,536.34375,0.027526501566171646,0.382809579372406,,,
Llama-instruct,grpo,18,11.977510452270508,12.141544342041016,500.234375,0.02723449468612671,0.3471871316432953,,,
Llama-instruct,grpo,19,16.064170837402344,16.4139404296875,491.5,0.021129321306943893,0.8648335337638855,,,
Llama-instruct,grpo,20,5.467265605926514,6.28887939453125,538.640625,0.02001139335334301,0.4544193744659424,,,
Llama-instruct,grpo,21,10.775327682495117,12.450927734375,772.609375,0.012889660894870758,0.9922856092453003,,,
Llama-instruct,grpo,22,9.438007354736328,9.570571899414062,595.671875,0.018702536821365356,0.4235456585884094,,,
Llama-instruct,grpo,23,11.560098648071289,11.579269409179688,400.953125,0.022140778601169586,0.43118053674697876,,,
Llama-instruct,grpo,24,18.180164337158203,18.246536254882812,464.625,0.017941951751708984,0.4955231547355652,,,
Llama-instruct,grpo,25,3.545840263366699,3.589244842529297,375.28125,0.033065315335989,0.6523447036743164,,,
Llama-instruct,grpo,26,1.2125352621078491,1.5955810546875,484.84375,0.029440727084875107,1.7758041620254517,,,
Llama-instruct,grpo,27,23.38916015625,23.38916015625,391.359375,0.0215451717376709,0.5451366901397705,,,
Llama-instruct,grpo,28,8.504188537597656,8.872222900390625,384.171875,0.024782264605164528,0.5691075325012207,,,
Llama-instruct,grpo,29,2.5351130962371826,3.7455596923828125,632.140625,0.028692910447716713,1.0821592807769775,,,
Llama-instruct,grpo,30,14.528704643249512,14.546066284179688,468.109375,0.0285551305860281,0.945802628993988,,,
Llama-instruct,grpo,31,7.55804443359375,8.351806640625,489.203125,0.030924271792173386,3.193230628967285,,,
Llama-instruct,grpo,32,12.129633903503418,12.87890625,521.515625,0.03090532310307026,2.6861753463745117,,,
Llama-instruct,grpo,33,1.5083608627319336,2.434326171875,482.859375,0.03480442240834236,3.3187973499298096,,,
Llama-instruct,grpo,34,8.576815605163574,8.762008666992188,317.59375,0.043160781264305115,1.2487761974334717,,,
Llama-instruct,grpo,35,10.84622859954834,10.894515991210938,273.578125,0.05553891137242317,0.6121368408203125,,,
Llama-instruct,grpo,36,15.333311080932617,15.399322509765625,526.34375,0.02813129313290119,0.46770644187927246,,,
Llama-instruct,grpo,37,3.7699761390686035,5.029071807861328,687.46875,0.023069266229867935,3.052932024002075,,,
Llama-instruct,grpo,38,6.901427268981934,7.164386749267578,507.265625,0.05172455683350563,0.45946937799453735,,,
Llama-instruct,grpo,39,9.743595123291016,9.8076171875,553.21875,0.03724480792880058,0.5573735237121582,,,
Llama-instruct,grpo,40,8.095620155334473,9.14727783203125,688.90625,0.03701658546924591,0.7750992178916931,,,
Llama-instruct,grpo,41,14.085578918457031,14.5516357421875,630.1875,0.03157902508974075,0.4467896819114685,,,
Llama-instruct,grpo,42,6.7949113845825195,7.47021484375,540.28125,0.04323648288846016,1.9094059467315674,,,
Llama-instruct,grpo,43,17.577423095703125,19.19677734375,654.34375,0.04596302658319473,0.84013432264328,,,
Llama-instruct,grpo,44,14.212860107421875,14.707672119140625,614.078125,0.042069196701049805,0.9755650162696838,,,
Llama-instruct,grpo,45,15.583605766296387,16.35186767578125,498.234375,0.044401396065950394,2.6720023155212402,,,
Llama-instruct,grpo,46,4.190258979797363,6.908111572265625,1019.125,0.02705351822078228,2.2676241397857666,,,
Llama-instruct,grpo,47,4.293758392333984,5.0124664306640625,590.59375,0.05611325427889824,0.4315186142921448,,,
Llama-instruct,grpo,48,9.315247535705566,10.170318603515625,710.578125,0.03570841997861862,2.1206297874450684,,,
Llama-instruct,grpo,49,21.637805938720703,21.822998046875,567.78125,0.05329396575689316,0.9214931726455688,,,
Llama-instruct,grpo,50,27.218708038330078,27.34765625,653.359375,0.03990337252616882,0.7868664264678955,,,
Llama-instruct,grpo,51,9.145286560058594,9.224319458007812,436.90625,0.07308299839496613,0.867999792098999,,,
Llama-instruct,grpo,52,16.388721466064453,16.713531494140625,564.53125,0.04466468095779419,0.8961770534515381,,,
Llama-instruct,grpo,53,20.258544921875,20.258544921875,551.828125,0.04406319186091423,0.441877543926239,,,
Llama-instruct,grpo,54,23.438705444335938,23.4913330078125,513.890625,0.057131774723529816,0.6539803743362427,,,
Llama-instruct,grpo,55,12.680535316467285,12.8465576171875,597.0625,0.05959360674023628,0.8367445468902588,,,
Llama-instruct,grpo,56,9.717489242553711,9.76812744140625,379.890625,0.07562248408794403,0.5984527468681335,,,
Llama-instruct,grpo,57,15.824832916259766,15.9525146484375,387.140625,0.05442355200648308,0.5790597200393677,,,
Llama-instruct,grpo,58,17.607421875,17.607421875,402.796875,0.06148817017674446,0.5941739678382874,,,
Llama-instruct,grpo,59,14.0096435546875,14.70050048828125,646.53125,0.04963764548301697,0.8334986567497253,,,
Llama-instruct,grpo,60,12.052054405212402,12.219161987304688,398.25,0.057223159819841385,1.3128196001052856,,,
Llama-instruct,grpo,61,10.18287181854248,10.483810424804688,470.71875,0.05924050137400627,1.2724517583847046,,,
Llama-instruct,grpo,62,2.858621835708618,3.894002914428711,613.6875,0.03086550533771515,1.5350654125213623,,,
Llama-instruct,grpo,63,15.88446044921875,16.2568359375,446.984375,0.047947973012924194,0.7637540102005005,,,
Llama-instruct,grpo,64,4.108515739440918,4.9717254638671875,519.125,0.039732541888952255,1.9884589910507202,,,
Llama-instruct,grpo,65,21.059814453125,21.059814453125,258.96875,0.08421235531568527,0.5957075953483582,,,
Llama-instruct,grpo,66,3.6299524307250977,5.7178955078125,723.28125,0.035935260355472565,5.065216541290283,,,
Llama-instruct,grpo,67,13.313283920288086,13.74859619140625,741.265625,0.023207850754261017,0.6565723419189453,,,
Llama-instruct,grpo,68,16.924957275390625,16.969085693359375,429.765625,0.06243359297513962,0.6059325337409973,,,
Llama-instruct,grpo,69,11.164504051208496,11.691146850585938,570.578125,0.04482503980398178,1.4833732843399048,,,
Llama-instruct,grpo,70,15.379453659057617,15.5753173828125,365.90625,0.07446105033159256,1.3395307064056396,,,
Llama-instruct,grpo,71,15.38602352142334,15.818622589111328,538.984375,0.052387785166502,0.6201315522193909,,,
Llama-instruct,grpo,72,14.4261474609375,14.4261474609375,441.5625,0.053430184721946716,0.6674508452415466,,,
Llama-instruct,grpo,73,13.93402099609375,13.93402099609375,315.90625,0.0922233983874321,0.6771834492683411,,,
Llama-instruct,grpo,74,17.151214599609375,17.4232177734375,710.53125,0.03598085045814514,0.6605945229530334,,,
Llama-instruct,grpo,75,20.36474609375,20.881622314453125,554.671875,0.046492256224155426,0.639121413230896,,,
Llama-instruct,grpo,76,17.002788543701172,17.485122680664062,551.125,0.06813843548297882,0.651631236076355,,,
Llama-instruct,grpo,77,21.286102294921875,21.402389526367188,407.6875,0.08895712345838547,0.6603391766548157,,,
Llama-instruct,grpo,78,16.30078887939453,17.0609130859375,663.859375,0.05665071681141853,1.5366278886795044,,,
Llama-instruct,grpo,79,20.726978302001953,20.91217041015625,496.703125,0.08688081800937653,0.5324011445045471,,,
Llama-instruct,grpo,80,19.01568603515625,19.01568603515625,238.6875,0.15775050222873688,0.49121972918510437,,,
Llama-instruct,grpo,81,5.0654730796813965,5.6373291015625,403.390625,0.0809876024723053,1.0643144845962524,,,
Llama-instruct,grpo,82,25.019840240478516,25.5052490234375,607.6875,0.05908238887786865,2.3377387523651123,,,
Llama-instruct,grpo,83,18.80970001220703,19.0357666015625,262.0,0.14289212226867676,2.206735372543335,,,
Llama-instruct,grpo,84,15.473249435424805,17.025146484375,731.984375,0.05674092471599579,1.6244863271713257,,,
Llama-instruct,grpo,85,23.884246826171875,25.209716796875,660.953125,0.05659220367670059,2.2844138145446777,,,
Llama-instruct,grpo,86,15.254961013793945,16.187255859375,792.96875,0.0436364971101284,2.6354987621307373,,,
Llama-instruct,grpo,87,12.086309432983398,12.819305419921875,627.46875,0.06200562044978142,2.12058687210083,,,
Llama-instruct,grpo,88,19.175790786743164,19.2550048828125,404.9375,0.07574527710676193,0.45531728863716125,,,
Llama-instruct,grpo,89,15.747868537902832,16.632598876953125,523.796875,0.06560590118169785,1.7571897506713867,,,
Llama-instruct,grpo,90,22.798553466796875,23.01666259765625,399.875,0.08961553871631622,1.5880740880966187,,,
Llama-instruct,grpo,91,37.76953125,37.76953125,436.96875,0.06602802872657776,0.7349110841751099,,,
Llama-instruct,grpo,92,4.885857582092285,6.774139404296875,789.03125,0.050240617245435715,2.5591468811035156,,,
Llama-instruct,grpo,93,20.688060760498047,20.717178344726562,416.890625,0.0636986792087555,0.7282187938690186,,,
Llama-instruct,grpo,94,11.374120712280273,11.7445068359375,277.171875,0.11749248951673508,2.8375163078308105,,,
Llama-instruct,grpo,95,9.428552627563477,10.22430419921875,553.265625,0.06179676949977875,2.523930311203003,,,
Llama-instruct,grpo,96,18.723020553588867,20.279800415039062,723.671875,0.04653793200850487,0.8902255892753601,,,
Llama-instruct,grpo,97,11.671226501464844,12.38360595703125,531.625,0.046842653304338455,0.5209894776344299,,,
Llama-instruct,grpo,98,20.969074249267578,21.154266357421875,378.359375,0.07556820660829544,1.6542855501174927,,,
Llama-instruct,grpo,99,9.205910682678223,9.435050964355469,337.140625,0.08635424822568893,0.6399031281471252,,,
Llama-instruct,grpo,100,23.440645217895508,23.568870544433594,455.453125,0.07176203280687332,1.0208779573440552,,,
Llama-instruct,grpo,101,-3.1858856678009033,-2.798137664794922,307.5,0.09373694658279419,2.6158130168914795,,,
Llama-instruct,grpo,102,7.997348785400391,8.969070434570312,359.5625,0.06313542276620865,3.2417032718658447,,,
Llama-instruct,grpo,103,25.708478927612305,25.71028709411621,423.015625,0.07107998430728912,0.900985598564148,,,
Llama-instruct,grpo,104,19.899707794189453,20.07513427734375,533.21875,0.05080191791057587,0.5838624238967896,,,
Llama-instruct,grpo,105,23.950302124023438,24.223388671875,410.875,0.0677609071135521,1.1017588376998901,,,
Llama-instruct,grpo,106,9.666522026062012,9.851715087890625,374.84375,0.08824439346790314,1.4381965398788452,,,
Llama-instruct,grpo,107,25.466609954833984,26.230712890625,548.609375,0.07267013192176819,2.40130877494812,,,
Llama-instruct,grpo,108,24.0460205078125,24.63885498046875,718.75,0.0627572312951088,1.3104820251464844,,,
Llama-instruct,grpo,109,18.454315185546875,18.731201171875,512.78125,0.0715646967291832,1.091862678527832,,,
Llama-instruct,grpo,110,20.29009246826172,20.75,419.03125,0.10105887055397034,0.6077215671539307,,,
Llama-instruct,grpo,111,20.876930236816406,20.876930236816406,373.984375,0.11369933187961578,0.6289592385292053,,,
Llama-instruct,grpo,112,12.25423526763916,13.5643310546875,743.234375,0.052209630608558655,3.415778398513794,,,
Llama-instruct,grpo,113,15.575450897216797,16.484596252441406,589.875,0.06100141257047653,0.7052296996116638,,,
Llama-instruct,grpo,114,17.650428771972656,18.90301513671875,712.03125,0.0624287985265255,0.4488643705844879,,,
Llama-instruct,grpo,115,12.776640892028809,13.8961181640625,595.703125,0.08950154483318329,2.55448317527771,,,
Llama-instruct,grpo,116,14.167826652526855,15.985214233398438,838.015625,0.0570530965924263,2.1408534049987793,,,
Llama-instruct,grpo,117,24.939868927001953,26.059707641601562,800.125,0.060527462512254715,1.931626319885254,,,
Llama-instruct,grpo,118,15.097942352294922,15.838714599609375,615.390625,0.0750289112329483,2.1789891719818115,,,
Llama-instruct,grpo,119,3.8917860984802246,5.1792755126953125,445.140625,0.11156290769577026,2.6657345294952393,,,
Llama-instruct,grpo,120,8.674424171447754,9.54052734375,549.671875,0.06711189448833466,2.7014026641845703,,,
Llama-instruct,grpo,121,16.543596267700195,16.811981201171875,538.015625,0.06588742136955261,1.2551828622817993,,,
Llama-instruct,grpo,122,9.157337188720703,10.261260986328125,589.578125,0.08125195652246475,2.920255184173584,,,
Llama-instruct,grpo,123,15.534294128417969,15.958755493164062,410.40625,0.10525524616241455,1.274469017982483,,,
Llama-instruct,grpo,124,15.422933578491211,15.88519287109375,529.375,0.05290362238883972,1.5152440071105957,,,
Llama-instruct,grpo,125,21.392654418945312,22.1728515625,592.90625,0.06752273440361023,2.4841690063476562,,,
Llama-instruct,grpo,126,18.096986770629883,18.78802490234375,603.859375,0.05064758285880089,1.0816096067428589,,,
Llama-instruct,grpo,127,20.83023452758789,21.81298828125,460.828125,0.08530168235301971,0.4900627136230469,,,
Llama-instruct,grpo,128,12.886592864990234,13.123147964477539,507.8125,0.05965972691774368,0.6148063540458679,,,
Llama-instruct,grpo,129,25.469215393066406,26.08465576171875,557.109375,0.04836971312761307,0.6717339754104614,,,
Llama-instruct,grpo,130,14.9710693359375,15.822341918945312,546.703125,0.041149698197841644,1.9269189834594727,,,
Llama-instruct,grpo,131,11.636367797851562,11.86785888671875,305.21875,0.05807259678840637,0.5468898415565491,,,
Llama-instruct,grpo,132,17.737131118774414,18.5267333984375,665.5625,0.029266614466905594,0.6184574365615845,,,
Llama-instruct,grpo,133,7.137656211853027,7.383796691894531,399.875,0.03722621873021126,1.1011160612106323,,,
Llama-instruct,grpo,134,11.406763076782227,12.126556396484375,675.421875,0.027228431776165962,1.2580031156539917,,,
Llama-instruct,grpo,135,12.29958438873291,12.85516357421875,464.875,0.041629258543252945,2.3196730613708496,,,
Llama-instruct,grpo,136,14.580442428588867,14.597442626953125,365.125,0.04576626792550087,0.6863042116165161,,,
Llama-instruct,grpo,137,8.612643241882324,9.154296875,427.109375,0.032749224454164505,1.211304783821106,,,
Llama-instruct,grpo,138,14.43808364868164,14.701766967773438,487.984375,0.04943692311644554,0.9168205857276917,,,
Llama-instruct,grpo,139,7.372753143310547,7.650543212890625,384.78125,0.044532038271427155,0.6869311928749084,,,
Llama-instruct,grpo,140,13.809839248657227,13.833892822265625,373.8125,0.05908280611038208,0.7248525023460388,,,
Llama-instruct,grpo,141,18.326553344726562,19.0235595703125,638.65625,0.03309008479118347,0.5391709208488464,,,
Llama-instruct,grpo,142,19.619871139526367,20.271484375,399.28125,0.0422491580247879,0.4571168124675751,,,
Llama-instruct,grpo,143,13.78169059753418,14.179023742675781,518.09375,0.039123695343732834,0.3969652056694031,,,
Llama-instruct,grpo,144,11.646602630615234,11.878997802734375,523.0,0.036738064140081406,0.49438267946243286,,,
Llama-instruct,grpo,145,8.993687629699707,9.38848876953125,259.1875,0.08642791211605072,0.47834253311157227,,,
Llama-instruct,grpo,146,12.87989330291748,12.897254943847656,306.3125,0.05894864723086357,0.5113080739974976,,,
Llama-instruct,grpo,147,16.14349365234375,16.14349365234375,304.171875,0.08931981027126312,0.5335796475410461,,,
Llama-instruct,grpo,148,8.17208480834961,8.17208480834961,364.453125,0.05943078175187111,0.4948994219303131,,,
Llama-instruct,grpo,149,16.523571014404297,16.8037109375,350.5625,0.0509645938873291,0.3268290162086487,,,
Llama-instruct,grpo,150,7.65242338180542,8.124267578125,367.375,0.05568989738821983,0.4750889241695404,,,
Llama-instruct,grpo,151,14.082188606262207,14.110763549804688,307.78125,0.07815103977918625,0.4977952241897583,,,
Llama-instruct,grpo,152,24.3487606048584,24.6480712890625,587.25,0.03823914751410484,0.37988007068634033,,,
Llama-instruct,grpo,153,19.213581085205078,19.21990966796875,419.84375,0.056567784398794174,0.41389721632003784,,,
Llama-instruct,grpo,154,22.399105072021484,22.40850830078125,520.640625,0.045531194657087326,0.48876312375068665,,,
Llama-instruct,grpo,155,14.060791015625,14.060791015625,371.65625,0.05185535177588463,0.4854244887828827,,,
Llama-instruct,grpo,156,18.268035888671875,18.268035888671875,421.21875,0.08001404255628586,0.548643171787262,,,
Llama-instruct,grpo,157,15.646055221557617,15.8516845703125,548.0,0.04836127534508705,0.4927279055118561,,,
Llama-instruct,grpo,158,22.36130142211914,22.378662109375,264.53125,0.07824832201004028,0.5217507481575012,,,
Llama-instruct,grpo,159,19.90686798095703,20.459915161132812,691.609375,0.05226701498031616,0.5469495058059692,,,
Llama-instruct,grpo,160,21.614501953125,21.614501953125,444.109375,0.0724695473909378,0.5838408470153809,,,
Llama-instruct,grpo,161,25.995380401611328,26.5849609375,524.984375,0.08137837052345276,0.7082833647727966,,,
Llama-instruct,grpo,162,13.381004333496094,13.4710693359375,431.25,0.08970651030540466,0.5140291452407837,,,
Llama-instruct,grpo,163,10.9058837890625,10.9058837890625,393.8125,0.07935856282711029,0.5951363444328308,,,
Llama-instruct,grpo,164,19.45091438293457,19.455074310302734,346.0625,0.11737556755542755,0.5768054127693176,,,
Llama-instruct,grpo,165,23.00366973876953,23.00366973876953,348.265625,0.1315501481294632,0.6367493867874146,,,
Llama-instruct,grpo,166,10.839675903320312,12.2421875,552.03125,0.08055135607719421,0.6468132138252258,,,
Llama-instruct,grpo,167,22.7673282623291,23.10009765625,558.171875,0.06174201890826225,0.5148010849952698,,,
Llama-instruct,grpo,168,19.254436492919922,19.39495849609375,697.0,0.056162163615226746,0.6102159023284912,,,
Llama-instruct,grpo,169,8.315860748291016,8.63958740234375,423.109375,0.09917739033699036,0.5147702097892761,,,
Llama-instruct,grpo,170,12.326200485229492,12.835662841796875,485.125,0.08314616978168488,0.5069822072982788,,,
Llama-instruct,grpo,171,15.414741516113281,15.963447570800781,596.125,0.09608621895313263,1.123129963874817,,,
Llama-instruct,grpo,172,30.231489181518555,30.41143798828125,640.15625,0.08735446631908417,0.9368634819984436,,,
Llama-instruct,grpo,173,9.958770751953125,9.958770751953125,313.515625,0.1705958992242813,0.7040230631828308,,,
Llama-instruct,grpo,174,34.345088958740234,34.516357421875,674.109375,0.07956010103225708,0.546290397644043,,,
Llama-instruct,grpo,175,20.9659423828125,20.9659423828125,495.296875,0.08813575655221939,0.6921656727790833,,,
Llama-instruct,grpo,176,28.03492546081543,28.2467041015625,490.515625,0.10895544290542603,0.9889745712280273,,,
Llama-instruct,grpo,177,29.97831153869629,30.515625,685.28125,0.08126269280910492,0.5139166116714478,,,
Llama-instruct,grpo,178,27.048503875732422,27.203857421875,554.15625,0.1017160639166832,0.6365317106246948,,,
Llama-instruct,grpo,179,26.72661590576172,26.77490234375,562.109375,0.08268643170595169,0.6108071804046631,,,
Llama-instruct,grpo,180,21.754989624023438,22.159194946289062,484.953125,0.09385398775339127,0.6737293601036072,,,
Llama-instruct,grpo,181,21.302400588989258,21.548721313476562,489.0625,0.06925266236066818,0.48184728622436523,,,
Llama-instruct,grpo,182,14.96990966796875,16.397018432617188,647.421875,0.09958713501691818,0.7391058802604675,,,
Llama-instruct,grpo,183,14.648326873779297,14.723381042480469,323.640625,0.14956551790237427,0.7216721177101135,,,
Llama-instruct,grpo,184,13.156135559082031,13.554191589355469,474.875,0.10205181688070297,1.3178669214248657,,,
Llama-instruct,grpo,185,15.931526184082031,17.482879638671875,835.0,0.06538490951061249,1.1883528232574463,,,
Llama-instruct,grpo,186,23.66347885131836,23.70489501953125,355.265625,0.11099342256784439,0.5670436024665833,,,
Llama-instruct,grpo,187,13.414836883544922,13.47216796875,536.265625,0.07720711082220078,0.7559378743171692,,,
Llama-instruct,grpo,188,24.064098358154297,24.06988525390625,405.0625,0.09660206735134125,0.6409379839897156,,,
Llama-instruct,grpo,189,25.79045867919922,26.667953491210938,603.984375,0.0755675882101059,0.5892751812934875,,,
Llama-instruct,grpo,190,30.953540802001953,31.5253963470459,620.390625,0.08050453662872314,0.9334423542022705,,,
Llama-instruct,grpo,191,18.274845123291016,20.110137939453125,689.734375,0.059552282094955444,0.8271663784980774,,,
Llama-instruct,grpo,192,25.28633689880371,25.311294555664062,393.328125,0.10121463239192963,1.0436431169509888,,,
Llama-instruct,grpo,193,16.034984588623047,17.5205078125,601.546875,0.0620395764708519,0.4766845107078552,,,
Llama-instruct,grpo,194,24.862977981567383,24.8631591796875,350.484375,0.11161135137081146,0.7070908546447754,,,
Llama-instruct,grpo,195,15.90291976928711,16.025177001953125,506.8125,0.0828285664319992,0.8618090152740479,,,
Llama-instruct,grpo,196,22.273868560791016,22.274410247802734,363.296875,0.11606248468160629,0.6171117424964905,,,
Llama-instruct,grpo,197,15.975486755371094,16.02142333984375,387.890625,0.11328201740980148,0.6676426529884338,,,
Llama-instruct,grpo,198,19.496566772460938,20.232818603515625,528.15625,0.06685661524534225,0.9821199178695679,,,
Llama-instruct,grpo,199,11.927205085754395,12.688232421875,627.71875,0.057776156812906265,0.4962467849254608,,,
Llama-instruct,grpo,200,19.41412353515625,19.584487915039062,467.53125,0.09705518931150436,1.2144402265548706,,,
Llama-instruct,grpo,201,21.40869903564453,22.09033203125,565.359375,0.06704212725162506,0.5897427201271057,,,
Llama-instruct,grpo,202,15.459827423095703,16.3702392578125,752.65625,0.0660172551870346,1.7232457399368286,,,
Llama-instruct,grpo,203,17.74042510986328,17.95672607421875,425.34375,0.1299998015165329,0.8036066889762878,,,
Llama-instruct,grpo,204,17.54401397705078,17.556312561035156,399.6875,0.13890261948108673,0.7564987540245056,,,
Llama-instruct,grpo,205,15.534154891967773,15.904541015625,359.421875,0.15186774730682373,1.9302998781204224,,,
Llama-instruct,grpo,206,17.55509376525879,18.060577392578125,551.15625,0.09058947116136551,1.0929867029190063,,,
Llama-instruct,grpo,207,27.8062744140625,27.8062744140625,482.96875,0.08496399968862534,0.845978856086731,,,
Llama-instruct,grpo,208,21.573230743408203,21.7584228515625,554.046875,0.06780561804771423,0.970841109752655,,,
Llama-instruct,grpo,209,14.344482421875,14.344482421875,315.015625,0.16214944422245026,1.0436689853668213,,,
Llama-instruct,grpo,210,17.911724090576172,18.570388793945312,647.59375,0.0831865593791008,0.8468477129936218,,,
Llama-instruct,grpo,211,12.17483901977539,12.823196411132812,528.1875,0.07989223301410675,1.0611894130706787,,,
Llama-instruct,grpo,212,11.381616592407227,12.1724853515625,660.796875,0.07376959919929504,1.4196057319641113,,,
Llama-instruct,grpo,213,19.91978645324707,19.91978645324707,335.71875,0.13897228240966797,0.903229296207428,,,
Llama-instruct,grpo,214,9.041328430175781,9.041328430175781,253.46875,0.14871686697006226,0.9737336039543152,,,
Llama-instruct,grpo,215,17.780841827392578,19.06597900390625,686.625,0.06621566414833069,1.2064313888549805,,,
Llama-instruct,grpo,216,19.154563903808594,19.157638549804688,433.28125,0.06426774710416794,0.736358106136322,,,
Llama-instruct,grpo,217,16.602733612060547,16.834224700927734,413.53125,0.06563208997249603,0.5911925435066223,,,
Llama-instruct,grpo,218,19.810550689697266,20.2570743560791,626.390625,0.05458156019449234,0.7456913590431213,,,
Llama-instruct,grpo,219,15.884600639343262,16.069793701171875,359.25,0.10730528086423874,1.3193550109863281,,,
Llama-instruct,grpo,220,18.170066833496094,18.170066833496094,368.328125,0.09651342779397964,0.7908698916435242,,,
Llama-instruct,grpo,221,10.757476806640625,10.757476806640625,314.390625,0.10593025386333466,0.7229417562484741,,,
Llama-instruct,grpo,222,24.105735778808594,24.66131591796875,478.734375,0.08452271670103073,2.297132968902588,,,
Llama-instruct,grpo,223,12.277288436889648,12.46392822265625,420.5625,0.09834769368171692,1.0611711740493774,,,
Llama-instruct,grpo,224,11.157052993774414,12.561553955078125,523.453125,0.06334663927555084,0.4704597294330597,,,
Llama-instruct,grpo,225,18.905529022216797,19.559673309326172,586.140625,0.08202590048313141,1.3579968214035034,,,
Llama-instruct,grpo,226,10.409006118774414,12.0609130859375,605.734375,0.07493170350790024,3.983699083328247,,,
Llama-instruct,grpo,227,13.362607955932617,13.50946044921875,350.0,0.08866550773382187,0.40133193135261536,,,
Llama-instruct,grpo,228,18.84954833984375,19.00146484375,550.453125,0.06572741270065308,0.6501550674438477,,,
Llama-instruct,grpo,229,20.53375244140625,21.004150390625,591.359375,0.07553248852491379,1.2088419198989868,,,
Llama-instruct,grpo,230,27.304264068603516,27.49072265625,522.296875,0.08186564594507217,1.1293573379516602,,,
Llama-instruct,grpo,231,22.81951904296875,23.5006103515625,485.921875,0.10034196078777313,0.57159024477005,,,
Llama-instruct,grpo,232,13.203237533569336,14.167724609375,534.390625,0.08773595094680786,2.6946048736572266,,,
Llama-instruct,grpo,233,22.126609802246094,22.329345703125,363.46875,0.11231862753629684,1.6011561155319214,,,
Llama-instruct,grpo,234,28.54604148864746,29.233642578125,731.40625,0.0680990070104599,0.9848548173904419,,,
Llama-instruct,grpo,235,25.104196548461914,25.31072998046875,579.9375,0.07148031890392303,1.062778353691101,,,
Llama-instruct,grpo,236,20.778759002685547,20.853271484375,515.0625,0.08916367590427399,0.6099036335945129,,,
Llama-instruct,grpo,237,19.191221237182617,19.606096267700195,535.71875,0.08467148244380951,0.9929722547531128,,,
Llama-instruct,grpo,238,17.255416870117188,17.284896850585938,499.5,0.10628810524940491,0.5890653729438782,,,
Llama-instruct,grpo,239,18.426959991455078,18.6832275390625,665.453125,0.05962634086608887,0.5362914800643921,,,
Llama-instruct,grpo,240,25.77880859375,26.2001953125,561.953125,0.08630162477493286,1.4937227964401245,,,
Llama-instruct,grpo,241,12.529716491699219,13.34735107421875,673.4375,0.06981297582387924,1.8047568798065186,,,
Llama-instruct,grpo,242,2.2442433834075928,3.0897293090820312,462.25,0.09121624380350113,1.2733783721923828,,,
Llama-instruct,grpo,243,19.031341552734375,19.031341552734375,503.1875,0.08590946346521378,0.7396399974822998,,,
Llama-instruct,grpo,244,25.75165367126465,25.752918243408203,396.859375,0.09969984740018845,0.5866595506668091,,,
Llama-instruct,grpo,245,21.17694091796875,21.17694091796875,379.4375,0.1043587476015091,0.4862416386604309,,,
Llama-instruct,grpo,246,8.141616821289062,8.6376953125,410.921875,0.12561219930648804,2.373389720916748,,,
Llama-instruct,grpo,247,31.98187255859375,31.98187255859375,479.46875,0.07187735289335251,0.48230820894241333,,,
Llama-instruct,grpo,248,32.612548828125,32.612548828125,464.046875,0.10109099000692368,0.5923355221748352,,,
Llama-instruct,grpo,249,22.71813201904297,22.98000717163086,562.09375,0.08103245496749878,0.7281942963600159,,,
Llama-instruct,grpo,250,21.58728790283203,22.768798828125,498.078125,0.09640197455883026,0.41385138034820557,,,
Llama-instruct,lam4,1,-6.784984111785889,-4.9448089599609375,602.703125,6.239366979856936e-16,2.183671474456787,0.9357301592826843,0.1337546706199646,4.0
Llama-instruct,lam4,2,5.34442138671875,5.34442138671875,273.984375,0.0008874397608451545,0.6153298020362854,0.9403959512710571,0.19754546880722046,4.0
Llama-instruct,lam4,3,5.385537147521973,6.85369873046875,607.78125,0.0012697330676019192,4.431555271148682,0.9439268112182617,0.13218212127685547,4.0
Llama-instruct,lam4,4,7.203988552093506,8.391828536987305,498.640625,0.0019909380935132504,1.9333208799362183,0.941339373588562,0.15302594006061554,4.0
Llama-instruct,lam4,5,7.220789432525635,8.205169677734375,576.84375,0.0035927474964410067,0.6976787447929382,0.9438938498497009,0.1355706751346588,4.0
Llama-instruct,lam4,6,2.5967252254486084,3.6997451782226562,612.390625,0.004319209139794111,1.1353205442428589,0.980871856212616,0.1274116337299347,4.0
Llama-instruct,lam4,7,11.446003913879395,11.62396240234375,436.53125,0.011023704893887043,1.1065171957015991,0.9484844207763672,0.14956632256507874,4.0
Llama-instruct,lam4,8,12.765527725219727,13.703067779541016,490.328125,0.009429735131561756,0.3679143190383911,0.9522393941879272,0.1499045342206955,4.0
Llama-instruct,lam4,9,14.58189868927002,15.09063720703125,580.34375,0.012676501646637917,0.5955161452293396,0.9743062853813171,0.14058026671409607,4.0
Llama-instruct,lam4,10,12.863895416259766,12.863895416259766,399.125,0.02116134576499462,0.5281352996826172,0.9473180174827576,0.17706552147865295,4.0
Llama-instruct,lam4,11,9.106278419494629,9.21044921875,284.640625,0.03247418254613876,0.6141515970230103,0.9330337047576904,0.1962936520576477,4.0
Llama-instruct,lam4,12,5.7013092041015625,6.071695327758789,264.5625,0.0335274375975132,2.3873560428619385,0.9272249341011047,0.20103904604911804,4.0
Llama-instruct,lam4,13,15.943466186523438,15.943466186523438,314.546875,0.030331868678331375,0.4737306535243988,0.9479260444641113,0.1888328343629837,4.0
Llama-instruct,lam4,14,7.586047649383545,7.607749938964844,508.9375,0.026990734040737152,0.4288787543773651,0.9664318561553955,0.1527518481016159,4.0
Llama-instruct,lam4,15,6.767339706420898,7.127960205078125,453.578125,0.024617094546556473,1.4336018562316895,0.9465895295143127,0.1532791405916214,4.0
Llama-instruct,lam4,16,14.142265319824219,14.194351196289062,368.03125,0.02790646255016327,0.4475901424884796,0.9651598930358887,0.16220776736736298,4.0
Llama-instruct,lam4,17,18.560123443603516,18.986572265625,515.5,0.022099116817116737,0.44023722410202026,0.9461426734924316,0.15514400601387024,4.0
Llama-instruct,lam4,18,14.98320198059082,15.31524658203125,515.0,0.028096485882997513,0.40370091795921326,0.9543300867080688,0.16442729532718658,4.0
Llama-instruct,lam4,19,21.376550674438477,21.3883056640625,488.984375,0.027336133643984795,0.46498075127601624,0.9632614850997925,0.16044488549232483,4.0
Llama-instruct,lam4,20,6.773311138153076,7.593658447265625,506.25,0.02813064120709896,0.46309852600097656,0.938886284828186,0.1431148648262024,4.0
Llama-instruct,lam4,21,16.97597885131836,18.603469848632812,785.484375,0.02088802680373192,0.4377724230289459,0.9730814695358276,0.12815171480178833,4.0
Llama-instruct,lam4,22,11.051427841186523,11.301727294921875,577.5625,0.03106522001326084,0.8518056869506836,0.9656174182891846,0.14171655476093292,4.0
Llama-instruct,lam4,23,14.820586204528809,14.82293701171875,416.171875,0.042969342321157455,0.46520674228668213,0.9601871371269226,0.1728399246931076,4.0
Llama-instruct,lam4,24,22.50738525390625,22.50738525390625,399.703125,0.04395243525505066,0.5199111104011536,0.9495158195495605,0.17035232484340668,4.0
Llama-instruct,lam4,25,4.080935478210449,4.2661285400390625,411.359375,0.06293466687202454,0.855866551399231,0.9586020708084106,0.16402125358581543,4.0
Llama-instruct,lam4,26,4.775483131408691,5.324913024902344,470.4375,0.05923614650964737,2.0008187294006348,0.938643217086792,0.15123659372329712,4.0
Llama-instruct,lam4,27,27.181066513061523,27.332260131835938,477.796875,0.04985881596803665,0.54416823387146,0.9638984799385071,0.15667343139648438,4.0
Llama-instruct,lam4,28,13.122252464294434,13.4112548828125,416.90625,0.05636535957455635,0.46333619952201843,0.9615917205810547,0.14673705399036407,4.0
Llama-instruct,lam4,29,10.014097213745117,10.956520080566406,565.25,0.05528547987341881,0.42013612389564514,0.9551988244056702,0.14248692989349365,4.0
Llama-instruct,lam4,30,15.818140983581543,16.75604248046875,608.0625,0.06257952749729156,0.918775200843811,0.9542416334152222,0.1526442915201187,4.0
Llama-instruct,lam4,31,13.44510269165039,14.4425048828125,535.296875,0.07735440880060196,2.684631109237671,0.942433774471283,0.14596764743328094,4.0
Llama-instruct,lam4,32,21.24563980102539,21.958740234375,605.125,0.0809001699090004,1.9912010431289673,0.9740759134292603,0.14230480790138245,4.0
Llama-instruct,lam4,33,5.778388023376465,6.4905853271484375,569.53125,0.09504959732294083,1.7682387828826904,0.9731720685958862,0.1378665566444397,4.0
Llama-instruct,lam4,34,13.069796562194824,13.254989624023438,407.90625,0.1300603300333023,1.0898098945617676,0.9574803113937378,0.17011232674121857,4.0
Llama-instruct,lam4,35,16.6322021484375,16.6322021484375,373.828125,0.15388455986976624,0.5387416481971741,0.956949770450592,0.19113214313983917,4.0
Llama-instruct,lam4,36,15.908889770507812,16.983154296875,770.8125,0.08209192752838135,1.113874912261963,0.9764441847801208,0.13468490540981293,4.0
Llama-instruct,lam4,37,9.288973808288574,10.141357421875,693.0178833007812,0.07758775353431702,1.0884894132614136,0.9710956811904907,0.13968877494335175,4.0
Llama-instruct,lam4,38,13.523772239685059,14.00140380859375,479.0625,0.13993166387081146,0.5254374742507935,0.9618952870368958,0.17284542322158813,4.0
Llama-instruct,lam4,39,12.807311058044434,13.128143310546875,678.03125,0.09134255349636078,0.6633642315864563,0.9725260734558105,0.14689762890338898,4.0
Llama-instruct,lam4,40,8.226266860961914,10.318731307983398,813.71875,0.08501914143562317,1.6311860084533691,0.976538360118866,0.13019762933254242,4.0
Llama-instruct,lam4,41,15.584118843078613,16.7904052734375,747.015625,0.0771489366889,0.8245371580123901,0.9741449356079102,0.1259923130273819,4.0
Llama-instruct,lam4,42,13.562358856201172,14.82000732421875,627.765625,0.10833262652158737,2.7950472831726074,0.9634301662445068,0.1340043544769287,4.0
Llama-instruct,lam4,43,20.291141510009766,21.92315673828125,710.796875,0.09786717593669891,1.190298318862915,0.9683448076248169,0.14999309182167053,4.0
Llama-instruct,lam4,44,17.231075286865234,18.6319580078125,784.03125,0.10281441360712051,1.613774061203003,0.9761713743209839,0.1427152007818222,4.0
Llama-instruct,lam4,45,19.382110595703125,20.77322769165039,649.75,0.10777972638607025,3.559969663619995,0.9628112316131592,0.14827550947666168,4.0
Llama-instruct,lam4,46,1.3501302003860474,5.082101345062256,1070.571533203125,0.06774938851594925,3.7961580753326416,0.9850074052810669,0.10337626934051514,4.0
Llama-instruct,lam4,47,7.526022911071777,9.586837768554688,646.828125,0.09696001559495926,1.7094162702560425,0.9673873782157898,0.13586105406284332,4.0
Llama-instruct,lam4,48,-7.1031694412231445,-2.0691375732421875,1200.5625,0.054831769317388535,5.647223472595215,0.9751632213592529,0.11370278894901276,4.0
Llama-instruct,lam4,49,11.914525985717773,14.574867248535156,974.359375,0.07208044081926346,4.212172985076904,0.9831458330154419,0.11490800976753235,4.0
Llama-instruct,lam4,50,16.302021026611328,18.842819213867188,989.828125,0.06923163682222366,3.6046524047851562,0.9800373911857605,0.12291279435157776,4.0
Llama-instruct,lam4,51,5.287315845489502,6.5276031494140625,670.375,0.08143021911382675,3.4952340126037598,0.9676002264022827,0.14073263108730316,4.0
Llama-instruct,lam4,52,11.027685165405273,12.8680419921875,769.09375,0.05381985008716583,3.0113110542297363,0.9752233624458313,0.13451656699180603,4.0
Llama-instruct,lam4,53,22.071687698364258,22.260498046875,605.640625,0.07234485447406769,0.9747750759124756,0.9744120836257935,0.14238248765468597,4.0
Llama-instruct,lam4,54,17.113914489746094,18.54644775390625,674.28125,0.07566463202238083,2.918170690536499,0.9620071649551392,0.15211208164691925,4.0
Llama-instruct,lam4,55,15.453324317932129,15.482803344726562,574.734375,0.08320579677820206,0.9312029480934143,0.9693996906280518,0.15412233769893646,4.0
Llama-instruct,lam4,56,11.45132827758789,11.65985107421875,359.140625,0.10116368532180786,1.1161023378372192,0.9624850749969482,0.16690896451473236,4.0
Llama-instruct,lam4,57,20.04013442993164,20.155517578125,385.5,0.09811817109584808,0.6275774836540222,0.9550174474716187,0.1876855194568634,4.0
Llama-instruct,lam4,58,15.588732719421387,15.77392578125,447.15625,0.1088850274682045,1.1885671615600586,0.9705183506011963,0.15818603336811066,4.0
Llama-instruct,lam4,59,18.53591537475586,18.89852523803711,607.671875,0.09606977552175522,0.7096719145774841,0.9684497117996216,0.153193399310112,4.0
Llama-instruct,lam4,60,17.4053955078125,17.4053955078125,362.03125,0.12342658638954163,0.7246785163879395,0.9550688862800598,0.18051061034202576,4.0
Llama-instruct,lam4,61,14.042556762695312,14.042556762695312,411.171875,0.09888900816440582,0.6654787659645081,0.9508450031280518,0.17204667627811432,4.0
Llama-instruct,lam4,62,12.109173774719238,12.6907958984375,543.421875,0.07420461624860764,0.49472299218177795,0.966194212436676,0.1405193954706192,4.0
Llama-instruct,lam4,63,19.14856719970703,19.14856719970703,332.6875,0.1112411618232727,0.6274337768554688,0.936447262763977,0.20032262802124023,4.0
Llama-instruct,lam4,64,13.574865341186523,13.73944091796875,451.015625,0.09598373621702194,0.825657069683075,0.9587117433547974,0.158070906996727,4.0
Llama-instruct,lam4,65,27.29046630859375,27.29046630859375,299.765625,0.15727797150611877,0.6697936058044434,0.9532070159912109,0.19782677292823792,4.0
Llama-instruct,lam4,66,7.454980850219727,9.340911865234375,683.71875,0.06418709456920624,4.6285014152526855,0.9705355167388916,0.1317819505929947,4.0
Llama-instruct,lam4,67,18.642629623413086,18.8182373046875,691.171875,0.05560985207557678,0.4625631868839264,0.9795271158218384,0.1293106973171234,4.0
Llama-instruct,lam4,68,20.225051879882812,20.547874450683594,486.109375,0.09726463258266449,0.6491851806640625,0.9585716724395752,0.17046871781349182,4.0
Llama-instruct,lam4,69,18.534351348876953,19.0919189453125,574.703125,0.08221647888422012,0.7543556690216064,0.9719064235687256,0.13696712255477905,4.0
Llama-instruct,lam4,70,20.13958740234375,20.13958740234375,329.34375,0.141438826918602,0.665648341178894,0.9500119090080261,0.1961333304643631,4.0
Llama-instruct,lam4,71,19.11517333984375,19.279388427734375,496.65625,0.09190377593040466,0.5488593578338623,0.9681425094604492,0.15780514478683472,4.0
Llama-instruct,lam4,72,20.736377716064453,20.92156982421875,451.6875,0.10434751957654953,1.1481391191482544,0.9659785628318787,0.1629205346107483,4.0
Llama-instruct,lam4,73,18.462890625,18.462890625,375.6875,0.1504775732755661,0.810655415058136,0.9628506898880005,0.1802404224872589,4.0
Llama-instruct,lam4,74,22.74506378173828,22.917236328125,654.265625,0.08248867839574814,0.504014790058136,0.9795230031013489,0.13545992970466614,4.0
Llama-instruct,lam4,75,25.608213424682617,25.86773681640625,491.59375,0.10718172043561935,0.6705529689788818,0.9665886163711548,0.16047371923923492,4.0
Llama-instruct,lam4,76,19.71591567993164,20.3555908203125,596.484375,0.1329907476902008,0.6700410842895508,0.9674023985862732,0.15768636763095856,4.0
Llama-instruct,lam4,77,23.63958740234375,23.63958740234375,432.875,0.15446504950523376,0.7565791606903076,0.9671557545661926,0.16788895428180695,4.0
Llama-instruct,lam4,78,17.415416717529297,17.695556640625,640.484375,0.10498347878456116,1.0572501420974731,0.9778470993041992,0.14342282712459564,4.0
Llama-instruct,lam4,79,23.262588500976562,23.262588500976562,516.0,0.1353437751531601,0.5583046674728394,0.972801685333252,0.15731923282146454,4.0
Llama-instruct,lam4,80,20.576839447021484,20.59619140625,341.25,0.22343508899211884,0.5740928053855896,0.9630792140960693,0.18624645471572876,4.0
Llama-instruct,lam4,81,9.458030700683594,9.686447143554688,466.59375,0.1452452540397644,0.582495927810669,0.9622967839241028,0.1634414941072464,4.0
Llama-instruct,lam4,82,33.13593292236328,33.33251953125,587.265625,0.12136703729629517,1.274454116821289,0.9777973890304565,0.13884660601615906,4.0
Llama-instruct,lam4,83,18.654438018798828,19.0772705078125,501.59375,0.17238272726535797,2.1005263328552246,0.9696735739707947,0.16048945486545563,4.0
Llama-instruct,lam4,84,19.639297485351562,21.10980987548828,805.625,0.3828558325767517,2.097559690475464,0.9728211164474487,0.13595737516880035,4.0
Llama-instruct,lam4,85,24.502914428710938,25.25616455078125,669.15625,0.1069575846195221,1.324225664138794,0.9728291034698486,0.14859366416931152,4.0
Llama-instruct,lam4,86,20.427570343017578,21.24249267578125,779.703125,0.08042227476835251,1.8032915592193604,0.9821500778198242,0.12856268882751465,4.0
Llama-instruct,lam4,87,13.828511238098145,14.964447021484375,796.09375,0.08807995915412903,2.6309783458709717,0.9799327850341797,0.1299075335264206,4.0
Llama-instruct,lam4,88,16.093982696533203,16.5927734375,590.890625,0.11346575617790222,1.3021225929260254,0.9719380140304565,0.14192558825016022,4.0
Llama-instruct,lam4,89,17.236469268798828,17.727123260498047,567.15625,0.11556852608919144,1.6812649965286255,0.969329297542572,0.15889018774032593,4.0
Llama-instruct,lam4,90,19.447147369384766,20.68218994140625,633.8125,0.09924183040857315,2.678988456726074,0.9711790084838867,0.14045405387878418,4.0
Llama-instruct,lam4,91,29.733007431030273,30.1033935546875,503.859375,0.10313287377357483,1.7114803791046143,0.9675381183624268,0.16156040132045746,4.0
Llama-instruct,lam4,92,6.228960990905762,8.312744140625,810.21875,0.07233106344938278,2.8071727752685547,0.9719014763832092,0.13156864047050476,4.0
Llama-instruct,lam4,93,20.780956268310547,21.024383544921875,501.53125,0.10435909032821655,1.2111008167266846,0.9657617807388306,0.15857815742492676,4.0
Llama-instruct,lam4,94,13.309718132019043,13.918106079101562,441.625,0.15457788109779358,3.406609296798706,0.9638632535934448,0.16139176487922668,4.0
Llama-instruct,lam4,95,7.958466529846191,9.477447509765625,680.171875,0.08105812221765518,3.6111528873443604,0.9661990404129028,0.14455892145633698,4.0
Llama-instruct,lam4,96,24.249629974365234,25.12152099609375,674.296875,0.07998935133218765,0.7012770771980286,0.9723718166351318,0.14053893089294434,4.0
Llama-instruct,lam4,97,11.828166961669922,12.789398193359375,647.234375,0.0759553462266922,1.1318336725234985,0.9691229462623596,0.14181165397167206,4.0
Llama-instruct,lam4,98,21.411901473999023,21.78228759765625,478.296875,0.11756113916635513,1.8387119770050049,0.9641257524490356,0.1739233434200287,4.0
Llama-instruct,lam4,99,13.938228607177734,14.20245361328125,414.96875,0.1340872198343277,0.5754068493843079,0.9575022459030151,0.18583692610263824,4.0
Llama-instruct,lam4,100,22.01263427734375,22.21337890625,460.4375,0.13583889603614807,1.4497382640838623,0.9689518213272095,0.15970762073993683,4.0
Llama-instruct,lam4,101,-4.116655349731445,-2.2598419189453125,612.25,0.08971355855464935,4.538248062133789,0.968537449836731,0.1283891648054123,4.0
Llama-instruct,lam4,102,9.257172584533691,10.26416015625,395.890625,0.11000758409500122,3.2699460983276367,0.95862877368927,0.16233427822589874,4.0
Llama-instruct,lam4,103,25.812957763671875,25.812957763671875,411.3125,0.16299252212047577,0.8646979331970215,0.9594590663909912,0.1926202028989792,4.0
Llama-instruct,lam4,104,20.926544189453125,21.061279296875,524.734375,0.10304640978574753,0.6146785616874695,0.9645295143127441,0.15914694964885712,4.0
Llama-instruct,lam4,105,28.0380859375,28.0380859375,325.71875,0.16062577068805695,0.6416609883308411,0.9522491693496704,0.18731610476970673,4.0
Llama-instruct,lam4,106,11.667430877685547,11.760208129882812,382.328125,0.13668261468410492,1.3133052587509155,0.958588719367981,0.16696788370609283,4.0
Llama-instruct,lam4,107,27.74239158630371,28.112777709960938,472.0625,0.11051835119724274,1.7551445960998535,0.9497349262237549,0.16689002513885498,4.0
Llama-instruct,lam4,108,26.482074737548828,26.57177734375,587.828125,0.1005156859755516,0.799167811870575,0.9690307378768921,0.14835838973522186,4.0
Llama-instruct,lam4,109,18.23349380493164,18.2410888671875,422.375,0.1112976148724556,0.5346485376358032,0.9640520811080933,0.16704198718070984,4.0
Llama-instruct,lam4,110,23.212121963500977,23.439453125,374.015625,0.1614597737789154,0.6145950555801392,0.9458944797515869,0.18969474732875824,4.0
Llama-instruct,lam4,111,19.6231689453125,19.6231689453125,352.921875,0.14961986243724823,0.643035352230072,0.9646620750427246,0.17216575145721436,4.0
Llama-instruct,lam4,112,12.288177490234375,13.760860443115234,692.953125,0.0685531422495842,3.912677049636841,0.9825316667556763,0.12443140149116516,4.0
Llama-instruct,lam4,113,16.247600555419922,16.8438720703125,538.28125,0.08709754049777985,0.4785308241844177,0.9611283540725708,0.13720805943012238,4.0
Llama-instruct,lam4,114,17.59687614440918,18.339637756347656,596.484375,0.0928478017449379,0.44491395354270935,0.9664710760116577,0.1407710611820221,4.0
Llama-instruct,lam4,115,17.135101318359375,17.135101318359375,367.4375,0.16245317459106445,0.6612711548805237,0.960543155670166,0.16513271629810333,4.0
Llama-instruct,lam4,116,20.57223129272461,21.03485107421875,587.3125,0.09376101940870285,0.6832345128059387,0.9652585983276367,0.13904866576194763,4.0
Llama-instruct,lam4,117,31.83561134338379,31.934356689453125,621.3125,0.12483889609575272,0.6383533477783203,0.9679205417633057,0.1519296020269394,4.0
Llama-instruct,lam4,118,13.178564071655273,13.421630859375,400.8125,0.15343007445335388,0.7138353586196899,0.9625917077064514,0.15639032423496246,4.0
Llama-instruct,lam4,119,9.916604042053223,9.95892333984375,314.34375,0.2336079180240631,0.7370764017105103,0.9534590244293213,0.18498559296131134,4.0
Llama-instruct,lam4,120,13.206948280334473,13.254150390625,480.921875,0.16029897332191467,0.9296504259109497,0.9546805024147034,0.15277861058712006,4.0
Llama-instruct,lam4,121,18.964065551757812,19.031341552734375,511.4375,0.1446094959974289,0.6348809003829956,0.9565255641937256,0.15819601714611053,4.0
Llama-instruct,lam4,122,15.58454704284668,15.774261474609375,474.671875,0.1768145114183426,0.9638186693191528,0.9585427641868591,0.16712985932826996,4.0
Llama-instruct,lam4,123,12.246208190917969,12.52978515625,462.125,0.1960424780845642,1.5575289726257324,0.9678612947463989,0.16171228885650635,4.0
Llama-instruct,lam4,124,20.277679443359375,20.3780517578125,555.015625,0.13901033997535706,0.6114431619644165,0.9712411165237427,0.15715134143829346,4.0
Llama-instruct,lam4,125,26.501901626586914,26.90936279296875,577.5625,0.176801398396492,1.590545892715454,0.9783849120140076,0.1323644518852234,4.0
Llama-instruct,lam4,126,22.831974029541016,23.3076171875,662.390625,0.15055294334888458,1.2371184825897217,0.9762738943099976,0.1432061642408371,4.0
Llama-instruct,lam4,127,18.27479362487793,19.694486618041992,595.6875,0.1791839748620987,0.8229280710220337,0.9562684297561646,0.15937718749046326,4.0
Llama-instruct,lam4,128,21.527177810668945,21.628997802734375,550.484375,0.19262459874153137,0.7079365849494934,0.9719055891036987,0.15779520571231842,4.0
Llama-instruct,lam4,129,34.27349090576172,34.7919921875,644.453125,0.1741991639137268,0.6565181016921997,0.9762586951255798,0.145626962184906,4.0
Llama-instruct,lam4,130,19.29660415649414,19.98529052734375,619.234375,0.17032620310783386,1.0535916090011597,0.9685945510864258,0.15931768715381622,4.0
Llama-instruct,lam4,131,21.660663604736328,21.845855712890625,521.71875,0.21052736043930054,0.9967876076698303,0.9714967012405396,0.15883468091487885,4.0
Llama-instruct,lam4,132,26.338645935058594,27.83990478515625,871.1875,0.10724060237407684,0.9277060627937317,0.9818568229675293,0.12454289942979813,4.0
Llama-instruct,lam4,133,13.098175048828125,13.852691650390625,585.78125,0.18060420453548431,1.3845083713531494,0.966011106967926,0.162104994058609,4.0
Llama-instruct,lam4,134,18.906570434570312,19.307159423828125,715.34375,0.13208603858947754,1.008393406867981,0.9714689254760742,0.15206316113471985,4.0
Llama-instruct,lam4,135,24.424793243408203,24.6099853515625,625.328125,0.13328415155410767,1.2503085136413574,0.9773796796798706,0.14409516751766205,4.0
Llama-instruct,lam4,136,21.348896026611328,21.534088134765625,525.09375,0.191250279545784,1.1993440389633179,0.9646586179733276,0.17671875655651093,4.0
Llama-instruct,lam4,137,16.978742599487305,17.58984375,634.203125,0.13461527228355408,1.0447217226028442,0.9734307527542114,0.15048295259475708,4.0
Llama-instruct,lam4,138,19.698335647583008,19.89691162109375,654.578125,0.11512324959039688,0.9596371054649353,0.9783152341842651,0.14074526727199554,4.0
Llama-instruct,lam4,139,10.941112518310547,11.72113037109375,645.140625,0.1315835565328598,2.0989062786102295,0.9771816730499268,0.13980048894882202,4.0
Llama-instruct,lam4,140,18.87024688720703,19.63037109375,600.125,0.14154140651226044,2.1355035305023193,0.977169930934906,0.13887912034988403,4.0
Llama-instruct,lam4,141,22.70400619506836,24.51416015625,880.40625,0.08580053597688675,1.4903026819229126,0.9761478304862976,0.1318323314189911,4.0
Llama-instruct,lam4,142,26.387073516845703,26.792724609375,584.0,0.14237143099308014,1.1840896606445312,0.9709234833717346,0.1552106887102127,4.0
Llama-instruct,lam4,143,23.46796989440918,24.36572265625,706.75,0.10576239973306656,1.2122876644134521,0.9807488322257996,0.12741148471832275,4.0
Llama-instruct,lam4,144,12.552145004272461,13.271575927734375,689.53125,0.10611546784639359,1.9946750402450562,0.9767615795135498,0.1413097381591797,4.0
Llama-instruct,lam4,145,13.42831039428711,13.96942138671875,478.671875,0.19969792664051056,1.0050327777862549,0.9605571031570435,0.17695015668869019,4.0
Llama-instruct,lam4,146,20.38884925842285,21.405059814453125,665.875,0.1323968768119812,2.520468235015869,0.9797039031982422,0.13173791766166687,4.0
Llama-instruct,lam4,147,23.496356964111328,24.224288940429688,569.0625,0.14336739480495453,2.553894281387329,0.974714994430542,0.14630861580371857,4.0
Llama-instruct,lam4,148,14.891222953796387,15.076416015625,536.15625,0.15737031400203705,1.3203626871109009,0.9720295667648315,0.16022096574306488,4.0
Llama-instruct,lam4,149,20.48809242248535,20.980915069580078,543.53125,0.12379525601863861,1.019763708114624,0.9672837257385254,0.16784735023975372,4.0
Llama-instruct,lam4,150,9.498159408569336,10.930511474609375,660.8125,0.11770012974739075,2.5820229053497314,0.9694378972053528,0.14081165194511414,4.0
Llama-instruct,lam4,151,19.670516967773438,20.0220947265625,510.53125,0.17051559686660767,1.238089919090271,0.9697734117507935,0.15513598918914795,4.0
Llama-instruct,lam4,152,26.426931381225586,26.6123046875,680.359375,0.09484251588582993,0.8131601810455322,0.9746434688568115,0.14881470799446106,4.0
Llama-instruct,lam4,153,24.44268798828125,24.44268798828125,542.125,0.13081923127174377,0.755368709564209,0.9673526287078857,0.17295703291893005,4.0
Llama-instruct,lam4,154,25.389514923095703,25.57470703125,609.375,0.10578478127717972,1.2107936143875122,0.973141610622406,0.15744620561599731,4.0
Llama-instruct,lam4,155,19.716388702392578,19.720367431640625,519.546875,0.12687130272388458,0.7586978077888489,0.9719377756118774,0.16437697410583496,4.0
Llama-instruct,lam4,156,20.740243911743164,21.087661743164062,590.90625,0.11948250234127045,1.2207404375076294,0.9669188261032104,0.16809043288230896,4.0
Llama-instruct,lam4,157,20.29741859436035,20.676666259765625,633.390625,0.10150950402021408,1.2096033096313477,0.9753857851028442,0.14607182145118713,4.0
Llama-instruct,lam4,158,25.121360778808594,25.439300537109375,426.1875,0.15199653804302216,1.2922892570495605,0.9706287980079651,0.16204248368740082,4.0
Llama-instruct,lam4,159,22.11426544189453,22.7958984375,705.125,0.09327249228954315,1.1312596797943115,0.9741632342338562,0.14969925582408905,4.0
Llama-instruct,lam4,160,24.2960205078125,24.2960205078125,456.3125,0.12645991146564484,0.7788873910903931,0.9708346128463745,0.17127908766269684,4.0
Llama-instruct,lam4,161,26.706741333007812,26.76678466796875,493.125,0.1457793265581131,1.24541175365448,0.968930184841156,0.15345296263694763,4.0
Llama-instruct,lam4,162,14.3059720993042,14.318450927734375,440.59375,0.1629866063594818,0.7318929433822632,0.9602460861206055,0.17754510045051575,4.0
Llama-instruct,lam4,163,11.239092826843262,11.356285095214844,442.46875,0.12907817959785461,0.8678498864173889,0.9696063995361328,0.1673254817724228,4.0
Llama-instruct,lam4,164,21.62841796875,21.62841796875,371.671875,0.17604584991931915,0.7734218835830688,0.9533937573432922,0.1917087584733963,4.0
Llama-instruct,lam4,165,26.3968448638916,26.42578125,367.125,0.17282521724700928,0.747462809085846,0.965406060218811,0.17515099048614502,4.0
Llama-instruct,lam4,166,9.98900318145752,11.78143310546875,601.390625,0.1249871626496315,1.5500556230545044,0.9689990878105164,0.1408422589302063,4.0
Llama-instruct,lam4,167,25.490646362304688,25.788330078125,513.359375,0.12474387139081955,1.038034439086914,0.9694633483886719,0.1552341729402542,4.0
Llama-instruct,lam4,168,18.372745513916016,18.412353515625,597.375,0.09650910645723343,0.6707848310470581,0.9750852584838867,0.15381817519664764,4.0
Llama-instruct,lam4,169,11.040760040283203,11.391975402832031,437.421875,0.1610848307609558,1.0932066440582275,0.9659708142280579,0.1739087998867035,4.0
Llama-instruct,lam4,170,12.766605377197266,13.117279052734375,479.703125,0.14012955129146576,1.1506972312927246,0.9553111791610718,0.1637730598449707,4.0
Llama-instruct,lam4,171,17.25467300415039,17.500633239746094,528.78125,0.12903185188770294,0.5835890173912048,0.9698638319969177,0.15860538184642792,4.0
Llama-instruct,lam4,172,29.845678329467773,30.216064453125,571.515625,0.12066560983657837,1.6411924362182617,0.9736097455024719,0.14837530255317688,4.0
Llama-instruct,lam4,173,9.800140380859375,9.800140380859375,342.71875,0.19286468625068665,1.1225522756576538,0.9677795767784119,0.17465762794017792,4.0
Llama-instruct,lam4,174,36.36582946777344,36.39404296875,558.046875,0.11521454900503159,0.6896612644195557,0.9750533103942871,0.14876660704612732,4.0
Llama-instruct,lam4,175,19.658679962158203,19.8438720703125,513.6875,0.12224119901657104,1.2695118188858032,0.9713564515113831,0.15585917234420776,4.0
Llama-instruct,lam4,176,29.4783935546875,29.4783935546875,404.6875,0.1533990204334259,0.7949016690254211,0.9602006673812866,0.18239226937294006,4.0
Llama-instruct,lam4,177,34.07706069946289,34.182861328125,576.90625,0.10768044739961624,0.6465470194816589,0.9762234091758728,0.1436912715435028,4.0
Llama-instruct,lam4,178,26.771984100341797,27.06207275390625,538.0,0.12386047095060349,1.3391159772872925,0.9758684039115906,0.14739754796028137,4.0
Llama-instruct,lam4,179,26.12841796875,26.12841796875,515.453125,0.12190993130207062,0.7763346433639526,0.9719387292861938,0.15523135662078857,4.0
Llama-instruct,lam4,180,21.56509017944336,21.872901916503906,484.46875,0.1331096887588501,1.2161263227462769,0.9626991748809814,0.15500260889530182,4.0
Llama-instruct,lam4,181,21.445701599121094,21.807950973510742,508.1875,0.11863050609827042,1.5032448768615723,0.9592307209968567,0.1471480429172516,4.0
Llama-instruct,lam4,182,15.422467231750488,16.64105224609375,660.234375,0.11623811721801758,1.8064402341842651,0.9678096771240234,0.14815187454223633,4.0
Llama-instruct,lam4,183,7.916702747344971,8.959136962890625,469.40625,0.1351490169763565,3.4007582664489746,0.955870509147644,0.16859644651412964,4.0
Llama-instruct,lam4,184,14.144699096679688,14.59918212890625,477.203125,0.14019830524921417,2.042905569076538,0.9606301784515381,0.15182988345623016,4.0
Llama-instruct,lam4,185,10.071656227111816,12.184951782226562,841.046875,0.08804482221603394,3.1117939949035645,0.9778405427932739,0.11990830302238464,4.0
Llama-instruct,lam4,186,22.108617782592773,22.220565795898438,385.15625,0.1753404140472412,0.8004910349845886,0.9605543613433838,0.16647377610206604,4.0
Llama-instruct,lam4,187,11.394244194030762,12.291091918945312,649.359375,0.10968395322561264,2.7667524814605713,0.9765164256095886,0.13625378906726837,4.0
Llama-instruct,lam4,188,24.738765716552734,24.882362365722656,492.953125,0.1529458463191986,1.445120930671692,0.971437394618988,0.15623408555984497,4.0
Llama-instruct,lam4,189,27.221389770507812,28.02130126953125,595.1875,0.13178150355815887,1.5283385515213013,0.9695536494255066,0.15493959188461304,4.0
Llama-instruct,lam4,190,24.181411743164062,25.490966796875,686.859375,0.11790072172880173,3.4124059677124023,0.9714528322219849,0.14440827071666718,4.0
Llama-instruct,lam4,191,24.317880630493164,24.88702392578125,573.203125,0.12820547819137573,0.7977522611618042,0.9681888818740845,0.14380696415901184,4.0
Llama-instruct,lam4,192,28.629302978515625,28.629302978515625,409.390625,0.1892990916967392,0.8116302490234375,0.9660570621490479,0.1776573359966278,4.0
Llama-instruct,lam4,193,24.28941535949707,24.9940185546875,551.609375,0.1245722845196724,0.821515679359436,0.9667774438858032,0.15538586676120758,4.0
Llama-instruct,lam4,194,29.752822875976562,29.752822875976562,367.359375,0.19680435955524445,0.8286074995994568,0.9527534246444702,0.1684470921754837,4.0
Llama-instruct,lam4,195,20.372116088867188,20.378265380859375,469.46875,0.16327477991580963,1.0726784467697144,0.9459222555160522,0.1685122549533844,4.0
Llama-instruct,lam4,196,25.589996337890625,25.589996337890625,427.40625,0.15648451447486877,0.7483102679252625,0.9591373205184937,0.16250886023044586,4.0
Llama-instruct,lam4,197,19.34847640991211,19.904056549072266,460.46875,0.19819946587085724,2.175715446472168,0.963130533695221,0.1644737422466278,4.0
Llama-instruct,lam4,198,28.05355453491211,28.565185546875,490.421875,0.16191130876541138,0.7750555276870728,0.9605594277381897,0.14961571991443634,4.0
Llama-instruct,lam4,199,17.02092933654785,17.3095703125,626.296875,0.12648358941078186,0.7047258019447327,0.9752562642097473,0.13807573914527893,4.0
Llama-instruct,lam4,200,24.0718994140625,24.0718994140625,425.25,0.17702725529670715,0.8820334076881409,0.9693915247917175,0.17127840220928192,4.0
Llama-instruct,lam4,201,27.991498947143555,28.009765625,528.375,0.16452181339263916,0.7128394842147827,0.9695463180541992,0.166850283741951,4.0
Llama-instruct,lam4,202,23.112525939941406,23.1302490234375,574.921875,0.12776340544223785,0.6764258742332458,0.9737445116043091,0.15432851016521454,4.0
Llama-instruct,lam4,203,24.554187774658203,24.678070068359375,404.15625,0.2154405266046524,0.9279392957687378,0.9528160095214844,0.17707587778568268,4.0
Llama-instruct,lam4,204,21.419757843017578,21.439651489257812,397.4375,0.22643323242664337,1.1102322340011597,0.9655135869979858,0.176596000790596,4.0
Llama-instruct,lam4,205,18.05908203125,18.05908203125,340.265625,0.28625229001045227,1.0720903873443604,0.9559409618377686,0.19100476801395416,4.0
Llama-instruct,lam4,206,17.251880645751953,18.386550903320312,677.71875,0.12997861206531525,1.2865371704101562,0.9727159738540649,0.13351528346538544,4.0
Llama-instruct,lam4,207,33.34765625,33.572998046875,522.109375,0.19237995147705078,1.2824697494506836,0.9657537937164307,0.1680586189031601,4.0
Llama-instruct,lam4,208,31.50537109375,31.50537109375,519.609375,0.1762455254793167,0.7160526514053345,0.9728069305419922,0.15006756782531738,4.0
Llama-instruct,lam4,209,21.92819595336914,22.113388061523438,432.390625,0.24138833582401276,1.5153452157974243,0.9629009962081909,0.18405088782310486,4.0
Llama-instruct,lam4,210,23.92232322692871,24.3404541015625,677.234375,0.15582315623760223,1.2063288688659668,0.9764328002929688,0.14936746656894684,4.0
Llama-instruct,lam4,211,13.212508201599121,14.29400634765625,624.375,0.1521514505147934,2.1966166496276855,0.9771604537963867,0.135052889585495,4.0
Llama-instruct,lam4,212,18.31285858154297,19.28240966796875,709.296875,0.12558682262897491,1.5929343700408936,0.9743075370788574,0.14191530644893646,4.0
Llama-instruct,lam4,213,19.940908432006836,20.591796875,458.90625,0.1869397610425949,2.4950246810913086,0.9635732769966125,0.17379170656204224,4.0
Llama-instruct,lam4,214,10.1234130859375,10.1234130859375,416.921875,0.2505718469619751,1.293116807937622,0.9606183171272278,0.1775367707014084,4.0
Llama-instruct,lam4,215,21.672393798828125,23.35052490234375,821.53125,0.13043133914470673,2.0352015495300293,0.976090669631958,0.132222980260849,4.0
Llama-instruct,lam4,216,23.79859161376953,24.014892578125,560.890625,0.17118598520755768,1.5895564556121826,0.9711644649505615,0.15385331213474274,4.0
Llama-instruct,lam4,217,19.89423370361328,19.89423370361328,562.25,0.17829746007919312,0.8600178360939026,0.9700924158096313,0.15889836847782135,4.0
Llama-instruct,lam4,218,27.951251983642578,28.22723388671875,666.234375,0.15887635946273804,0.8881157636642456,0.9746348261833191,0.14401736855506897,4.0
Llama-instruct,lam4,219,21.3770809173584,21.61761474609375,469.046875,0.18908166885375977,1.8365615606307983,0.9668354392051697,0.16310620307922363,4.0
Llama-instruct,lam4,220,24.989734649658203,25.1749267578125,470.640625,0.18214769661426544,1.4374333620071411,0.9658389091491699,0.16882529854774475,4.0
Llama-instruct,lam4,221,17.5899715423584,17.82562255859375,436.859375,0.17751900851726532,0.8501110076904297,0.9721883535385132,0.1564663201570511,4.0
Llama-instruct,lam4,222,24.8724365234375,25.852294921875,665.765625,0.15295544266700745,2.770505905151367,0.9719856381416321,0.15260504186153412,4.0
Llama-instruct,lam4,223,15.816096305847168,15.9871826171875,515.921875,0.14872242510318756,1.0418388843536377,0.97428297996521,0.14652758836746216,4.0
Llama-instruct,lam4,224,17.83407974243164,18.9097900390625,573.453125,0.13600079715251923,0.7098095417022705,0.9694370031356812,0.13736973702907562,4.0
Llama-instruct,lam4,225,15.515499114990234,17.3084716796875,720.171875,0.10383330285549164,3.800971746444702,0.9703580141067505,0.13575972616672516,4.0
Llama-instruct,lam4,226,13.075992584228516,14.6441650390625,659.671875,0.0992390364408493,3.6774590015411377,0.9641110301017761,0.12825581431388855,4.0
Llama-instruct,lam4,227,15.829720497131348,15.88922119140625,458.40625,0.14303115010261536,0.6162879467010498,0.9655256271362305,0.17228680849075317,4.0
Llama-instruct,lam4,228,17.616680145263672,18.07080078125,595.484375,0.10958961397409439,0.9292656183242798,0.9726868867874146,0.1346898078918457,4.0
Llama-instruct,lam4,229,20.935083389282227,21.7161865234375,594.828125,0.10936369001865387,1.9393354654312134,0.9626964330673218,0.13928070664405823,4.0
Llama-instruct,lam4,230,24.28087043762207,24.701171875,597.90625,0.1206807941198349,1.7049009799957275,0.9707049131393433,0.15329641103744507,4.0
Llama-instruct,lam4,231,24.062883377075195,24.5198974609375,532.46875,0.1261174976825714,1.1878466606140137,0.96425461769104,0.15965330600738525,4.0
Llama-instruct,lam4,232,13.083501815795898,13.8924560546875,578.015625,0.09773082286119461,2.338254451751709,0.9663222432136536,0.15813425183296204,4.0
Llama-instruct,lam4,233,19.32394790649414,19.66485595703125,422.796875,0.14981037378311157,2.314777374267578,0.955973744392395,0.17168927192687988,4.0
Llama-instruct,lam4,234,25.085269927978516,26.14886474609375,726.625,0.09312131255865097,2.613638401031494,0.9757798910140991,0.1377144455909729,4.0
Llama-instruct,lam4,235,25.640518188476562,26.01904296875,629.875,0.10763236880302429,1.5348376035690308,0.9685208797454834,0.15480679273605347,4.0
Llama-instruct,lam4,236,19.574462890625,19.574462890625,491.21875,0.11127907782793045,0.8811854124069214,0.9690152406692505,0.15775229036808014,4.0
Llama-instruct,lam4,237,15.877028465270996,16.110870361328125,493.5625,0.11511155962944031,1.0539039373397827,0.9392192363739014,0.1570223718881607,4.0
Llama-instruct,lam4,238,12.707538604736328,12.909912109375,474.46875,0.11769060790538788,0.7314028143882751,0.9682451486587524,0.15221993625164032,4.0
Llama-instruct,lam4,239,21.50179672241211,21.7978515625,662.984375,0.0806487649679184,0.7089036107063293,0.9554387331008911,0.1506223976612091,4.0
Llama-instruct,lam4,240,28.083580017089844,28.1441650390625,514.515625,0.11601834744215012,1.022530436515808,0.9599354267120361,0.18145787715911865,4.0
Llama-instruct,lam4,241,18.980548858642578,19.06970977783203,477.1875,0.09365347027778625,0.6376845240592957,0.9705774784088135,0.15460717678070068,4.0
Llama-instruct,lam4,242,10.4849853515625,10.791168212890625,394.109375,0.11975719779729843,1.1471285820007324,0.9410521984100342,0.1664942502975464,4.0
Llama-instruct,lam4,243,20.516315460205078,20.705848693847656,536.46875,0.1015331819653511,0.7842460870742798,0.9727208018302917,0.15298181772232056,4.0
Llama-instruct,lam4,244,26.002689361572266,26.002689361572266,361.046875,0.12300596386194229,0.7469313740730286,0.96211177110672,0.17016009986400604,4.0
Llama-instruct,lam4,245,24.68182373046875,24.68182373046875,364.46875,0.12386231869459152,0.5340346097946167,0.9506149291992188,0.1846550703048706,4.0
Llama-instruct,lam4,246,6.988043785095215,7.73333740234375,426.75,0.11828505247831345,2.6404569149017334,0.9582818746566772,0.1625487506389618,4.0
Llama-instruct,lam4,247,36.1484375,36.1484375,503.671875,0.12996217608451843,0.6041350960731506,0.9648988246917725,0.16868792474269867,4.0
Llama-instruct,lam4,248,37.11767578125,37.11767578125,428.15625,0.15587733685970306,0.69927579164505,0.9630319476127625,0.16124151647090912,4.0
Llama-instruct,lam4,249,25.567079544067383,25.9052734375,523.453125,0.11820253729820251,0.9200981855392456,0.9661009907722473,0.15259790420532227,4.0
Llama-instruct,lam4,250,23.35993003845215,24.6881103515625,502.046875,0.11952076107263565,0.4828045666217804,0.933175802230835,0.13579721748828888,4.0
Qwen-base,grpo,1,0.6975535154342651,0.7034759521484375,323.625,0.0,0.9643875360488892,,,
Qwen-base,grpo,2,3.0879769325256348,3.144240379333496,175.578125,0.0006633657612837851,0.8542326092720032,,,
Qwen-base,grpo,3,4.4644775390625,4.4644775390625,263.3125,0.001686721807345748,0.9012612700462341,,,
Qwen-base,grpo,4,5.1198883056640625,5.164306640625,286.796875,0.0026801808271557093,0.9684831500053406,,,
Qwen-base,grpo,5,3.040989875793457,3.0793933868408203,319.171875,0.003242218168452382,0.6221147179603577,,,
Qwen-base,grpo,6,4.21475887298584,4.3717041015625,369.015625,0.0047318884171545506,0.6569334864616394,,,
Qwen-base,grpo,7,5.5528106689453125,5.5528106689453125,406.15625,0.0054155681282281876,1.0705235004425049,,,
Qwen-base,grpo,8,6.62892484664917,6.650115966796875,359.390625,0.007743294350802898,0.8160451054573059,,,
Qwen-base,grpo,9,10.005167961120605,10.0213623046875,352.859375,0.02478681318461895,0.7622920870780945,,,
Qwen-base,grpo,10,6.781554222106934,6.882236480712891,251.734375,0.010596197098493576,0.9488697052001953,,,
Qwen-base,grpo,11,5.687131881713867,5.719705104827881,243.765625,0.012514178641140461,0.8703277707099915,,,
Qwen-base,grpo,12,4.522688865661621,4.590797424316406,138.921875,0.024835268035531044,0.8544026613235474,,,
Qwen-base,grpo,13,8.784650802612305,8.87348747253418,255.75,0.01207663957029581,0.9956843256950378,,,
Qwen-base,grpo,14,5.328679084777832,5.329326629638672,330.484375,0.011635033413767815,0.8169430494308472,,,
Qwen-base,grpo,15,4.750701904296875,4.750701904296875,285.296875,0.01423895824700594,0.9431384801864624,,,
Qwen-base,grpo,16,7.817333221435547,7.817333221435547,303.125,0.014340725727379322,0.7831093668937683,,,
Qwen-base,grpo,17,9.25030517578125,9.25030517578125,406.609375,0.013966993428766727,0.8949238061904907,,,
Qwen-base,grpo,18,7.3385009765625,7.3385009765625,379.515625,0.018188009038567543,0.951443076133728,,,
Qwen-base,grpo,19,11.457275390625,11.457275390625,386.046875,0.016529280692338943,0.890815019607544,,,
Qwen-base,grpo,20,7.0006103515625,7.0006103515625,281.9375,0.019522888585925102,0.8176010251045227,,,
Qwen-base,grpo,21,11.314915657043457,11.532196044921875,594.515625,0.014502451755106449,0.7627311944961548,,,
Qwen-base,grpo,22,6.8616042137146,6.989677429199219,411.53125,0.013611133210361004,0.649574339389801,,,
Qwen-base,grpo,23,5.300034523010254,5.34149169921875,197.75,0.02747841738164425,0.7751850485801697,,,
Qwen-base,grpo,24,13.84765625,13.84765625,333.453125,0.02024909108877182,0.7527608871459961,,,
Qwen-base,grpo,25,4.473267555236816,4.473267555236816,243.640625,0.027609575539827347,0.630451500415802,,,
Qwen-base,grpo,26,4.251709938049316,4.3017730712890625,290.84375,0.02551298402249813,0.6869840025901794,,,
Qwen-base,grpo,27,11.380126953125,11.380126953125,358.328125,0.02631126157939434,0.8158190250396729,,,
Qwen-base,grpo,28,8.013517379760742,8.129745483398438,262.140625,0.02400457300245762,0.6520501375198364,,,
Qwen-base,grpo,29,4.717560291290283,5.0025787353515625,347.34375,0.016608094796538353,0.5552022457122803,,,
Qwen-base,grpo,30,9.625711441040039,9.625711441040039,354.25,0.031292874366045,0.871253490447998,,,
Qwen-base,grpo,31,7.726806640625,7.726806640625,236.109375,0.03758365288376808,0.595598042011261,,,
Qwen-base,grpo,32,10.77337646484375,10.77337646484375,376.46875,0.03574250638484955,0.9800495505332947,,,
Qwen-base,grpo,33,2.99881911277771,3.0817337036132812,233.46875,0.043344177305698395,0.7402629852294922,,,
Qwen-base,grpo,34,8.797135353088379,8.797135353088379,211.234375,0.07527907192707062,0.651145875453949,,,
Qwen-base,grpo,35,6.823768615722656,6.823768615722656,157.53125,0.05125885084271431,0.6497867107391357,,,
Qwen-base,grpo,36,10.5384521484375,10.5384521484375,447.8125,0.02602730132639408,0.6378450989723206,,,
Qwen-base,grpo,37,10.30645751953125,10.332275390625,518.34375,0.03046979010105133,0.7837956547737122,,,
Qwen-base,grpo,38,5.368743896484375,5.368743896484375,192.640625,0.04524258151650429,0.6166151165962219,,,
Qwen-base,grpo,39,9.07388973236084,9.1134033203125,477.65625,0.0333746038377285,0.6097847819328308,,,
Qwen-base,grpo,40,7.4900922775268555,8.033477783203125,471.046875,0.03493119776248932,0.7926260232925415,,,
Qwen-base,grpo,41,12.610549926757812,12.61767578125,499.9375,0.03423990309238434,0.6617098450660706,,,
Qwen-base,grpo,42,7.694186210632324,7.741565704345703,308.125,0.038450565189123154,0.6033286452293396,,,
Qwen-base,grpo,43,8.126812934875488,8.281444549560547,355.59375,0.036297086626291275,0.5251554846763611,,,
Qwen-base,grpo,44,11.926383018493652,11.927215576171875,466.34375,0.04274236038327217,0.6925880312919617,,,
Qwen-base,grpo,45,11.849119186401367,11.86077880859375,354.421875,0.04368424043059349,0.7660479545593262,,,
Qwen-base,grpo,46,9.08824634552002,9.091577529907227,450.3125,0.03179003298282623,0.6983636021614075,,,
Qwen-base,grpo,47,6.987853527069092,7.107505798339844,365.578125,0.03977617621421814,0.615276038646698,,,
Qwen-base,grpo,48,9.741670608520508,9.757308959960938,558.75,0.04014886915683746,0.8956876993179321,,,
Qwen-base,grpo,49,15.58266830444336,15.60302734375,608.21875,0.03814391419291496,0.6644908785820007,,,
Qwen-base,grpo,50,16.199594497680664,16.218379974365234,597.875,0.037881769239902496,0.7829092144966125,,,
Qwen-base,grpo,51,8.854161262512207,8.85943603515625,383.0625,0.045691102743148804,0.6371546387672424,,,
Qwen-base,grpo,52,10.08068561553955,10.1181640625,502.15625,0.03728245571255684,0.726498544216156,,,
Qwen-base,grpo,53,9.1119384765625,9.1119384765625,403.140625,0.042825132608413696,0.6375628113746643,,,
Qwen-base,grpo,54,15.534584999084473,15.548095703125,517.953125,0.039727453142404556,0.7145534157752991,,,
Qwen-base,grpo,55,10.340241432189941,10.382068634033203,448.171875,0.04783451929688454,0.9015215635299683,,,
Qwen-base,grpo,56,9.210006713867188,9.210006713867188,357.0625,0.07682516425848007,0.666904091835022,,,
Qwen-base,grpo,57,10.63033676147461,10.63033676147461,347.859375,0.05208825692534447,0.7457683682441711,,,
Qwen-base,grpo,58,10.990445137023926,10.99932861328125,359.5625,0.05950632691383362,0.7683817148208618,,,
Qwen-base,grpo,59,11.006443977355957,11.01171875,548.234375,0.050707172602415085,0.8841495513916016,,,
Qwen-base,grpo,60,7.377511024475098,7.379547119140625,378.625,0.05645643174648285,0.8359533548355103,,,
Qwen-base,grpo,61,8.90327262878418,9.05670166015625,370.15625,0.04663519188761711,0.7486999034881592,,,
Qwen-base,grpo,62,7.799062728881836,7.8844757080078125,437.734375,0.03729354590177536,0.6898069381713867,,,
Qwen-base,grpo,63,8.48114013671875,8.48114013671875,307.296875,0.20806469023227692,0.730160117149353,,,
Qwen-base,grpo,64,9.042726516723633,9.338386535644531,565.515625,0.04233928024768829,0.8375389575958252,,,
Qwen-base,grpo,65,8.46832275390625,8.46832275390625,273.640625,0.08177569508552551,0.7609987258911133,,,
Qwen-base,grpo,66,5.1203460693359375,5.1203460693359375,422.453125,0.05399562045931816,0.9710632562637329,,,
Qwen-base,grpo,67,11.297307014465332,11.39715576171875,600.40625,0.030191512778401375,0.6209292411804199,,,
Qwen-base,grpo,68,9.166845321655273,9.185075759887695,432.484375,0.05226528272032738,0.8772732615470886,,,
Qwen-base,grpo,69,10.24847412109375,10.24847412109375,497.953125,0.04409298300743103,1.0319091081619263,,,
Qwen-base,grpo,70,7.934803009033203,7.934803009033203,324.21875,0.059732068330049515,0.8025597929954529,,,
Qwen-base,grpo,71,5.846832275390625,5.850255966186523,470.796875,0.03601512312889099,0.6579698920249939,,,
Qwen-base,grpo,72,9.675735473632812,9.6885986328125,445.75,0.03942963108420372,0.7538794279098511,,,
Qwen-base,grpo,73,6.227447509765625,6.227447509765625,330.46875,0.06275787949562073,0.7585394382476807,,,
Qwen-base,grpo,74,11.558698654174805,11.563232421875,616.703125,0.035872817039489746,0.7589682936668396,,,
Qwen-base,grpo,75,10.154754638671875,10.210647583007812,432.53125,0.040340255945920944,0.7095685601234436,,,
Qwen-base,grpo,76,9.741812705993652,9.752639770507812,507.28125,0.04846801981329918,0.8711525201797485,,,
Qwen-base,grpo,77,8.37522029876709,8.376052856445312,372.703125,0.06577184051275253,0.7249959111213684,,,
Qwen-base,grpo,78,12.899190902709961,13.069091796875,620.4375,0.03656158223748207,0.7625457048416138,,,
Qwen-base,grpo,79,11.266311645507812,11.266311645507812,369.96875,0.03754611313343048,0.6015875935554504,,,
Qwen-base,grpo,80,7.671630859375,7.671630859375,250.890625,0.06670596450567245,0.6744758486747742,,,
Qwen-base,grpo,81,7.568985462188721,7.6205291748046875,345.1875,0.03778288513422012,0.5950791239738464,,,
Qwen-base,grpo,82,13.552978515625,13.552978515625,452.96875,0.035902198404073715,0.9333917498588562,,,
Qwen-base,grpo,83,6.649692535400391,6.649692535400391,296.0625,0.06830645352602005,1.031440019607544,,,
Qwen-base,grpo,84,9.874061584472656,9.874061584472656,533.640625,0.04249066859483719,0.7704641222953796,,,
Qwen-base,grpo,85,11.429224967956543,11.547119140625,538.4375,0.033285606652498245,0.9874600768089294,,,
Qwen-base,grpo,86,10.0684814453125,10.0684814453125,587.5,0.03189092129468918,0.804773211479187,,,
Qwen-base,grpo,87,9.991375923156738,9.997390747070312,456.625,0.04116762802004814,0.8341541290283203,,,
Qwen-base,grpo,88,10.01046371459961,10.015090942382812,466.703125,0.03638194873929024,0.5150158405303955,,,
Qwen-base,grpo,89,12.09496021270752,12.138916015625,433.5625,0.03404693678021431,0.7332615852355957,,,
Qwen-base,grpo,90,11.812559127807617,11.812559127807617,365.21875,0.0507955476641655,0.9450688362121582,,,
Qwen-base,grpo,91,14.241943359375,14.241943359375,419.875,0.03783904016017914,0.8451393842697144,,,
Qwen-base,grpo,92,11.568422317504883,11.7200927734375,586.25,0.03472607582807541,0.8070749044418335,,,
Qwen-base,grpo,93,10.93145751953125,10.976524353027344,388.4375,0.041659895330667496,0.7894461154937744,,,
Qwen-base,grpo,94,8.108001708984375,8.108001708984375,252.171875,0.07278366386890411,0.7178493738174438,,,
Qwen-base,grpo,95,8.42835807800293,8.4700927734375,447.5,0.04766661301255226,0.8364916443824768,,,
Qwen-base,grpo,96,9.824268341064453,10.0286865234375,607.171875,0.03276411443948746,0.6874774098396301,,,
Qwen-base,grpo,97,7.718652725219727,7.876800537109375,513.328125,0.04489101469516754,0.5380120277404785,,,
Qwen-base,grpo,98,11.17999267578125,11.17999267578125,394.421875,0.046940892934799194,0.7544811367988586,,,
Qwen-base,grpo,99,8.219642639160156,8.219642639160156,224.328125,0.07534713298082352,0.614744246006012,,,
Qwen-base,grpo,100,9.980295181274414,10.008056640625,416.125,0.05121747404336929,0.8513466715812683,,,
Qwen-base,grpo,101,1.2664070129394531,1.2664070129394531,229.265625,0.0734415352344513,0.7603442668914795,,,
Qwen-base,grpo,102,4.899404525756836,4.899404525756836,296.765625,0.06257658451795578,0.9852221608161926,,,
Qwen-base,grpo,103,10.919746398925781,10.919746398925781,371.3125,0.05806565284729004,0.8457844853401184,,,
Qwen-base,grpo,104,12.856788635253906,12.94775390625,545.734375,0.04397493600845337,0.6490957736968994,,,
Qwen-base,grpo,105,11.205625534057617,11.207290649414062,338.546875,0.05164509266614914,0.600931704044342,,,
Qwen-base,grpo,106,5.067502021789551,5.2267608642578125,449.015625,0.05999939143657684,0.7546368837356567,,,
Qwen-base,grpo,107,12.732856750488281,12.7349853515625,450.640625,0.05943138897418976,0.7984795570373535,,,
Qwen-base,grpo,108,15.138198852539062,15.2828369140625,663.078125,0.05204164236783981,0.8497229814529419,,,
Qwen-base,grpo,109,8.05084228515625,8.0537109375,413.65625,0.05170183628797531,0.657066822052002,,,
Qwen-base,grpo,110,9.361289978027344,9.8232421875,393.984375,0.05636671185493469,0.6175062656402588,,,
Qwen-base,grpo,111,12.5013427734375,12.5013427734375,351.828125,0.06268274784088135,0.6966469883918762,,,
Qwen-base,grpo,112,10.875068664550781,10.89154052734375,514.15625,0.04813288152217865,0.6619012951850891,,,
Qwen-base,grpo,113,6.817996978759766,6.8348388671875,407.234375,0.04538016766309738,0.44500651955604553,,,
Qwen-base,grpo,114,13.518155097961426,13.686112403869629,573.296875,0.05540847405791283,0.5398991703987122,,,
Qwen-base,grpo,115,9.29052734375,9.29052734375,376.171875,0.06518755108118057,0.5405288934707642,,,
Qwen-base,grpo,116,10.911094665527344,11.04925537109375,624.8125,0.06387573480606079,0.7865514755249023,,,
Qwen-base,grpo,117,14.986002922058105,15.002197265625,668.671875,0.05623288452625275,0.6836047172546387,,,
Qwen-base,grpo,118,9.591697692871094,9.612333297729492,446.34375,0.07094167917966843,0.6788447499275208,,,
Qwen-base,grpo,119,6.773599147796631,6.995136260986328,345.203125,0.08180161565542221,0.5682113766670227,,,
Qwen-base,grpo,120,8.18371295928955,8.22979736328125,432.578125,0.06870852410793304,0.7190351486206055,,,
Qwen-base,grpo,121,11.98699951171875,11.99560546875,518.765625,0.06238176301121712,0.5615205764770508,,,
Qwen-base,grpo,122,6.95359992980957,7.0393829345703125,413.796875,0.07811076939105988,0.6483675837516785,,,
Qwen-base,grpo,123,7.412332534790039,7.414276123046875,318.0625,0.10451211780309677,0.44560033082962036,,,
Qwen-base,grpo,124,10.316387176513672,10.379776000976562,515.125,0.05652817711234093,0.46245086193084717,,,
Qwen-base,grpo,125,14.103641510009766,14.11474609375,522.5,0.07598701864480972,0.6829250454902649,,,
Qwen-base,grpo,126,10.226781845092773,10.383819580078125,586.03125,0.06374085694551468,0.6469621658325195,,,
Qwen-base,grpo,127,14.469913482666016,14.8935546875,511.46875,0.06429295241832733,0.4463415741920471,,,
Qwen-base,grpo,128,10.541587829589844,10.599609375,502.15625,0.07070150971412659,0.5879641175270081,,,
Qwen-base,grpo,129,13.209661483764648,13.3896484375,552.78125,0.05723799020051956,0.4966529905796051,,,
Qwen-base,grpo,130,8.840470314025879,9.025177001953125,536.3125,0.0655147135257721,0.8694718480110168,,,
Qwen-base,grpo,131,9.808807373046875,9.808807373046875,398.75,0.07640048116445541,0.5492807030677795,,,
Qwen-base,grpo,132,9.773691177368164,10.537689208984375,844.796875,0.040099579840898514,0.6693580746650696,,,
Qwen-base,grpo,133,11.362981796264648,11.37677001953125,436.796875,0.06616012752056122,0.5617698431015015,,,
Qwen-base,grpo,134,13.547786712646484,13.82318115234375,657.390625,0.0573168583214283,0.7044118642807007,,,
Qwen-base,grpo,135,9.304004669189453,9.314554214477539,522.140625,0.06613782793283463,0.851364254951477,,,
Qwen-base,grpo,136,10.725896835327148,10.759765625,379.59375,0.08250924199819565,0.8121762275695801,,,
Qwen-base,grpo,137,6.769721984863281,6.8191375732421875,454.5,0.06371797621250153,0.5536686182022095,,,
Qwen-base,grpo,138,12.332620620727539,12.46929931640625,546.625,0.0439586341381073,0.6834091544151306,,,
Qwen-base,grpo,139,11.327831268310547,11.374748229980469,502.375,0.0609513558447361,0.7833259701728821,,,
Qwen-base,grpo,140,11.726259231567383,11.884315490722656,450.90625,0.06298881769180298,0.7477795481681824,,,
Qwen-base,grpo,141,10.193439483642578,10.436630249023438,663.75,0.036443810909986496,0.7574442028999329,,,
Qwen-base,grpo,142,11.198919296264648,11.3043212890625,404.765625,0.04801974818110466,0.6668987274169922,,,
Qwen-base,grpo,143,11.501808166503906,11.798393249511719,613.34375,0.04452064260840416,0.6921433210372925,,,
Qwen-base,grpo,144,10.81641674041748,11.05322265625,548.046875,0.04491037502884865,0.9044320583343506,,,
Qwen-base,grpo,145,7.667253494262695,7.8762054443359375,304.84375,0.08507002890110016,0.6448792219161987,,,
Qwen-base,grpo,146,10.97003173828125,10.97003173828125,392.234375,0.07012531161308289,0.711972713470459,,,
Qwen-base,grpo,147,10.5703125,10.5703125,337.28125,0.06499368697404861,0.8435709476470947,,,
Qwen-base,grpo,148,9.636075019836426,9.637186050415039,429.0625,0.05262884497642517,0.7896069288253784,,,
Qwen-base,grpo,149,12.137853622436523,12.298500061035156,492.390625,0.04801558330655098,0.5983810424804688,,,
Qwen-base,grpo,150,7.147282600402832,7.270729064941406,430.4375,0.05332918092608452,0.7750715017318726,,,
Qwen-base,grpo,151,9.328367233276367,9.365198135375977,341.75,0.06680614501237869,0.713051974773407,,,
Qwen-base,grpo,152,14.235811233520508,14.31298828125,652.546875,0.03897111490368843,0.6472274661064148,,,
Qwen-base,grpo,153,11.833139419555664,12.029876708984375,516.890625,0.04734968766570091,0.5984313488006592,,,
Qwen-base,grpo,154,11.38067626953125,11.383544921875,538.6875,0.04901204630732536,0.6962453126907349,,,
Qwen-base,grpo,155,12.7794189453125,12.7794189453125,453.71875,0.05266041308641434,0.6638364791870117,,,
Qwen-base,grpo,156,10.361705780029297,10.378547668457031,469.875,0.05990780144929886,0.6836538910865784,,,
Qwen-base,grpo,157,11.001436233520508,11.310699462890625,657.953125,0.040453389286994934,0.6463038921356201,,,
Qwen-base,grpo,158,9.841796875,9.841796875,333.0625,0.05400651693344116,0.601185142993927,,,
Qwen-base,grpo,159,12.057313919067383,12.337890625,702.546875,0.04514065757393837,0.7182668447494507,,,
Qwen-base,grpo,160,10.691615104675293,10.70068359375,471.265625,0.055514223873615265,0.734575629234314,,,
Qwen-base,grpo,161,10.642061233520508,10.766525268554688,468.8125,0.06086795777082443,0.730482816696167,,,
Qwen-base,grpo,162,9.688274383544922,9.727325439453125,458.359375,0.06329230219125748,0.6031663417816162,,,
Qwen-base,grpo,163,8.042768478393555,8.042768478393555,453.03125,0.06152864173054695,0.5615312457084656,,,
Qwen-base,grpo,164,12.122658729553223,12.14190673828125,465.046875,0.06910762935876846,0.637442946434021,,,
Qwen-base,grpo,165,9.943166732788086,10.037925720214844,416.265625,0.06784968078136444,0.7027531862258911,,,
Qwen-base,grpo,166,9.732757568359375,10.215530395507812,502.171875,0.05278507247567177,0.7815481424331665,,,
Qwen-base,grpo,167,13.198347091674805,13.47216796875,584.5,0.05393743887543678,0.6085771322250366,,,
Qwen-base,grpo,168,11.667835235595703,11.915283203125,775.234375,0.03290654718875885,0.5725781321525574,,,
Qwen-base,grpo,169,8.706571578979492,8.80133056640625,439.078125,0.05458569526672363,0.4858537018299103,,,
Qwen-base,grpo,170,7.763267517089844,8.377630233764648,589.875,0.04100408777594566,0.5961863398551941,,,
Qwen-base,grpo,171,10.340911865234375,10.448348999023438,516.375,0.044745225459337234,0.5465654134750366,,,
Qwen-base,grpo,172,17.636157989501953,17.7001953125,647.0625,0.047862350940704346,0.7534385323524475,,,
Qwen-base,grpo,173,7.511264801025391,7.511264801025391,296.09375,0.10028764605522156,0.741557776927948,,,
Qwen-base,grpo,174,17.0,17.02294921875,622.640625,0.044245362281799316,0.6475272178649902,,,
Qwen-base,grpo,175,13.8876953125,13.8876953125,543.515625,0.04765896126627922,0.658546507358551,,,
Qwen-base,grpo,176,16.63789939880371,16.6875,494.3125,0.055803216993808746,0.6549062132835388,,,
Qwen-base,grpo,177,15.717287063598633,15.7314453125,591.546875,0.046951234340667725,0.6278461813926697,,,
Qwen-base,grpo,178,10.747903823852539,10.804351806640625,577.03125,0.047722168266773224,0.5902500152587891,,,
Qwen-base,grpo,179,13.580078125,13.580078125,547.75,0.049599453806877136,0.5665295124053955,,,
Qwen-base,grpo,180,11.96215534210205,12.039794921875,535.875,0.05303658917546272,0.6222447156906128,,,
Qwen-base,grpo,181,11.003547668457031,11.054443359375,548.421875,0.04491393268108368,0.5016312003135681,,,
Qwen-base,grpo,182,11.470861434936523,12.101232528686523,603.59375,0.06263171136379242,0.684939980506897,,,
Qwen-base,grpo,183,9.131549835205078,9.3016357421875,433.765625,0.0762099176645279,0.5750443935394287,,,
Qwen-base,grpo,184,8.647198677062988,8.8150634765625,508.703125,0.06328795850276947,0.563713014125824,,,
Qwen-base,grpo,185,13.015050888061523,13.3984375,745.734375,0.048088446259498596,0.6091477274894714,,,
Qwen-base,grpo,186,11.268439292907715,11.276397705078125,367.171875,0.08896467089653015,0.5246286392211914,,,
Qwen-base,grpo,187,10.213985443115234,10.225830078125,540.453125,0.056014351546764374,0.5004381537437439,,,
Qwen-base,grpo,188,12.665058135986328,12.6746826171875,480.703125,0.06657874584197998,0.5255031585693359,,,
Qwen-base,grpo,189,13.32850456237793,13.601215362548828,624.5,0.060685962438583374,0.5107181668281555,,,
Qwen-base,grpo,190,13.570913314819336,13.715087890625,618.15625,0.07128290086984634,0.6179558038711548,,,
Qwen-base,grpo,191,12.420732498168945,13.0609130859375,652.25,0.052264366298913956,0.5365034341812134,,,
Qwen-base,grpo,192,11.8330078125,11.8330078125,477.859375,0.07988327741622925,0.5499676465988159,,,
Qwen-base,grpo,193,10.194967269897461,10.488037109375,552.125,0.06129122152924538,0.43501055240631104,,,
Qwen-base,grpo,194,10.85055160522461,10.91838264465332,418.796875,0.0871310606598854,0.520662784576416,,,
Qwen-base,grpo,195,13.23025894165039,13.44189453125,554.125,0.07409896701574326,0.6253424882888794,,,
Qwen-base,grpo,196,9.3904390335083,9.39108657836914,415.328125,0.07112853229045868,0.45756667852401733,,,
Qwen-base,grpo,197,10.331450462341309,10.3487548828125,378.515625,0.07971891015768051,0.51109778881073,,,
Qwen-base,grpo,198,13.893202781677246,14.1239013671875,510.359375,0.06620869785547256,0.5363554954528809,,,
Qwen-base,grpo,199,11.18844985961914,11.47467041015625,679.796875,0.05717091262340546,0.4542469382286072,,,
Qwen-base,grpo,200,15.65185546875,15.65185546875,476.3125,0.06302813440561295,0.5434664487838745,,,
Qwen-base,grpo,201,12.88132095336914,13.1015625,586.953125,0.06306552141904831,0.5331296324729919,,,
Qwen-base,grpo,202,10.458003997802734,10.478363037109375,584.375,0.05593014135956764,0.48229464888572693,,,
Qwen-base,grpo,203,10.730226516723633,10.754749298095703,451.921875,0.0782671645283699,0.632247805595398,,,
Qwen-base,grpo,204,13.592527389526367,13.6070556640625,437.265625,0.08080169558525085,0.5706164240837097,,,
Qwen-base,grpo,205,9.048583984375,9.048583984375,335.421875,0.09901644289493561,0.6449304819107056,,,
Qwen-base,grpo,206,9.618377685546875,9.8275146484375,543.21875,0.05889056995511055,0.5575702786445618,,,
Qwen-base,grpo,207,16.411340713500977,16.431884765625,530.0,0.058143652975559235,0.6489036679267883,,,
Qwen-base,grpo,208,18.753032684326172,18.7548828125,548.34375,0.050717804580926895,0.5963929295539856,,,
Qwen-base,grpo,209,9.59991455078125,9.59991455078125,354.9375,0.08901866525411606,0.7595979571342468,,,
Qwen-base,grpo,210,13.596541404724121,13.850189208984375,633.1875,0.0597388818860054,0.5855697989463806,,,
Qwen-base,grpo,211,8.600311279296875,8.80657958984375,520.796875,0.05714656785130501,0.8639858961105347,,,
Qwen-base,grpo,212,10.547677993774414,10.617544174194336,599.328125,0.05179385468363762,0.6617524027824402,,,
Qwen-base,grpo,213,10.46240234375,10.46240234375,399.21875,0.082151398062706,0.8013463020324707,,,
Qwen-base,grpo,214,6.7340850830078125,6.7340850830078125,297.453125,0.0867304876446724,0.7367400527000427,,,
Qwen-base,grpo,215,12.535360336303711,13.202377319335938,710.078125,0.04306203871965408,0.6551732420921326,,,
Qwen-base,grpo,216,12.030783653259277,12.04022216796875,504.0,0.05474873259663582,0.6229448914527893,,,
Qwen-base,grpo,217,11.731329917907715,11.733551025390625,497.875,0.053654130548238754,0.6105778217315674,,,
Qwen-base,grpo,218,16.63090705871582,17.09619140625,751.75,0.048526450991630554,0.6365153789520264,,,
Qwen-base,grpo,219,10.372599601745605,10.383056640625,437.625,0.0769464522600174,0.8346514701843262,,,
Qwen-base,grpo,220,11.972225189208984,11.9754638671875,433.875,0.05889900401234627,0.651283323764801,,,
Qwen-base,grpo,221,10.821136474609375,10.821136474609375,391.0625,0.07611164450645447,0.6988705396652222,,,
Qwen-base,grpo,222,16.08615493774414,16.1947021484375,561.125,0.07372606545686722,0.633053183555603,,,
Qwen-base,grpo,223,11.033891677856445,11.035371780395508,478.5,0.0583670437335968,0.5942574739456177,,,
Qwen-base,grpo,224,10.456706047058105,10.913753509521484,556.625,0.05396556481719017,0.5345882773399353,,,
Qwen-base,grpo,225,12.159746170043945,12.365180969238281,642.6875,0.06134697422385216,0.6741924285888672,,,
Qwen-base,grpo,226,10.342575073242188,10.83145523071289,604.046875,0.0492343008518219,0.524080753326416,,,
Qwen-base,grpo,227,9.554595947265625,9.554595947265625,451.234375,0.05033160001039505,0.4431245028972626,,,
Qwen-base,grpo,228,13.591821670532227,13.755615234375,632.25,0.049822140485048294,0.6338291764259338,,,
Qwen-base,grpo,229,13.936697959899902,14.26123046875,656.328125,0.05944008007645607,0.7372825145721436,,,
Qwen-base,grpo,230,18.28285789489746,18.348560333251953,593.6875,0.06187516078352928,0.6209424138069153,,,
Qwen-base,grpo,231,12.852023124694824,13.31878662109375,616.671875,0.06000209227204323,0.641884446144104,,,
Qwen-base,grpo,232,9.066774368286133,9.07806396484375,521.6875,0.07191745936870575,0.6183199882507324,,,
Qwen-base,grpo,233,11.510878562927246,11.58685302734375,429.40625,0.07249489426612854,0.7484336495399475,,,
Qwen-base,grpo,234,15.03294563293457,15.3121337890625,772.984375,0.05910583958029747,0.8749216794967651,,,
Qwen-base,grpo,235,15.658215522766113,15.7802734375,682.921875,0.055107031017541885,0.7872557044029236,,,
Qwen-base,grpo,236,10.11572265625,10.11572265625,546.671875,0.06927355378866196,0.8594801425933838,,,
Qwen-base,grpo,237,12.598430633544922,12.67755126953125,564.21875,0.060742031782865524,0.7505903840065002,,,
Qwen-base,grpo,238,9.5025634765625,9.5025634765625,506.15625,0.07884715497493744,0.6062398552894592,,,
Qwen-base,grpo,239,10.729024887084961,11.239837646484375,780.03125,0.0420726053416729,0.6618860363960266,,,
Qwen-base,grpo,240,12.915945053100586,13.051513671875,600.28125,0.06419193744659424,0.7783052921295166,,,
Qwen-base,grpo,241,7.867872714996338,7.912384033203125,608.15625,0.05823063105344772,0.573923647403717,,,
Qwen-base,grpo,242,7.158440113067627,7.382568359375,537.09375,0.06296823918819427,0.6981821656227112,,,
Qwen-base,grpo,243,14.357949256896973,14.36572265625,525.890625,0.06397885829210281,0.7946649789810181,,,
Qwen-base,grpo,244,12.909571647644043,12.938720703125,508.21875,0.06522180885076523,0.7897918224334717,,,
Qwen-base,grpo,245,15.185917854309082,15.2685546875,486.78125,0.058405015617609024,0.657817542552948,,,
Qwen-base,grpo,246,7.706857681274414,7.70880126953125,373.84375,0.07988835126161575,0.6806871891021729,,,
Qwen-base,grpo,247,16.56005859375,16.56005859375,590.578125,0.051867011934518814,0.7911983728408813,,,
Qwen-base,grpo,248,19.9437255859375,19.9437255859375,563.203125,0.06938784569501877,0.9193139672279358,,,
Qwen-base,grpo,249,8.875094413757324,8.947921752929688,604.453125,0.0442507341504097,0.6783725619316101,,,
Qwen-base,grpo,250,10.362545013427734,10.6666259765625,496.03125,0.060383040457963943,0.836028516292572,,,
Qwen-base,lam4,1,0.5138224363327026,0.519744873046875,327.640625,1.4608115877969702e-13,0.9736951589584351,0.9156233072280884,0.16941587626934052,4.0
Qwen-base,lam4,2,2.7558882236480713,2.8269577026367188,171.609375,0.0005960030248388648,0.8329685926437378,0.9306132793426514,0.21311011910438538,4.0
Qwen-base,lam4,3,4.304348945617676,4.313232421875,272.75,0.0012847970938310027,0.9078510999679565,0.928119421005249,0.20075632631778717,4.0
Qwen-base,lam4,4,5.358919143676758,5.44183349609375,239.53125,0.003021783195436001,0.9758431911468506,0.9308561086654663,0.19754062592983246,4.0
Qwen-base,lam4,5,3.7656750679016113,3.772430419921875,297.546875,0.003146248171105981,0.6602290868759155,0.9339998960494995,0.19078172743320465,4.0
Qwen-base,lam4,6,4.463092803955078,4.593479156494141,358.375,0.0048195980489254,0.6688326597213745,0.938327968120575,0.1675863265991211,4.0
Qwen-base,lam4,7,6.753242492675781,6.753242492675781,415.640625,0.005907269660383463,1.0142685174942017,0.9595372676849365,0.16832119226455688,4.0
Qwen-base,lam4,8,6.724960803985596,6.729217529296875,333.078125,0.011082319542765617,0.7384807467460632,0.9386423230171204,0.17947424948215485,4.0
Qwen-base,lam4,9,10.77734375,10.77734375,342.09375,0.011143961921334267,0.6867955923080444,0.9589023590087891,0.18571725487709045,4.0
Qwen-base,lam4,10,7.645853042602539,7.716922760009766,253.40625,0.0174582339823246,0.8681640028953552,0.9436123371124268,0.1938323974609375,4.0
Qwen-base,lam4,11,6.95430850982666,6.97503662109375,235.75,0.02132410928606987,0.776367723941803,0.925809383392334,0.22263392806053162,4.0
Qwen-base,lam4,12,5.672079563140869,5.686885833740234,162.8125,0.04586223140358925,0.7980445027351379,0.9371495246887207,0.22808128595352173,4.0
Qwen-base,lam4,13,10.440185546875,10.440185546875,276.203125,0.021586822345852852,0.9211339950561523,0.9327741861343384,0.2044428437948227,4.0
Qwen-base,lam4,14,6.544040679931641,6.544040679931641,356.828125,0.02223806641995907,0.7710157632827759,0.955024003982544,0.19169721007347107,4.0
Qwen-base,lam4,15,5.849327087402344,5.849327087402344,309.40625,0.03284892812371254,0.8722779154777527,0.9533922672271729,0.1782732754945755,4.0
Qwen-base,lam4,16,9.71453857421875,9.71453857421875,314.09375,0.030819270759820938,0.7234165668487549,0.9423131942749023,0.18106654286384583,4.0
Qwen-base,lam4,17,9.781038284301758,9.781038284301758,427.625,0.02832072786986828,0.8010768294334412,0.9577136039733887,0.17149704694747925,4.0
Qwen-base,lam4,18,8.780776977539062,8.780776977539062,393.34375,0.03519238531589508,0.8103366494178772,0.9419867396354675,0.1690114289522171,4.0
Qwen-base,lam4,19,12.083343505859375,12.083343505859375,399.03125,0.03322487697005272,0.7906846404075623,0.9603577852249146,0.16504722833633423,4.0
Qwen-base,lam4,20,8.320556640625,8.320556640625,321.671875,0.033889878541231155,0.7277629375457764,0.9398403167724609,0.1947914958000183,4.0
Qwen-base,lam4,21,13.166244506835938,13.26220703125,599.703125,0.028070250526070595,0.7092230916023254,0.9743355512619019,0.14617517590522766,4.0
Qwen-base,lam4,22,8.947417259216309,8.96185302734375,441.15625,0.03046630136668682,0.5649823546409607,0.9629978537559509,0.161817267537117,4.0
Qwen-base,lam4,23,6.447954177856445,6.447954177856445,263.078125,0.044153690338134766,0.5903111100196838,0.9506357908248901,0.20011064410209656,4.0
Qwen-base,lam4,24,15.1190185546875,15.1190185546875,383.078125,0.03422285616397858,0.6872454881668091,0.9665418267250061,0.15508227050304413,4.0
Qwen-base,lam4,25,5.051019668579102,5.051019668579102,286.359375,0.04062393680214882,0.550164520740509,0.9363389611244202,0.17941851913928986,4.0
Qwen-base,lam4,26,5.454378128051758,5.573474884033203,341.109375,0.04227178543806076,0.5762253403663635,0.9512304067611694,0.15431705117225647,4.0
Qwen-base,lam4,27,13.31689453125,13.31689453125,396.71875,0.04012323170900345,0.7255215644836426,0.9635931253433228,0.16648198664188385,4.0
Qwen-base,lam4,28,9.012029647827148,9.030166625976562,291.71875,0.040496576577425,0.605312168598175,0.9533873796463013,0.16057957708835602,4.0
Qwen-base,lam4,29,4.694380760192871,4.9580230712890625,378.59375,0.03204025700688362,0.5340352654457092,0.9407486915588379,0.15105925500392914,4.0
Qwen-base,lam4,30,10.145023345947266,10.245704650878906,409.125,0.04779284447431564,0.7622749209403992,0.9545215964317322,0.16743625700473785,4.0
Qwen-base,lam4,31,8.524551391601562,8.5574951171875,277.15625,0.05599045380949974,0.5732929706573486,0.9398006200790405,0.19303026795387268,4.0
Qwen-base,lam4,32,11.91650390625,11.91650390625,413.71875,0.048260971903800964,0.8823055028915405,0.9610803723335266,0.15924130380153656,4.0
Qwen-base,lam4,33,3.246065139770508,3.3289794921875,256.5625,0.07261031866073608,0.675247073173523,0.9513403177261353,0.18607333302497864,4.0
Qwen-base,lam4,34,10.644294738769531,10.644294738769531,227.359375,0.06153309345245361,0.5605247020721436,0.9411731362342834,0.19069889187812805,4.0
Qwen-base,lam4,35,7.538719177246094,7.538719177246094,185.625,0.06460363417863846,0.583807647228241,0.9192156791687012,0.2170799821615219,4.0
Qwen-base,lam4,36,11.459300994873047,11.466796875,464.375,0.03798394277691841,0.6108941435813904,0.9634658694267273,0.15445612370967865,4.0
Qwen-base,lam4,37,11.790536880493164,11.83837890625,559.953125,0.037265948951244354,0.6713119149208069,0.9666533470153809,0.14228323101997375,4.0
Qwen-base,lam4,38,6.7826995849609375,6.7826995849609375,234.796875,0.07161982357501984,0.5618495941162109,0.9393787384033203,0.20046715438365936,4.0
Qwen-base,lam4,39,10.786125183105469,10.793991088867188,512.765625,0.04693093150854111,0.6000906825065613,0.9473737478256226,0.15549197793006897,4.0
Qwen-base,lam4,40,9.058649063110352,9.603515625,508.75,0.05145848169922829,0.7127111554145813,0.9678831100463867,0.13841105997562408,4.0
Qwen-base,lam4,41,13.734258651733398,13.77099609375,555.9375,0.04826789349317551,0.650497555732727,0.9628241062164307,0.14074309170246124,4.0
Qwen-base,lam4,42,9.05040168762207,9.090377807617188,369.90625,0.05843328684568405,0.5539619326591492,0.9625530242919922,0.15921567380428314,4.0
Qwen-base,lam4,43,9.572154998779297,9.98117446899414,466.78125,0.051186058670282364,0.44133514165878296,0.9548189043998718,0.1552344411611557,4.0
Qwen-base,lam4,44,13.797006607055664,13.93072509765625,538.234375,0.06447770446538925,0.5982782244682312,0.9721258282661438,0.13984417915344238,4.0
Qwen-base,lam4,45,13.228118896484375,13.262451171875,429.140625,0.0611916147172451,0.7250139117240906,0.971032977104187,0.1441817730665207,4.0
Qwen-base,lam4,46,10.201301574707031,10.5042724609375,598.640625,0.04743162915110588,0.5393782258033752,0.9655041694641113,0.1379881650209427,4.0
Qwen-base,lam4,47,8.610458374023438,8.93267822265625,463.46875,0.06474046409130096,0.4958917200565338,0.9580014944076538,0.14474473893642426,4.0
Qwen-base,lam4,48,11.409034729003906,11.522857666015625,672.84375,0.06778531521558762,0.7509755492210388,0.9738023281097412,0.13418056070804596,4.0
Qwen-base,lam4,49,17.276968002319336,17.353683471679688,688.875,0.060132209211587906,0.6145745515823364,0.9794657826423645,0.14080075919628143,4.0
Qwen-base,lam4,50,19.422229766845703,19.5950927734375,753.625,0.05443764850497246,0.6208145618438721,0.9783347845077515,0.13275641202926636,4.0
Qwen-base,lam4,51,9.878279685974121,9.9027099609375,446.90625,0.06699308007955551,0.5333133935928345,0.9700330495834351,0.15639907121658325,4.0
Qwen-base,lam4,52,10.848048210144043,10.99462890625,626.234375,0.05546541139483452,0.7382692694664001,0.9748225808143616,0.13879773020744324,4.0
Qwen-base,lam4,53,10.149709701538086,10.202178955078125,518.65625,0.056823428720235825,0.5889272689819336,0.9664541482925415,0.14549264311790466,4.0
Qwen-base,lam4,54,18.260353088378906,18.27099609375,585.671875,0.0542607456445694,0.692065417766571,0.9711025357246399,0.14070247113704681,4.0
Qwen-base,lam4,55,11.598012924194336,11.653350830078125,511.65625,0.06119231507182121,0.8297160863876343,0.9699050188064575,0.14433002471923828,4.0
Qwen-base,lam4,56,10.825172424316406,10.825172424316406,380.40625,0.08706352114677429,0.63629549741745,0.9687926173210144,0.15319770574569702,4.0
Qwen-base,lam4,57,10.984403610229492,11.1248779296875,446.625,0.06317920982837677,0.714131236076355,0.9702887535095215,0.14631861448287964,4.0
Qwen-base,lam4,58,13.547821044921875,13.547821044921875,454.28125,0.07172723114490509,0.7624462842941284,0.9680731892585754,0.1660224199295044,4.0
Qwen-base,lam4,59,13.289313316345215,13.33447265625,644.140625,0.061074480414390564,0.8849661946296692,0.9739720225334167,0.14209580421447754,4.0
Qwen-base,lam4,60,9.282196998596191,9.2935791015625,460.4375,0.0695875808596611,0.8883933424949646,0.9639089107513428,0.16583475470542908,4.0
Qwen-base,lam4,61,10.098377227783203,10.340087890625,458.515625,0.053846415132284164,0.6574336290359497,0.9519785642623901,0.148870050907135,4.0
Qwen-base,lam4,62,8.10668659210205,8.1728515625,480.640625,0.04833437502384186,0.7171685099601746,0.9589453339576721,0.1403331607580185,4.0
Qwen-base,lam4,63,10.011276245117188,10.011276245117188,387.75,0.06799308210611343,0.7353071570396423,0.9719986319541931,0.15303142368793488,4.0
Qwen-base,lam4,64,10.18618106842041,10.562812805175781,586.140625,0.050106246024370193,0.930199921131134,0.9669578075408936,0.14594435691833496,4.0
Qwen-base,lam4,65,10.23876953125,10.23876953125,303.546875,0.10012942552566528,0.7222667932510376,0.9483769536018372,0.19860121607780457,4.0
Qwen-base,lam4,66,7.332275390625,7.332275390625,483.296875,0.0696483701467514,0.9317644238471985,0.9725675582885742,0.15166160464286804,4.0
Qwen-base,lam4,67,11.453269958496094,11.826385498046875,699.3125,0.034334197640419006,0.6806198954582214,0.9765896201133728,0.1146312728524208,4.0
Qwen-base,lam4,68,9.994152069091797,10.01025390625,436.5625,0.07678262889385223,0.8874433636665344,0.9603912830352783,0.1595272570848465,4.0
Qwen-base,lam4,69,11.738391876220703,11.793914794921875,541.3125,0.06325686722993851,1.022191047668457,0.9680300354957581,0.14601482450962067,4.0
Qwen-base,lam4,70,10.342042922973633,10.3734130859375,364.203125,0.07544956356287003,0.7705848813056946,0.9309661984443665,0.18263442814350128,4.0
Qwen-base,lam4,71,8.411239624023438,8.411239624023438,445.234375,0.049071576446294785,0.6239607334136963,0.9624146223068237,0.15897439420223236,4.0
Qwen-base,lam4,72,11.101924896240234,11.144493103027344,500.390625,0.04552016407251358,0.6777008771896362,0.9632048606872559,0.1516241580247879,4.0
Qwen-base,lam4,73,7.065155029296875,7.065155029296875,310.5,0.0847461074590683,0.6890968680381775,0.9512776136398315,0.18787215650081635,4.0
Qwen-base,lam4,74,13.034517288208008,13.12890625,676.765625,0.03885095193982124,0.64446622133255,0.9796480536460876,0.1359751671552658,4.0
Qwen-base,lam4,75,11.95749282836914,12.0545654296875,477.71875,0.04799375683069229,0.7083649635314941,0.9709315299987793,0.14057116210460663,4.0
Qwen-base,lam4,76,11.204938888549805,11.246673583984375,493.6875,0.058955997228622437,0.7559983730316162,0.9714730978012085,0.14698603749275208,4.0
Qwen-base,lam4,77,9.239810943603516,9.26239013671875,379.734375,0.07218516618013382,0.7100789546966553,0.969995379447937,0.14035050570964813,4.0
Qwen-base,lam4,78,13.990028381347656,14.218505859375,661.109375,0.04026675969362259,0.6883580684661865,0.9779340028762817,0.12720590829849243,4.0
Qwen-base,lam4,79,14.675739288330078,14.676849365234375,407.46875,0.04665590077638626,0.5601149201393127,0.9612603783607483,0.16074125468730927,4.0
Qwen-base,lam4,80,8.146286010742188,8.146286010742188,274.25,0.067512646317482,0.653492271900177,0.9540950059890747,0.1909671276807785,4.0
Qwen-base,lam4,81,8.056497573852539,8.151535034179688,390.8125,0.053704310208559036,0.5772128701210022,0.9585438966751099,0.15461213886737823,4.0
Qwen-base,lam4,82,16.816761016845703,16.81787109375,520.390625,0.04924089089035988,0.8310574293136597,0.9703395366668701,0.15723255276679993,4.0
Qwen-base,lam4,83,7.511688232421875,7.511688232421875,319.84375,0.07821822911500931,0.9535987377166748,0.9475967884063721,0.20044994354248047,4.0
Qwen-base,lam4,84,11.489484786987305,11.757568359375,641.28125,0.04625442996621132,0.6245542168617249,0.9705477952957153,0.13972419500350952,4.0
Qwen-base,lam4,85,13.569372177124023,14.030029296875,658.1875,0.04460389167070389,0.7568296790122986,0.9744067788124084,0.13352549076080322,4.0
Qwen-base,lam4,86,12.066242218017578,12.08447265625,658.5,0.039400335401296616,0.7143381834030151,0.9812950491905212,0.13432125747203827,4.0
Qwen-base,lam4,87,11.853797912597656,11.854537963867188,543.515625,0.051793284714221954,0.75482177734375,0.9716160893440247,0.14535339176654816,4.0
Qwen-base,lam4,88,11.313944816589355,11.3502197265625,493.390625,0.04883451759815216,0.4945388734340668,0.9640382528305054,0.15950240194797516,4.0
Qwen-base,lam4,89,13.750011444091797,13.832000732421875,458.109375,0.05361416935920715,0.6969268321990967,0.9585637450218201,0.1703534871339798,4.0
Qwen-base,lam4,90,12.557628631591797,12.560867309570312,411.28125,0.0708933174610138,0.7971643805503845,0.9556626081466675,0.16701608896255493,4.0
Qwen-base,lam4,91,16.825023651123047,16.843994140625,493.828125,0.05337339639663696,0.7104023098945618,0.9745365381240845,0.14670999348163605,4.0
Qwen-base,lam4,92,13.086719512939453,13.4716796875,673.453125,0.047837819904088974,0.6537808775901794,0.9703072309494019,0.1319725513458252,4.0
Qwen-base,lam4,93,12.535831451416016,12.604217529296875,460.109375,0.06485428661108017,0.6145058870315552,0.9657031297683716,0.15407949686050415,4.0
Qwen-base,lam4,94,9.873359680175781,9.8927001953125,349.921875,0.12297926098108292,0.5536612868309021,0.9595012664794922,0.16896440088748932,4.0
Qwen-base,lam4,95,10.672822952270508,10.811630249023438,576.484375,0.06959051638841629,0.5682985186576843,0.9663791656494141,0.1402798295021057,4.0
Qwen-base,lam4,96,12.411858558654785,12.687345504760742,651.15625,0.05541863292455673,0.5931010842323303,0.9690747261047363,0.1466314196586609,4.0
Qwen-base,lam4,97,9.733503341674805,9.933849334716797,581.71875,0.053263723850250244,0.45973819494247437,0.9712526798248291,0.1350345015525818,4.0
Qwen-base,lam4,98,14.893798828125,14.893798828125,484.296875,0.07876911014318466,0.6468873023986816,0.9693264961242676,0.1626100093126297,4.0
Qwen-base,lam4,99,9.55291748046875,9.55291748046875,280.421875,0.11636665463447571,0.5489964485168457,0.9584621787071228,0.1832113265991211,4.0
Qwen-base,lam4,100,14.671867370605469,14.76708984375,482.5,0.07394757121801376,0.6799026727676392,0.9697849750518799,0.149177685379982,4.0
Qwen-base,lam4,101,2.556846857070923,2.5589752197265625,299.515625,0.12075704336166382,0.560543417930603,0.9537758231163025,0.20318607985973358,4.0
Qwen-base,lam4,102,5.567157745361328,5.567157745361328,321.9375,0.10440786927938461,0.9740335941314697,0.9482443332672119,0.18373942375183105,4.0
Qwen-base,lam4,103,12.028519630432129,12.031295776367188,420.421875,0.07437630742788315,0.7603411078453064,0.9683640003204346,0.15479640662670135,4.0
Qwen-base,lam4,104,14.428140640258789,14.55908203125,566.3125,0.05528537184000015,0.614167332649231,0.9712146520614624,0.1433311253786087,4.0
Qwen-base,lam4,105,12.505035400390625,12.505035400390625,401.59375,0.07381098717451096,0.6016231179237366,0.9613862037658691,0.16128213703632355,4.0
Qwen-base,lam4,106,5.926241874694824,5.988983154296875,473.3125,0.07766564935445786,0.8096370100975037,0.964107871055603,0.15414604544639587,4.0
Qwen-base,lam4,107,13.753475189208984,13.762451171875,470.40625,0.06777327507734299,0.854598343372345,0.965510904788971,0.15202152729034424,4.0
Qwen-base,lam4,108,16.838577270507812,17.1494140625,708.171875,0.05648529529571533,0.8987855315208435,0.973374605178833,0.1332606077194214,4.0
Qwen-base,lam4,109,9.977054595947266,10.088470458984375,484.03125,0.05306873098015785,0.5984723567962646,0.9730129241943359,0.1316695511341095,4.0
Qwen-base,lam4,110,10.338983535766602,10.7291259765625,406.65625,0.09200838208198547,0.6227103471755981,0.9581582546234131,0.15809528529644012,4.0
Qwen-base,lam4,111,14.751953125,14.751953125,384.453125,0.08274988830089569,0.6672143340110779,0.9639043807983398,0.17577201128005981,4.0
Qwen-base,lam4,112,13.020859718322754,13.0709228515625,654.734375,0.05269918218255043,0.6237832903862,0.9759386777877808,0.12984363734722137,4.0
Qwen-base,lam4,113,7.630293846130371,7.67767333984375,469.8125,0.05338675528764725,0.4616299271583557,0.9720650911331177,0.13233862817287445,4.0
Qwen-base,lam4,114,16.632177352905273,16.829376220703125,607.921875,0.06311344355344772,0.5376821160316467,0.974217414855957,0.12809450924396515,4.0
Qwen-base,lam4,115,9.4674072265625,9.4674072265625,397.671875,0.07403171807527542,0.6369993090629578,0.9666714668273926,0.1594657450914383,4.0
Qwen-base,lam4,116,12.932561874389648,13.26727294921875,661.828125,0.06858211755752563,0.7599276900291443,0.975549042224884,0.12298403680324554,4.0
Qwen-base,lam4,117,18.54515838623047,18.56884765625,663.890625,0.0710914209485054,0.7835531830787659,0.977283239364624,0.14041748642921448,4.0
Qwen-base,lam4,118,11.639535903930664,11.660820007324219,482.78125,0.09377516061067581,0.7191802859306335,0.9702028632164001,0.14717039465904236,4.0
Qwen-base,lam4,119,7.438518047332764,7.56640625,384.625,0.0930040180683136,0.7137141227722168,0.9539123773574829,0.17062750458717346,4.0
Qwen-base,lam4,120,9.270505905151367,9.2965087890625,466.5625,0.07035428285598755,0.7111998200416565,0.9606648683547974,0.15261109173297882,4.0
Qwen-base,lam4,121,13.908733367919922,13.920578002929688,535.96875,0.06653816252946854,0.6744367480278015,0.9713888168334961,0.14559416472911835,4.0
Qwen-base,lam4,122,8.606146812438965,8.699333190917969,455.96875,0.0805126428604126,0.6771275401115417,0.9622654318809509,0.1425108015537262,4.0
Qwen-base,lam4,123,7.0844268798828125,7.0844268798828125,301.875,0.08313751220703125,0.5235170722007751,0.9584206342697144,0.1746300309896469,4.0
Qwen-base,lam4,124,10.961858749389648,10.972038269042969,492.484375,0.051899973303079605,0.5111022591590881,0.9709805250167847,0.147434264421463,4.0
Qwen-base,lam4,125,15.974973678588867,15.9837646484375,531.453125,0.07605303078889847,0.7778883576393127,0.9744743704795837,0.14492520689964294,4.0
Qwen-base,lam4,126,11.119125366210938,11.2437744140625,627.5,0.06771321594715118,0.7205045223236084,0.9840561151504517,0.1196633130311966,4.0
Qwen-base,lam4,127,15.387137413024902,15.72314453125,536.859375,0.07078666985034943,0.5398733615875244,0.9601820707321167,0.14047229290008545,4.0
Qwen-base,lam4,128,10.775897979736328,10.7969970703125,518.46875,0.06993550062179565,0.724143385887146,0.9741621017456055,0.145160511136055,4.0
Qwen-base,lam4,129,13.794540405273438,14.025146484375,599.15625,0.06635463237762451,0.5775375366210938,0.9751114249229431,0.13608255982398987,4.0
Qwen-base,lam4,130,10.119308471679688,10.292633056640625,642.046875,0.07494956254959106,0.8735508322715759,0.9726788401603699,0.13291604816913605,4.0
Qwen-base,lam4,131,11.525634765625,11.525634765625,423.28125,0.08748839795589447,0.6435753703117371,0.966930627822876,0.16505593061447144,4.0
Qwen-base,lam4,132,12.346932411193848,13.002197265625,883.328125,0.04817652329802513,0.6504232287406921,0.9851033687591553,0.11594242602586746,4.0
Qwen-base,lam4,133,11.584627151489258,11.624603271484375,506.421875,0.07502881437540054,0.6525000929832458,0.9721648693084717,0.15122926235198975,4.0
Qwen-base,lam4,134,14.616166114807129,14.881103515625,669.421875,0.07300213724374771,0.7947061061859131,0.9747459888458252,0.13827241957187653,4.0
Qwen-base,lam4,135,10.786308288574219,10.80167007446289,654.53125,0.0794546902179718,0.8516098856925964,0.9783602356910706,0.1431940644979477,4.0
Qwen-base,lam4,136,12.34969711303711,12.43603515625,504.96875,0.10792198777198792,0.6966054439544678,0.9684948921203613,0.16454486548900604,4.0
Qwen-base,lam4,137,6.757866859436035,6.82440185546875,503.90625,0.08064421266317368,0.5897909998893738,0.967610239982605,0.16165459156036377,4.0
Qwen-base,lam4,138,13.597221374511719,13.72686767578125,597.21875,0.06497786939144135,0.7327033281326294,0.977143406867981,0.1389804184436798,4.0
Qwen-base,lam4,139,12.304731369018555,12.316390991210938,564.703125,0.07905757427215576,0.745069682598114,0.9783730506896973,0.1313818097114563,4.0
Qwen-base,lam4,140,13.325704574584961,13.567230224609375,539.390625,0.09185051918029785,0.6502566933631897,0.9703961610794067,0.14906930923461914,4.0
Qwen-base,lam4,141,11.139204025268555,11.421630859375,689.75,0.06109027937054634,0.7129513621330261,0.9742711782455444,0.13364793360233307,4.0
Qwen-base,lam4,142,12.598357200622559,12.670074462890625,466.21875,0.08611747622489929,0.6243848204612732,0.9699826240539551,0.1506657600402832,4.0
Qwen-base,lam4,143,14.958983421325684,15.168212890625,651.953125,0.06684017181396484,0.6207308769226074,0.9799143075942993,0.13082632422447205,4.0
Qwen-base,lam4,144,12.839401245117188,12.94683837890625,602.640625,0.07810664176940918,0.7266033887863159,0.9798943996429443,0.1287233531475067,4.0
Qwen-base,lam4,145,8.45091438293457,8.73583984375,383.5,0.12289509922266006,0.5464891791343689,0.9609781503677368,0.16311527788639069,4.0
Qwen-base,lam4,146,14.6444091796875,14.6444091796875,427.65625,0.1042347401380539,0.6111943125724792,0.9696188569068909,0.16234131157398224,4.0
Qwen-base,lam4,147,12.8306884765625,12.8306884765625,385.421875,0.12077754735946655,0.7838236689567566,0.9652313590049744,0.17613515257835388,4.0
Qwen-base,lam4,148,10.88709831237793,10.9173583984375,529.6875,0.08619895577430725,0.722697377204895,0.9737541675567627,0.1494222730398178,4.0
Qwen-base,lam4,149,13.745402336120605,13.858299255371094,525.0,0.07562628388404846,0.6320486664772034,0.9700167179107666,0.15959784388542175,4.0
Qwen-base,lam4,150,7.997152328491211,8.199256896972656,498.9375,0.07562538236379623,0.7178511619567871,0.9674055576324463,0.155273899435997,4.0
Qwen-base,lam4,151,10.19640827178955,10.196685791015625,363.015625,0.10314016044139862,0.7816115617752075,0.9521946907043457,0.18392255902290344,4.0
Qwen-base,lam4,152,15.684928894042969,15.8203125,670.109375,0.050812844187021255,0.5942087173461914,0.9781414270401001,0.12564623355865479,4.0
Qwen-base,lam4,153,14.639183044433594,14.6656494140625,505.859375,0.07700873166322708,0.6665535569190979,0.971599280834198,0.15136867761611938,4.0
Qwen-base,lam4,154,13.3743896484375,13.3743896484375,483.4375,0.07358086109161377,0.8104695081710815,0.9711079597473145,0.15610156953334808,4.0
Qwen-base,lam4,155,13.001983642578125,13.001983642578125,402.9375,0.08164134621620178,0.7278550267219543,0.9683929681777954,0.17475692927837372,4.0
Qwen-base,lam4,156,13.15434455871582,13.23559284210205,587.734375,0.07178588211536407,0.6304861307144165,0.9716874361038208,0.14655785262584686,4.0
Qwen-base,lam4,157,13.450183868408203,13.619251251220703,627.34375,0.061334241181612015,0.6607391238212585,0.9800860285758972,0.13037848472595215,4.0
Qwen-base,lam4,158,10.9625244140625,10.9625244140625,355.234375,0.08684393763542175,0.6172424554824829,0.9626977443695068,0.1716122031211853,4.0
Qwen-base,lam4,159,13.951102256774902,14.13525390625,700.8125,0.06531676650047302,0.8456417918205261,0.9802975058555603,0.12866568565368652,4.0
Qwen-base,lam4,160,12.698524475097656,12.698524475097656,482.8125,0.08748044818639755,0.7580609321594238,0.9777158498764038,0.14326399564743042,4.0
Qwen-base,lam4,161,11.934995651245117,12.0640869140625,461.8125,0.09321040660142899,0.8055780529975891,0.9621725082397461,0.15572036802768707,4.0
Qwen-base,lam4,162,10.983772277832031,10.983772277832031,432.5,0.09506673365831375,0.6656003594398499,0.9658788442611694,0.1622411161661148,4.0
Qwen-base,lam4,163,8.069002151489258,8.080291748046875,471.203125,0.0819849893450737,0.643380343914032,0.9713702201843262,0.14904001355171204,4.0
Qwen-base,lam4,164,14.324285507202148,14.3294677734375,461.84375,0.09347252547740936,0.6386809349060059,0.9673053026199341,0.1449938416481018,4.0
Qwen-base,lam4,165,11.637481689453125,11.637481689453125,374.671875,0.1119670495390892,0.7361035346984863,0.9588325023651123,0.15843866765499115,4.0
Qwen-base,lam4,166,10.498006820678711,11.003543853759766,486.328125,0.08192888647317886,0.7876436114311218,0.9613243341445923,0.1473674476146698,4.0
Qwen-base,lam4,167,15.246810913085938,15.4716796875,508.5625,0.07666938006877899,0.6151610612869263,0.9662476778030396,0.15047955513000488,4.0
Qwen-base,lam4,168,12.683198928833008,12.7431640625,706.125,0.06345698237419128,0.6162696480751038,0.9795995950698853,0.14090032875537872,4.0
Qwen-base,lam4,169,9.902937889099121,9.93597412109375,399.765625,0.08498857915401459,0.47767066955566406,0.9557930827140808,0.1737685203552246,4.0
Qwen-base,lam4,170,9.53151798248291,9.960433959960938,555.53125,0.07216338068246841,0.5536322593688965,0.956702709197998,0.1310342401266098,4.0
Qwen-base,lam4,171,12.432411193847656,12.547714233398438,570.8125,0.06672416627407074,0.4621526598930359,0.9704397916793823,0.14226505160331726,4.0
Qwen-base,lam4,172,19.96813201904297,20.0205078125,664.328125,0.07811524718999863,0.71014404296875,0.9785314798355103,0.14421911537647247,4.0
Qwen-base,lam4,173,8.306396484375,8.306396484375,329.9375,0.13693401217460632,0.7551957964897156,0.9637937545776367,0.18163034319877625,4.0
Qwen-base,lam4,174,19.429443359375,19.429443359375,590.65625,0.07094361633062363,0.6354953050613403,0.9728847742080688,0.1566818803548813,4.0
Qwen-base,lam4,175,14.944055557250977,14.964599609375,556.265625,0.06924799084663391,0.6017833948135376,0.9755921363830566,0.1287882775068283,4.0
Qwen-base,lam4,176,19.172775268554688,19.172775268554688,467.65625,0.09558167308568954,0.6582985520362854,0.9678966999053955,0.15985605120658875,4.0
Qwen-base,lam4,177,16.777957916259766,16.85791015625,564.0625,0.06815445423126221,0.6321011185646057,0.9720683693885803,0.15731601417064667,4.0
Qwen-base,lam4,178,10.941471099853516,10.9439697265625,584.84375,0.059340089559555054,0.6163734793663025,0.9795886874198914,0.13824012875556946,4.0
Qwen-base,lam4,179,14.40234375,14.40234375,527.25,0.0670008435845375,0.6313990354537964,0.9679754972457886,0.16680780053138733,4.0
Qwen-base,lam4,180,13.265669822692871,13.304443359375,507.359375,0.07154065370559692,0.6669647097587585,0.9649505615234375,0.14891521632671356,4.0
Qwen-base,lam4,181,10.731298446655273,10.80810546875,499.875,0.06947333365678787,0.5079289078712463,0.9655364751815796,0.14009606838226318,4.0
Qwen-base,lam4,182,13.263959884643555,13.6810302734375,572.859375,0.08543401211500168,0.6384902596473694,0.966711163520813,0.14219564199447632,4.0
Qwen-base,lam4,183,10.433645248413086,10.589202880859375,407.78125,0.09986446052789688,0.681429386138916,0.9601776003837585,0.17333455383777618,4.0
Qwen-base,lam4,184,9.065195083618164,9.17596435546875,470.9375,0.08821073174476624,0.6328867673873901,0.9621644020080566,0.1521369367837906,4.0
Qwen-base,lam4,185,13.644577026367188,13.80078125,691.6875,0.06282181292772293,0.7183383703231812,0.9692490100860596,0.1400030255317688,4.0
Qwen-base,lam4,186,11.281005859375,11.281005859375,327.5625,0.11483854800462723,0.6556899547576904,0.9544370174407959,0.18557262420654297,4.0
Qwen-base,lam4,187,10.961151123046875,10.961151123046875,536.796875,0.06466872245073318,0.5337594151496887,0.9765074253082275,0.14226248860359192,4.0
Qwen-base,lam4,188,13.9613037109375,13.9613037109375,507.46875,0.08770553022623062,0.6161172986030579,0.9717051386833191,0.15990790724754333,4.0
Qwen-base,lam4,189,14.501575469970703,14.7318115234375,602.1875,0.08255123347043991,0.6231766939163208,0.9752267599105835,0.1435621976852417,4.0
Qwen-base,lam4,190,14.368332862854004,14.392578125,577.46875,0.08504131436347961,0.816563069820404,0.969791054725647,0.15078258514404297,4.0
Qwen-base,lam4,191,12.248737335205078,12.424560546875,566.65625,0.06969679892063141,0.6298986077308655,0.9592952728271484,0.14822569489479065,4.0
Qwen-base,lam4,192,13.762451171875,13.762451171875,458.9375,0.09544505178928375,0.6169984936714172,0.9751725196838379,0.15091527998447418,4.0
Qwen-base,lam4,193,10.375805854797363,10.77001953125,568.125,0.07680848240852356,0.5331435799598694,0.972271203994751,0.1374199539422989,4.0
Qwen-base,lam4,194,10.99639892578125,10.99639892578125,408.5,0.12143395096063614,0.6980180740356445,0.9568861722946167,0.1842445582151413,4.0
Qwen-base,lam4,195,14.28036880493164,14.33154296875,501.859375,0.09977392107248306,0.7496656775474548,0.9665380716323853,0.15390567481517792,4.0
Qwen-base,lam4,196,10.169393539428711,10.198450088500977,507.84375,0.0856776162981987,0.49229463934898376,0.969218373298645,0.1494998186826706,4.0
Qwen-base,lam4,197,10.656291961669922,10.656291961669922,428.5625,0.10232703387737274,0.5899172425270081,0.9687991142272949,0.1651090532541275,4.0
Qwen-base,lam4,198,15.248310089111328,15.329559326171875,516.21875,0.09619356691837311,0.6643007397651672,0.9573396444320679,0.14970006048679352,4.0
Qwen-base,lam4,199,11.561521530151367,11.644805908203125,622.078125,0.08044390380382538,0.5801284313201904,0.9752465486526489,0.14963601529598236,4.0
Qwen-base,lam4,200,17.3056640625,17.3056640625,462.953125,0.08967352658510208,0.6332976818084717,0.9695308804512024,0.16142670810222626,4.0
Qwen-base,lam4,201,14.11296272277832,14.17431640625,580.828125,0.0873708575963974,0.672814667224884,0.9753440618515015,0.1467590481042862,4.0
Qwen-base,lam4,202,11.252979278564453,11.3858642578125,668.9375,0.07669845223426819,0.5130471587181091,0.9824308753013611,0.12991014122962952,4.0
Qwen-base,lam4,203,12.266525268554688,12.266525268554688,458.1875,0.10851775854825974,0.6827907562255859,0.9536532163619995,0.17330417037010193,4.0
Qwen-base,lam4,204,15.01123046875,15.01123046875,424.140625,0.11482923477888107,0.6910147666931152,0.9659171104431152,0.1707698404788971,4.0
Qwen-base,lam4,205,9.858510971069336,9.8623046875,394.90625,0.13337813317775726,0.6806141138076782,0.956486165523529,0.18900816142559052,4.0
Qwen-base,lam4,206,11.295374870300293,11.343124389648438,541.015625,0.0854833722114563,0.5978752374649048,0.9739448428153992,0.13672253489494324,4.0
Qwen-base,lam4,207,17.01318359375,17.01318359375,481.375,0.0932713970541954,0.7035733461380005,0.9707444906234741,0.1561274528503418,4.0
Qwen-base,lam4,208,19.424636840820312,19.4375,521.328125,0.08235135674476624,0.6220795512199402,0.970394492149353,0.15356403589248657,4.0
Qwen-base,lam4,209,10.645263671875,10.645263671875,438.703125,0.12891606986522675,0.7250110507011414,0.9727256298065186,0.15627023577690125,4.0
Qwen-base,lam4,210,13.831781387329102,13.91534423828125,609.5,0.09368031471967697,0.6366597414016724,0.9789981245994568,0.13253960013389587,4.0
Qwen-base,lam4,211,10.251524925231934,10.3060302734375,501.859375,0.10984938591718674,0.8092164397239685,0.9658946394920349,0.1642681360244751,4.0
Qwen-base,lam4,212,12.834417343139648,13.3609619140625,744.5,0.08095754683017731,0.5472882390022278,0.9815706610679626,0.11777652055025101,4.0
Qwen-base,lam4,213,11.58001708984375,11.58001708984375,392.796875,0.1714978814125061,0.7796473503112793,0.968188464641571,0.174327090382576,4.0
Qwen-base,lam4,214,9.413818359375,9.413818359375,373.859375,0.13935525715351105,0.6712469458580017,0.9671262502670288,0.16290299594402313,4.0
Qwen-base,lam4,215,13.615622520446777,14.29541015625,694.734375,0.08392695337533951,0.6468977928161621,0.974952757358551,0.1283695101737976,4.0
Qwen-base,lam4,216,13.620936393737793,13.62139892578125,525.84375,0.09835522621870041,0.6761161684989929,0.9727959632873535,0.15204927325248718,4.0
Qwen-base,lam4,217,12.70048713684082,12.7132568359375,547.203125,0.09372267127037048,0.6030765175819397,0.9705638885498047,0.15481902658939362,4.0
Qwen-base,lam4,218,17.668010711669922,17.72705078125,654.03125,0.08975159376859665,0.6850476264953613,0.9729491472244263,0.14694653451442719,4.0
Qwen-base,lam4,219,11.358642578125,11.358642578125,411.25,0.1313452571630478,0.90566486120224,0.9675246477127075,0.15973933041095734,4.0
Qwen-base,lam4,220,13.6680908203125,13.6680908203125,408.5625,0.11549855023622513,0.7042694091796875,0.9633874893188477,0.16576290130615234,4.0
Qwen-base,lam4,221,12.4859619140625,12.4859619140625,437.609375,0.13652469217777252,0.7378491759300232,0.9625939726829529,0.17191947996616364,4.0
Qwen-base,lam4,222,17.380613327026367,17.389404296875,560.171875,0.11152653396129608,0.7480129599571228,0.9746280312538147,0.1477959305047989,4.0
Qwen-base,lam4,223,11.781476020812988,11.814697265625,499.34375,0.10287278145551682,0.7119277119636536,0.9682163000106812,0.15714110434055328,4.0
Qwen-base,lam4,224,10.4816255569458,10.848541259765625,550.375,0.09784398227930069,0.628762423992157,0.9711251258850098,0.1468113362789154,4.0
Qwen-base,lam4,225,12.276241302490234,12.359619140625,543.46875,0.3121175169944763,0.9536036252975464,0.9675535559654236,0.14788414537906647,4.0
Qwen-base,lam4,226,9.759608268737793,10.135406494140625,560.609375,0.08184197545051575,0.7322927117347717,0.9670656323432922,0.13950835168361664,4.0
Qwen-base,lam4,227,9.379307746887207,9.407995223999023,484.703125,0.07420563697814941,0.5467097759246826,0.9671216607093811,0.1553526371717453,4.0
Qwen-base,lam4,228,14.096292495727539,14.178466796875,563.078125,0.06882094591856003,0.7380437254905701,0.9669121503829956,0.14762111008167267,4.0
Qwen-base,lam4,229,13.847993850708008,13.87353515625,545.609375,0.09314931929111481,1.0270417928695679,0.9723823070526123,0.1399662047624588,4.0
Qwen-base,lam4,230,17.175067901611328,17.175067901611328,527.3125,0.08861018717288971,0.8484399914741516,0.9711392521858215,0.15544278919696808,4.0
Qwen-base,lam4,231,13.211542129516602,13.36395263671875,504.9375,0.09336884319782257,0.8236645460128784,0.9748196601867676,0.13909359276294708,4.0
Qwen-base,lam4,232,8.5484619140625,8.5484619140625,491.484375,0.09991110116243362,0.8381246328353882,0.9715299606323242,0.14365217089653015,4.0
Qwen-base,lam4,233,11.553121566772461,11.5596923828125,390.84375,0.11400347203016281,1.021492838859558,0.9586827754974365,0.17363794147968292,4.0
Qwen-base,lam4,234,15.973631858825684,16.053955078125,679.671875,0.08789997547864914,1.0862022638320923,0.9788306355476379,0.14068596065044403,4.0
Qwen-base,lam4,235,15.12548828125,15.12548828125,587.125,0.09135670959949493,1.0007929801940918,0.9735543131828308,0.14866028726100922,4.0
Qwen-base,lam4,236,10.369354248046875,10.369354248046875,475.390625,0.1077800840139389,0.9653036594390869,0.966776967048645,0.15709462761878967,4.0
Qwen-base,lam4,237,11.859246253967285,11.859246253967285,469.59375,0.1001436859369278,0.9326080083847046,0.9498316049575806,0.16616740822792053,4.0
Qwen-base,lam4,238,10.2177734375,10.2177734375,472.65625,0.11105837672948837,0.7202074527740479,0.964265763759613,0.16169628500938416,4.0
Qwen-base,lam4,239,11.54771614074707,11.76953125,661.796875,0.07743450999259949,0.7022813558578491,0.9739383459091187,0.1414823681116104,4.0
Qwen-base,lam4,240,14.6387939453125,14.6387939453125,504.640625,0.09676843881607056,0.8060287237167358,0.9725858569145203,0.15341641008853912,4.0
Qwen-base,lam4,241,8.489250183105469,8.4901762008667,528.828125,0.0914243683218956,0.5471129417419434,0.9804329872131348,0.12785199284553528,4.0
Qwen-base,lam4,242,8.365226745605469,8.388916015625,479.8125,0.1067582368850708,0.7023965120315552,0.9704523086547852,0.15657705068588257,4.0
Qwen-base,lam4,243,14.0804443359375,14.0804443359375,471.21875,0.10708495229482651,0.8234691023826599,0.9724539518356323,0.15069149434566498,4.0
Qwen-base,lam4,244,14.8250732421875,14.8250732421875,450.734375,0.12653355300426483,0.7612541317939758,0.9644231200218201,0.17086991667747498,4.0
Qwen-base,lam4,245,16.398681640625,16.398681640625,453.890625,0.1050843670964241,0.6079652309417725,0.9565155506134033,0.16147930920124054,4.0
Qwen-base,lam4,246,8.732151985168457,8.7431640625,378.546875,0.14336450397968292,0.7117754220962524,0.9633705615997314,0.1752631664276123,4.0
Qwen-base,lam4,247,19.95068359375,19.95068359375,540.0,0.11606326699256897,0.6715474128723145,0.9787163734436035,0.13076727092266083,4.0
Qwen-base,lam4,248,23.2698974609375,23.2698974609375,539.90625,0.12101403623819351,0.7058622241020203,0.9684392213821411,0.16065798699855804,4.0
Qwen-base,lam4,249,10.24815845489502,10.251953125,546.609375,0.09831102937459946,0.501632571220398,0.9727318286895752,0.14535917341709137,4.0
Qwen-base,lam4,250,13.222579956054688,13.244140625,462.46875,0.12443645298480988,0.6267232894897461,0.9652312994003296,0.15790827572345734,4.0
Qwen-instruct,grpo,1,7.526987552642822,7.8338623046875,668.953125,0.0,0.4370695650577545,,,
Qwen-instruct,grpo,2,11.327577590942383,11.330535888671875,269.96875,0.0006273133913055062,0.4064583480358124,,,
Qwen-instruct,grpo,3,13.816354751586914,14.292236328125,772.109375,0.0005924449651502073,0.6244321465492249,,,
Qwen-instruct,grpo,4,13.246562957763672,13.43505859375,512.78125,0.004260836634784937,0.6159049868583679,,,
Qwen-instruct,grpo,5,12.170119285583496,12.753173828125,792.59375,0.00823268759995699,0.4952196776866913,,,
Qwen-instruct,grpo,6,10.893278121948242,11.1806640625,630.5,0.015079461969435215,0.40627604722976685,,,
Qwen-instruct,grpo,7,15.74323844909668,16.00347900390625,778.09375,0.009211987257003784,0.7173672318458557,,,
Qwen-instruct,grpo,8,11.85401439666748,11.953125953674316,431.14288330078125,0.009576328098773956,0.6089311242103577,,,
Qwen-instruct,grpo,9,18.70793914794922,18.78515625,676.65625,0.01033459510654211,0.6067596673965454,,,
Qwen-instruct,grpo,10,14.584352493286133,14.60546875,551.4375,0.031389106065034866,0.6845564246177673,,,
Qwen-instruct,grpo,11,11.074387550354004,11.077568054199219,382.09375,0.06014367565512657,0.5400279760360718,,,
Qwen-instruct,grpo,12,11.581916809082031,11.7313232421875,400.796875,0.10491291433572769,0.5621131658554077,,,
Qwen-instruct,grpo,13,16.64990234375,16.64990234375,474.828125,0.045993778854608536,0.5630424618721008,,,
Qwen-instruct,grpo,14,13.065922737121582,13.1905517578125,746.390625,0.019359711557626724,0.560889482498169,,,
Qwen-instruct,grpo,15,11.492630958557129,11.83659839630127,661.28125,0.041384920477867126,0.582704484462738,,,
Qwen-instruct,grpo,16,13.60208511352539,13.677490234375,516.65625,0.03367200493812561,0.5488702654838562,,,
Qwen-instruct,grpo,17,16.44088363647461,16.81103515625,821.96875,0.02274116687476635,0.6342459321022034,,,
Qwen-instruct,grpo,18,13.387127876281738,13.7381591796875,759.15625,0.029388006776571274,0.6412407159805298,,,
Qwen-instruct,grpo,19,16.45880126953125,16.57891845703125,737.828125,0.02857239916920662,0.6367985606193542,,,
Qwen-instruct,grpo,20,12.777725219726562,13.103164672851562,653.953125,0.033305276185274124,0.5795089602470398,,,
Qwen-instruct,grpo,21,20.97003173828125,21.32366180419922,1030.0535888671875,0.013365802355110645,0.6743000149726868,,,
Qwen-instruct,grpo,22,13.400532722473145,13.792724609375,880.390625,0.019152140244841576,0.5088348984718323,,,
Qwen-instruct,grpo,23,10.853403091430664,10.965087890625,547.140625,0.04976871237158775,0.4822406470775604,,,
Qwen-instruct,grpo,24,20.192699432373047,20.2177734375,593.21875,0.0366121344268322,0.49334847927093506,,,
Qwen-instruct,grpo,25,8.436845779418945,8.458553314208984,516.75,0.05872039869427681,0.4588859975337982,,,
Qwen-instruct,grpo,26,8.560235023498535,8.6898193359375,526.015625,0.08753678947687149,0.5085578560829163,,,
Qwen-instruct,grpo,27,17.090293884277344,17.3544921875,717.125,0.02801232784986496,0.5748025178909302,,,
Qwen-instruct,grpo,28,12.622583389282227,12.9267578125,540.546875,0.041356489062309265,0.5246705412864685,,,
Qwen-instruct,grpo,29,8.434661865234375,8.946563720703125,764.546875,0.05583348497748375,0.5311610102653503,,,
Qwen-instruct,grpo,30,14.333255767822266,14.59042739868164,700.25,0.04697500914335251,0.5984554290771484,,,
Qwen-instruct,grpo,31,11.74241828918457,11.806655883789062,504.109375,0.058670774102211,0.46921178698539734,,,
Qwen-instruct,grpo,32,17.411100387573242,17.51708984375,659.328125,0.05220087990164757,0.650399386882782,,,
Qwen-instruct,grpo,33,7.650144577026367,7.823699951171875,551.359375,0.058448679745197296,0.6209220290184021,,,
Qwen-instruct,grpo,34,13.480327606201172,13.506103515625,486.09375,0.10042532533407211,0.4432743787765503,,,
Qwen-instruct,grpo,35,11.436817169189453,11.49798583984375,436.625,0.07065329700708389,0.556821346282959,,,
Qwen-instruct,grpo,36,14.990508079528809,15.379150390625,833.53125,0.022725708782672882,0.48884767293930054,,,
Qwen-instruct,grpo,37,14.33740520477295,14.76513671875,870.828125,0.013953883200883865,0.5774663090705872,,,
Qwen-instruct,grpo,38,10.27175521850586,10.477485656738281,457.640625,0.10444802790880203,0.5222646594047546,,,
Qwen-instruct,grpo,39,14.699766159057617,14.99169921875,841.859375,0.03528374806046486,0.48824700713157654,,,
Qwen-instruct,grpo,40,11.857314109802246,12.43408203125,755.3125,0.03678170591592789,0.6143044233322144,,,
Qwen-instruct,grpo,41,17.683120727539062,18.4287109375,999.859375,0.0253877192735672,0.5557106137275696,,,
Qwen-instruct,grpo,42,11.06658935546875,11.175537109375,503.546875,0.055867359042167664,0.377154141664505,,,
Qwen-instruct,grpo,43,12.554129600524902,12.554129600524902,350.51788330078125,0.08595851063728333,0.45015519857406616,,,
Qwen-instruct,grpo,44,17.91698455810547,18.1668701171875,774.015625,0.032944727689027786,0.499925822019577,,,
Qwen-instruct,grpo,45,17.545185089111328,17.84991455078125,668.828125,0.035133298486471176,0.6435825228691101,,,
Qwen-instruct,grpo,46,13.6170654296875,14.2127685546875,929.875,0.031279243528842926,0.44302013516426086,,,
Qwen-instruct,grpo,47,12.26002311706543,12.775623321533203,611.515625,0.05475686863064766,0.45113638043403625,,,
Qwen-instruct,grpo,48,14.601350784301758,15.032188415527344,917.390625,0.025130610913038254,0.6725942492485046,,,
Qwen-instruct,grpo,49,21.157875061035156,21.38916015625,977.515625,0.018106674775481224,0.5589748620986938,,,
Qwen-instruct,grpo,50,24.630016326904297,25.2607421875,1221.09375,0.01125428732484579,0.655448853969574,,,
Qwen-instruct,grpo,51,13.174097061157227,13.30926513671875,581.171875,0.06034266948699951,0.41972243785858154,,,
Qwen-instruct,grpo,52,13.952547073364258,14.39599609375,922.515625,0.01831020973622799,0.5029535293579102,,,
Qwen-instruct,grpo,53,13.173973083496094,13.33935546875,619.875,0.025373807176947594,0.45507073402404785,,,
Qwen-instruct,grpo,54,20.01421356201172,20.37060546875,827.65625,0.031350430101156235,0.5610533952713013,,,
Qwen-instruct,grpo,55,14.6937894821167,14.933837890625,685.78125,0.035669662058353424,0.5825887322425842,,,
Qwen-instruct,grpo,56,13.345054626464844,13.347976684570312,313.078125,0.07655223459005356,0.38082748651504517,,,
Qwen-instruct,grpo,57,14.983404159545898,15.09423828125,511.65625,0.03610304370522499,0.5013910531997681,,,
Qwen-instruct,grpo,58,16.657384872436523,16.71234130859375,534.40625,0.044609107077121735,0.4754084050655365,,,
Qwen-instruct,grpo,59,15.77371883392334,16.160400390625,852.40625,0.023874357342720032,0.6226295232772827,,,
Qwen-instruct,grpo,60,12.520246505737305,12.6746826171875,526.234375,0.045897677540779114,0.6099099516868591,,,
Qwen-instruct,grpo,61,12.420461654663086,12.593536376953125,548.296875,0.024101534858345985,0.54705810546875,,,
Qwen-instruct,grpo,62,11.45273208618164,11.8046875,685.9375,0.02752315253019333,0.4247848391532898,,,
Qwen-instruct,grpo,63,11.419095993041992,11.52874755859375,425.03125,0.05250265449285507,0.5081973671913147,,,
Qwen-instruct,grpo,64,13.23619270324707,13.44525146484375,614.171875,0.015331894159317017,0.5615383982658386,,,
Qwen-instruct,grpo,65,14.095999717712402,14.09814453125,383.453125,0.06987757980823517,0.45870575308799744,,,
Qwen-instruct,grpo,66,10.672903060913086,10.759773254394531,655.03125,0.023747313767671585,0.6412015557289124,,,
Qwen-instruct,grpo,67,14.456562042236328,14.92138671875,936.328125,0.02422660030424595,0.4496024250984192,,,
Qwen-instruct,grpo,68,13.11622142791748,13.26910400390625,557.671875,0.06432206928730011,0.5447317957878113,,,
Qwen-instruct,grpo,69,15.63469409942627,15.9261474609375,672.421875,0.02694833092391491,0.6800436973571777,,,
Qwen-instruct,grpo,70,12.424798965454102,12.699462890625,526.953125,0.08536770939826965,0.5805838704109192,,,
Qwen-instruct,grpo,71,11.518705368041992,11.56707763671875,572.890625,0.049619171768426895,0.4367349445819855,,,
Qwen-instruct,grpo,72,12.638158798217773,13.049285888671875,837.5,0.034855518490076065,0.5569072961807251,,,
Qwen-instruct,grpo,73,10.297056198120117,10.4449462890625,521.25,0.08805820345878601,0.5747095942497253,,,
Qwen-instruct,grpo,74,15.851629257202148,16.33154296875,942.4375,0.021290535107254982,0.44871342182159424,,,
Qwen-instruct,grpo,75,15.973712921142578,16.2646484375,719.390625,0.04783862456679344,0.5198918581008911,,,
Qwen-instruct,grpo,76,15.45965576171875,15.573486328125,671.875,0.04776839539408684,0.4650602340698242,,,
Qwen-instruct,grpo,77,12.119852066040039,12.30975341796875,612.40625,0.07012666016817093,0.5212368965148926,,,
Qwen-instruct,grpo,78,17.90879249572754,18.494140625,1025.96875,0.025559227913618088,0.5208175182342529,,,
Qwen-instruct,grpo,79,16.36019515991211,16.61237335205078,734.703125,0.04295864328742027,0.4799251854419708,,,
Qwen-instruct,grpo,80,10.570751190185547,10.58203125,371.09375,0.1434618979692459,0.4079495072364807,,,
Qwen-instruct,grpo,81,10.648759841918945,11.085441589355469,691.890625,0.03942446783185005,0.5138835310935974,,,
Qwen-instruct,grpo,82,20.403297424316406,20.57470703125,822.75,0.04001859202980995,0.5579622983932495,,,
Qwen-instruct,grpo,83,11.668230056762695,11.7828369140625,668.59375,0.07328108698129654,0.5512927770614624,,,
Qwen-instruct,grpo,84,14.335271835327148,15.15948486328125,1201.171875,0.031337473541498184,0.6266734004020691,,,
Qwen-instruct,grpo,85,15.615642547607422,16.02734375,892.5178833007812,0.03325318172574043,0.6496192216873169,,,
Qwen-instruct,grpo,86,15.35376262664795,15.574951171875,1067.5625,0.01563783548772335,0.6004414558410645,,,
Qwen-instruct,grpo,87,14.367250442504883,15.05792236328125,1120.015625,0.027687935158610344,0.5909394025802612,,,
Qwen-instruct,grpo,88,14.12163257598877,14.306171417236328,787.265625,0.04607686027884483,0.39217498898506165,,,
Qwen-instruct,grpo,89,16.49064064025879,16.803062438964844,821.65625,0.03662540018558502,0.565198540687561,,,
Qwen-instruct,grpo,90,14.215869903564453,14.2845458984375,600.1875,0.06917320191860199,0.6328722834587097,,,
Qwen-instruct,grpo,91,19.974349975585938,20.298828125,840.125,0.03397541493177414,0.5699867606163025,,,
Qwen-instruct,grpo,92,15.899271011352539,16.5146484375,1046.5625,0.02479397878050804,0.6023240685462952,,,
Qwen-instruct,grpo,93,15.405555725097656,15.73583984375,834.671875,0.03708750754594803,0.5097589492797852,,,
Qwen-instruct,grpo,94,11.412988662719727,11.554443359375,592.828125,0.09146026521921158,0.5603703856468201,,,
Qwen-instruct,grpo,95,12.458258628845215,12.78802490234375,834.328125,0.043023087084293365,0.5028764009475708,,,
Qwen-instruct,grpo,96,13.098783493041992,13.721261978149414,1048.2857666015625,0.03528953716158867,0.6009888052940369,,,
Qwen-instruct,grpo,97,11.761642456054688,12.334823608398438,918.828125,0.051290854811668396,0.45075634121894836,,,
Qwen-instruct,grpo,98,15.918975830078125,16.03857421875,707.921875,0.042956411838531494,0.5827750563621521,,,
Qwen-instruct,grpo,99,10.513336181640625,10.5753173828125,431.890625,0.08833769708871841,0.4495176374912262,,,
Qwen-instruct,grpo,100,16.176156997680664,16.3154296875,748.546875,0.045552175492048264,0.5919554233551025,,,
Qwen-instruct,grpo,101,5.153167724609375,5.153167724609375,326.921875,0.10619807988405228,0.5261619687080383,,,
Qwen-instruct,grpo,102,8.385059356689453,8.394378662109375,350.65625,0.031055405735969543,0.7241455912590027,,,
Qwen-instruct,grpo,103,14.576006889343262,14.804443359375,648.75,0.037400420755147934,0.6373286247253418,,,
Qwen-instruct,grpo,104,17.234580993652344,17.6416015625,948.6875,0.014039887115359306,0.5376043915748596,,,
Qwen-instruct,grpo,105,15.184502601623535,15.3291015625,609.296875,0.041923314332962036,0.493569940328598,,,
Qwen-instruct,grpo,106,9.13619613647461,9.47021484375,725.578125,0.039091501384973526,0.6920850276947021,,,
Qwen-instruct,grpo,107,16.775373458862305,17.12744140625,776.0625,0.03566698729991913,0.7206511497497559,,,
Qwen-instruct,grpo,108,17.027379989624023,17.814733505249023,1081.6785888671875,0.022431064397096634,0.7288551330566406,,,
Qwen-instruct,grpo,109,11.428933143615723,11.49627685546875,584.953125,0.027583586052060127,0.483858197927475,,,
Qwen-instruct,grpo,110,10.69698715209961,10.69698715209961,348.5714416503906,0.07875312119722366,0.4358994662761688,,,
Qwen-instruct,grpo,111,16.222749710083008,16.3056640625,559.140625,0.05140755698084831,0.5242295265197754,,,
Qwen-instruct,grpo,112,16.321990966796875,16.650390625,910.5625,0.020028315484523773,0.5495222806930542,,,
Qwen-instruct,grpo,113,10.589335441589355,10.8642578125,723.296875,0.0321718268096447,0.32232359051704407,,,
Qwen-instruct,grpo,114,16.14369773864746,16.256418228149414,759.1785888671875,0.025163734331727028,0.5891688466072083,,,
Qwen-instruct,grpo,115,11.693161010742188,11.789794921875,727.546875,0.023000573739409447,0.5655826926231384,,,
Qwen-instruct,grpo,116,13.059164047241211,13.459381103515625,891.609375,0.02731926366686821,0.712573766708374,,,
Qwen-instruct,grpo,117,19.923324584960938,20.51806640625,1092.359375,0.015123867429792881,0.6855995655059814,,,
Qwen-instruct,grpo,118,13.782352447509766,13.97979736328125,763.3125,0.0347198024392128,0.5932061672210693,,,
Qwen-instruct,grpo,119,8.105501174926758,8.322509765625,477.4375,0.04204825311899185,0.45890939235687256,,,
Qwen-instruct,grpo,120,11.216665267944336,11.52294921875,605.640625,0.03581616282463074,0.5340685844421387,,,
Qwen-instruct,grpo,121,14.35368824005127,14.434234619140625,651.578125,0.031640563160181046,0.6094465851783752,,,
Qwen-instruct,grpo,122,9.157859802246094,9.293212890625,605.40625,0.04985352233052254,0.5812946557998657,,,
Qwen-instruct,grpo,123,9.079418182373047,9.0882568359375,431.71875,0.07351047545671463,0.39587050676345825,,,
Qwen-instruct,grpo,124,13.526349067687988,13.646614074707031,563.546875,0.012476433999836445,0.39655357599258423,,,
Qwen-instruct,grpo,125,17.140779495239258,17.37646484375,776.78125,0.027203943580389023,0.664635956287384,,,
Qwen-instruct,grpo,126,13.90689468383789,14.4027099609375,907.984375,0.018906226381659508,0.611264169216156,,,
Qwen-instruct,grpo,127,16.886478424072266,17.22900390625,670.546875,0.035832908004522324,0.36368080973625183,,,
Qwen-instruct,grpo,128,11.745210647583008,11.88330078125,661.4375,0.019700108096003532,0.5344612002372742,,,
Qwen-instruct,grpo,129,16.042509078979492,16.5126953125,824.875,0.02925119176506996,0.4690718948841095,,,
Qwen-instruct,grpo,130,12.165179252624512,12.477897644042969,711.953125,0.04369940236210823,0.5402659773826599,,,
Qwen-instruct,grpo,131,13.341141700744629,13.38330078125,531.234375,0.071507528424263,0.38513055443763733,,,
Qwen-instruct,grpo,132,13.500965118408203,14.014678955078125,990.046875,0.009710287675261497,0.45477116107940674,,,
Qwen-instruct,grpo,133,12.92083740234375,13.091064453125,620.234375,0.03368350863456726,0.4896886646747589,,,
Qwen-instruct,grpo,134,15.668083190917969,16.02120590209961,805.5178833007812,0.030932504683732986,0.5384758114814758,,,
Qwen-instruct,grpo,135,13.10534954071045,13.15386962890625,645.90625,0.02373204566538334,0.6240707039833069,,,
Qwen-instruct,grpo,136,14.846298217773438,15.0380859375,596.0,0.03739204630255699,0.47458791732788086,,,
Qwen-instruct,grpo,137,9.206738471984863,9.28680419921875,510.03125,0.042609844356775284,0.33018290996551514,,,
Qwen-instruct,grpo,138,15.274911880493164,15.52294921875,726.734375,0.016752880066633224,0.4832863509654999,,,
Qwen-instruct,grpo,139,15.46821403503418,15.60693359375,791.125,0.031574808061122894,0.5483303666114807,,,
Qwen-instruct,grpo,140,13.99499225616455,14.235595703125,573.140625,0.050466977059841156,0.5464731454849243,,,
Qwen-instruct,grpo,141,12.431524276733398,13.029296875,1032.40625,0.020572684705257416,0.5779511332511902,,,
Qwen-instruct,grpo,142,13.287601470947266,13.65771484375,651.734375,0.04956277832388878,0.4630683362483978,,,
Qwen-instruct,grpo,143,17.313400268554688,17.6328125,902.671875,0.020788803696632385,0.5037157535552979,,,
Qwen-instruct,grpo,144,16.175365447998047,16.37451171875,721.09375,0.024187447503209114,0.547766923904419,,,
Qwen-instruct,grpo,145,9.750268936157227,10.0142822265625,502.515625,0.09156118333339691,0.4225301444530487,,,
Qwen-instruct,grpo,146,14.4649658203125,14.478057861328125,585.125,0.06010939180850983,0.3849892020225525,,,
Qwen-instruct,grpo,147,12.856670379638672,13.02001953125,560.859375,0.0540410578250885,0.6024072170257568,,,
Qwen-instruct,grpo,148,13.231606483459473,13.29266357421875,640.765625,0.04234612360596657,0.4993737041950226,,,
Qwen-instruct,grpo,149,14.715204238891602,14.8709716796875,641.703125,0.0363779179751873,0.4146477282047272,,,
Qwen-instruct,grpo,150,10.650701522827148,10.861572265625,634.4375,0.04756484553217888,0.530157208442688,,,
Qwen-instruct,grpo,151,12.630101203918457,13.03076171875,681.875,0.0624811016023159,0.563114583492279,,,
Qwen-instruct,grpo,152,16.90817642211914,17.333984375,925.28125,0.02097458578646183,0.48133978247642517,,,
Qwen-instruct,grpo,153,15.031675338745117,15.28466796875,783.953125,0.03669709712266922,0.5174655914306641,,,
Qwen-instruct,grpo,154,14.285383224487305,14.423583984375,677.484375,0.025848539546132088,0.5984929203987122,,,
Qwen-instruct,grpo,155,15.585333824157715,15.598388671875,493.21875,0.04374021664261818,0.4404048025608063,,,
Qwen-instruct,grpo,156,13.733840942382812,13.870414733886719,629.734375,0.05897970125079155,0.5157528519630432,,,
Qwen-instruct,grpo,157,15.436403274536133,15.919792175292969,930.28125,0.019236741587519646,0.5365530252456665,,,
Qwen-instruct,grpo,158,11.50439453125,11.50439453125,382.640625,0.046325646340847015,0.42417529225349426,,,
Qwen-instruct,grpo,159,15.791446685791016,16.36181640625,1053.4375,0.018598418682813644,0.633891761302948,,,
Qwen-instruct,grpo,160,15.177713394165039,15.27752685546875,736.953125,0.03600820153951645,0.5439687967300415,,,
Qwen-instruct,grpo,161,13.162896156311035,13.47021484375,601.703125,0.06389563530683517,0.6804172396659851,,,
Qwen-instruct,grpo,162,12.46461296081543,12.562873840332031,645.21875,0.04803077504038811,0.4771421253681183,,,
Qwen-instruct,grpo,163,11.032962799072266,11.10888671875,585.875,0.041473351418972015,0.48010948300361633,,,
Qwen-instruct,grpo,164,14.486875534057617,14.503997802734375,517.109375,0.08862946927547455,0.4773143529891968,,,
Qwen-instruct,grpo,165,13.866334915161133,13.86892318725586,463.84375,0.08429674804210663,0.5049036741256714,,,
Qwen-instruct,grpo,166,13.36397933959961,13.36397933959961,380.0357360839844,0.083452969789505,0.6209655404090881,,,
Qwen-instruct,grpo,167,14.218326568603516,14.537109375,618.59375,0.02216034010052681,0.4304448664188385,,,
Qwen-instruct,grpo,168,15.209722518920898,15.470703125,929.921875,0.015159075148403645,0.4354189932346344,,,
Qwen-instruct,grpo,169,10.839855194091797,10.93756103515625,527.484375,0.052864283323287964,0.32487061619758606,,,
Qwen-instruct,grpo,170,10.216567993164062,10.6492919921875,740.859375,0.0398503877222538,0.44871786236763,,,
Qwen-instruct,grpo,171,13.608065605163574,13.8011474609375,640.359375,0.03749127313494682,0.44968169927597046,,,
Qwen-instruct,grpo,172,21.52284049987793,21.7705078125,958.0625,0.019206086173653603,0.5888642072677612,,,
Qwen-instruct,grpo,173,9.517333984375,9.517333984375,366.8125,0.08764275163412094,0.4209499657154083,,,
Qwen-instruct,grpo,174,20.541793823242188,20.72607421875,843.0625,0.02333587221801281,0.5200563669204712,,,
Qwen-instruct,grpo,175,16.99413299560547,17.4619140625,867.53125,0.028839046135544777,0.5467186570167542,,,
Qwen-instruct,grpo,176,19.104324340820312,19.2041015625,665.0625,0.03884325176477432,0.4547380208969116,,,
Qwen-instruct,grpo,177,18.83176040649414,19.14599609375,847.421875,0.02531527541577816,0.47803962230682373,,,
Qwen-instruct,grpo,178,12.299314498901367,12.703857421875,884.96875,0.02492682635784149,0.5863077044487,,,
Qwen-instruct,grpo,179,16.277847290039062,16.365234375,667.640625,0.032769523561000824,0.4851197898387909,,,
Qwen-instruct,grpo,180,14.335235595703125,14.4873046875,683.890625,0.04689297080039978,0.5265761613845825,,,
Qwen-instruct,grpo,181,12.817041397094727,12.98974609375,627.09375,0.04409640654921532,0.4668661653995514,,,
Qwen-instruct,grpo,182,15.507186889648438,15.707310676574707,610.8928833007812,0.06468142569065094,0.5628158450126648,,,
Qwen-instruct,grpo,183,11.066520690917969,11.111083984375,427.796875,0.09547625482082367,0.500028669834137,,,
Qwen-instruct,grpo,184,11.151796340942383,11.527679443359375,677.125,0.05771636217832565,0.5870174765586853,,,
Qwen-instruct,grpo,185,14.76351547241211,15.215960502624512,916.6607666015625,0.028798621147871017,0.4649687111377716,,,
Qwen-instruct,grpo,186,13.765666007995605,13.8115234375,512.34375,0.08448240906000137,0.4972824156284332,,,
Qwen-instruct,grpo,187,14.605203628540039,14.791259765625,854.40625,0.02560141123831272,0.4572751820087433,,,
Qwen-instruct,grpo,188,14.978601455688477,15.2314453125,710.296875,0.042395640164613724,0.5480951070785522,,,
Qwen-instruct,grpo,189,16.226274490356445,16.617431640625,901.5,0.03898714482784271,0.5213474631309509,,,
Qwen-instruct,grpo,190,15.567502975463867,15.87060546875,868.625,0.053286828100681305,0.6819532513618469,,,
Qwen-instruct,grpo,191,14.034525871276855,14.742431640625,883.796875,0.03868949040770531,0.5044956207275391,,,
Qwen-instruct,grpo,192,14.408906936645508,14.5283203125,659.921875,0.0679788812994957,0.57808917760849,,,
Qwen-instruct,grpo,193,11.89255428314209,12.1240234375,637.515625,0.05159619450569153,0.40233543515205383,,,
Qwen-instruct,grpo,194,12.326530456542969,12.402084350585938,576.59375,0.07644523680210114,0.5729953050613403,,,
Qwen-instruct,grpo,195,15.90690803527832,16.02099609375,594.046875,0.07293623685836792,0.686860978603363,,,
Qwen-instruct,grpo,196,10.678436279296875,10.794189453125,516.3125,0.08054894208908081,0.525655210018158,,,
Qwen-instruct,grpo,197,12.679492950439453,12.699462890625,473.09375,0.09965332597494125,0.4543561637401581,,,
Qwen-instruct,grpo,198,15.78085708618164,16.136474609375,746.265625,0.057345014065504074,0.5201982855796814,,,
Qwen-instruct,grpo,199,14.149394989013672,14.66455078125,996.734375,0.04253343492746353,0.4411931037902832,,,
Qwen-instruct,grpo,200,16.90760612487793,16.978759765625,624.125,0.041476789861917496,0.576198399066925,,,
Qwen-instruct,grpo,201,15.064093589782715,15.46142578125,861.390625,0.03824545443058014,0.5370470285415649,,,
Qwen-instruct,grpo,202,12.758196830749512,12.8026123046875,682.28125,0.04725537449121475,0.4628404378890991,,,
Qwen-instruct,grpo,203,13.937339782714844,14.247802734375,746.9375,0.05793554335832596,0.6055751442909241,,,
Qwen-instruct,grpo,204,15.653054237365723,15.83056640625,657.140625,0.06919685006141663,0.5336050391197205,,,
Qwen-instruct,grpo,205,12.099206924438477,12.14794921875,485.765625,0.08964751660823822,0.5102576613426208,,,
Qwen-instruct,grpo,206,12.522810935974121,12.71722412109375,707.765625,0.0491105318069458,0.535173773765564,,,
Qwen-instruct,grpo,207,17.77164077758789,18.0146484375,769.1875,0.04095447435975075,0.5677637457847595,,,
Qwen-instruct,grpo,208,20.594255447387695,20.75390625,745.59375,0.0454692617058754,0.4526612460613251,,,
Qwen-instruct,grpo,209,12.353593826293945,12.37060546875,504.328125,0.10076268762350082,0.5751740336418152,,,
Qwen-instruct,grpo,210,14.718826293945312,15.21282958984375,930.390625,0.039486899971961975,0.4836483895778656,,,
Qwen-instruct,grpo,211,11.394739151000977,11.464983940124512,500.7857360839844,0.07938439399003983,0.5653562545776367,,,
Qwen-instruct,grpo,212,13.394137382507324,13.717727661132812,825.75,0.04687518998980522,0.5274138450622559,,,
Qwen-instruct,grpo,213,13.232086181640625,13.25653076171875,404.90625,0.07555171847343445,0.4879791736602783,,,
Qwen-instruct,grpo,214,9.647576332092285,9.76336669921875,453.265625,0.09854716062545776,0.6565689444541931,,,
Qwen-instruct,grpo,215,15.56589126586914,16.2294921875,916.46875,0.028326304629445076,0.5628605484962463,,,
Qwen-instruct,grpo,216,14.369423866271973,14.585693359375,728.71875,0.042037274688482285,0.4712693989276886,,,
Qwen-instruct,grpo,217,14.285653114318848,14.55517578125,776.03125,0.05321171507239342,0.5059065818786621,,,
Qwen-instruct,grpo,218,18.232677459716797,18.69580078125,936.703125,0.030781215056777,0.48113614320755005,,,
Qwen-instruct,grpo,219,14.15528392791748,14.34326171875,660.328125,0.054421164095401764,0.6168864369392395,,,
Qwen-instruct,grpo,220,14.879401206970215,14.9512939453125,554.203125,0.06653417646884918,0.5307525396347046,,,
Qwen-instruct,grpo,221,15.016921997070312,15.053497314453125,563.40625,0.056794583797454834,0.5104118585586548,,,
Qwen-instruct,grpo,222,17.114776611328125,17.3544921875,709.765625,0.0501626655459404,0.5114763975143433,,,
Qwen-instruct,grpo,223,13.280045509338379,13.46240234375,567.21875,0.061409469693899155,0.4573397934436798,,,
Qwen-instruct,grpo,224,11.322468757629395,11.6170654296875,612.359375,0.06552387773990631,0.3642450273036957,,,
Qwen-instruct,grpo,225,13.55255126953125,14.09326171875,901.140625,0.03783242776989937,0.6775389313697815,,,
Qwen-instruct,grpo,226,11.892765045166016,12.07257080078125,535.53125,0.06837031990289688,0.6127541065216064,,,
Qwen-instruct,grpo,227,12.01661491394043,12.0703125,562.265625,0.05032004415988922,0.32187017798423767,,,
Qwen-instruct,grpo,228,15.635038375854492,16.016357421875,860.625,0.026834096759557724,0.4889874756336212,,,
Qwen-instruct,grpo,229,15.545276641845703,16.25244140625,881.609375,0.04177440330386162,0.5926440954208374,,,
Qwen-instruct,grpo,230,19.239669799804688,19.41015625,781.59375,0.037168238312006,0.47701483964920044,,,
Qwen-instruct,grpo,231,15.451421737670898,15.7574462890625,724.0,0.054187458008527756,0.5371044874191284,,,
Qwen-instruct,grpo,232,11.939765930175781,12.037841796875,498.234375,0.11052834987640381,0.5368419289588928,,,
Qwen-instruct,grpo,233,12.957561492919922,13.0521240234375,560.65625,0.05959637090563774,0.6793858408927917,,,
Qwen-instruct,grpo,234,17.069896697998047,17.599365234375,1030.421875,0.024400634691119194,0.6445772051811218,,,
Qwen-instruct,grpo,235,16.626861572265625,16.9765625,842.125,0.028463030233979225,0.6482388377189636,,,
Qwen-instruct,grpo,236,12.45948314666748,12.64990234375,690.203125,0.04399432986974716,0.6678808331489563,,,
Qwen-instruct,grpo,237,13.937971115112305,14.249542236328125,726.703125,0.047720763832330704,0.5943078994750977,,,
Qwen-instruct,grpo,238,11.462212562561035,11.501708984375,601.734375,0.059087179601192474,0.49739664793014526,,,
Qwen-instruct,grpo,239,12.334647178649902,12.617188453674316,796.1785888671875,0.030441947281360626,0.4727793335914612,,,
Qwen-instruct,grpo,240,16.100910186767578,16.296875,759.078125,0.041317228227853775,0.5573268532752991,,,
Qwen-instruct,grpo,241,10.287376403808594,10.413299560546875,662.03125,0.049791768193244934,0.44978398084640503,,,
Qwen-instruct,grpo,242,9.134340286254883,9.30560302734375,570.78125,0.05996313691139221,0.4347423315048218,,,
Qwen-instruct,grpo,243,16.84180450439453,16.87841796875,561.890625,0.04286239668726921,0.5341421365737915,,,
Qwen-instruct,grpo,244,15.053627967834473,15.10595703125,589.125,0.04419400542974472,0.5958418250083923,,,
Qwen-instruct,grpo,245,16.377853393554688,16.395751953125,480.171875,0.0504174679517746,0.486612468957901,,,
Qwen-instruct,grpo,246,9.390260696411133,9.435821533203125,506.890625,0.0617823600769043,0.4842185974121094,,,
Qwen-instruct,grpo,247,18.987031936645508,19.0224609375,624.78125,0.0305135790258646,0.5187142491340637,,,
Qwen-instruct,grpo,248,21.4957275390625,21.69091796875,732.875,0.03618435189127922,0.655242919921875,,,
Qwen-instruct,grpo,249,11.609288215637207,11.825927734375,762.03125,0.03620608150959015,0.4936961829662323,,,
Qwen-instruct,grpo,250,13.899209976196289,14.4031982421875,697.875,0.05721607059240341,0.5748701691627502,,,
Qwen-instruct,lam4,1,7.526987552642822,7.8338623046875,668.953125,7.425966986511837e-14,0.4370695650577545,0.9612612724304199,0.11368392407894135,4.0
Qwen-instruct,lam4,2,11.425530433654785,11.425567626953125,279.640625,0.0009722844115458429,0.41616761684417725,0.9392950534820557,0.1786695271730423,4.0
Qwen-instruct,lam4,3,14.349813461303711,14.7669677734375,747.09375,0.0016348441131412983,0.6108464598655701,0.9771769046783447,0.12141121178865433,4.0
Qwen-instruct,lam4,4,13.500648498535156,13.64691162109375,502.765625,0.004050792194902897,0.6020792722702026,0.9496237635612488,0.1472221463918686,4.0
Qwen-instruct,lam4,5,12.311910629272461,12.9443359375,822.03125,0.0066447132267057896,0.48912978172302246,0.9634217619895935,0.1088421493768692,4.0
Qwen-instruct,lam4,6,10.40155029296875,10.69189453125,614.5625,0.008136865682899952,0.4129965305328369,0.9723325967788696,0.11086118221282959,4.0
Qwen-instruct,lam4,7,16.14765167236328,16.391510009765625,752.203125,0.005082752089947462,0.708092987537384,0.974992036819458,0.11828672140836716,4.0
Qwen-instruct,lam4,8,11.791892051696777,11.935129165649414,428.0535888671875,0.0026583552826195955,0.6031848192214966,0.9648934006690979,0.14658719301223755,4.0
Qwen-instruct,lam4,9,18.648216247558594,18.7109375,630.515625,0.005984301213175058,0.6000619530677795,0.9644850492477417,0.15494705736637115,4.0
Qwen-instruct,lam4,10,14.63790225982666,14.697998046875,482.078125,0.009176483377814293,0.6606300473213196,0.9763742089271545,0.14892402291297913,4.0
Qwen-instruct,lam4,11,10.819146156311035,10.82861328125,321.109375,0.022964980453252792,0.4826436936855316,0.9527541399002075,0.16374780237674713,4.0
Qwen-instruct,lam4,12,11.882413864135742,12.062255859375,338.765625,0.05169230327010155,0.5140714049339294,0.9343787431716919,0.1745702177286148,4.0
Qwen-instruct,lam4,13,16.291259765625,16.291259765625,405.40625,0.041250813752412796,0.5297501683235168,0.9563980102539062,0.15301886200904846,4.0
Qwen-instruct,lam4,14,12.943136215209961,13.026123046875,690.640625,0.012274414300918579,0.5531820058822632,0.9747121930122375,0.1366603523492813,4.0
Qwen-instruct,lam4,15,11.495637893676758,11.772705078125,620.375,0.03722125291824341,0.6166655421257019,0.9651936888694763,0.12544910609722137,4.0
Qwen-instruct,lam4,16,13.971586227416992,14.044921875,501.625,0.023838931694626808,0.534358024597168,0.9615638852119446,0.14977899193763733,4.0
Qwen-instruct,lam4,17,16.224933624267578,16.607177734375,822.125,0.019815916195511818,0.6397488713264465,0.9624876976013184,0.12367615848779678,4.0
Qwen-instruct,lam4,18,13.457454681396484,13.733154296875,758.8125,0.0267898328602314,0.6321280598640442,0.977944552898407,0.12473226338624954,4.0
Qwen-instruct,lam4,19,16.187105178833008,16.292724609375,707.0,0.023424237966537476,0.61775803565979,0.9734499454498291,0.12519744038581848,4.0
Qwen-instruct,lam4,20,12.949756622314453,13.2550048828125,632.84375,0.030604848638176918,0.59188312292099,0.95152348279953,0.1294512003660202,4.0
Qwen-instruct,lam4,21,21.0305233001709,21.40401840209961,1020.3035888671875,0.009931725449860096,0.6836750507354736,0.9841834306716919,0.11444082111120224,4.0
Qwen-instruct,lam4,22,13.308964729309082,13.638916015625,848.5625,0.01854896731674671,0.5209225416183472,0.9748086929321289,0.12410768121480942,4.0
Qwen-instruct,lam4,23,10.734338760375977,10.8431396484375,510.6875,0.030122922733426094,0.4859491288661957,0.9661643505096436,0.14996032416820526,4.0
Qwen-instruct,lam4,24,20.07215118408203,20.0888671875,552.703125,0.022160708904266357,0.49833372235298157,0.9535278677940369,0.1466863751411438,4.0
Qwen-instruct,lam4,25,8.002830505371094,8.024169921875,493.765625,0.039924535900354385,0.4889247715473175,0.9533190727233887,0.15488678216934204,4.0
Qwen-instruct,lam4,26,8.59748363494873,8.70654296875,469.34375,0.09217800945043564,0.5279659032821655,0.9691801071166992,0.14164896309375763,4.0
Qwen-instruct,lam4,27,16.846158981323242,17.15625,710.890625,0.021718822419643402,0.5790683627128601,0.969558835029602,0.12750409543514252,4.0
Qwen-instruct,lam4,28,12.217808723449707,12.537109375,523.5,0.018947673961520195,0.5637209415435791,0.9607948064804077,0.13323825597763062,4.0
Qwen-instruct,lam4,29,7.036513328552246,7.566314697265625,735.015625,0.041849929839372635,0.5319690108299255,0.9548690319061279,0.1340644210577011,4.0
Qwen-instruct,lam4,30,14.323504447937012,14.548797607421875,646.25,0.027375666424632072,0.6461707353591919,0.9665323495864868,0.12756584584712982,4.0
Qwen-instruct,lam4,31,11.818769454956055,11.918693542480469,483.046875,0.03140104189515114,0.45815253257751465,0.9521328210830688,0.15638644993305206,4.0
Qwen-instruct,lam4,32,16.797937393188477,16.84423828125,599.703125,0.031533125787973404,0.6234259605407715,0.9779880046844482,0.13631144165992737,4.0
Qwen-instruct,lam4,33,7.693308353424072,7.7410888671875,453.9375,0.046428173780441284,0.5534607172012329,0.962531566619873,0.15899959206581116,4.0
Qwen-instruct,lam4,34,13.476404190063477,13.522705078125,460.953125,0.08526647835969925,0.4764343798160553,0.964699387550354,0.1571028083562851,4.0
Qwen-instruct,lam4,35,11.891519546508789,11.9349365234375,395.59375,0.05808419734239578,0.5543460845947266,0.9628657698631287,0.16092562675476074,4.0
Qwen-instruct,lam4,36,15.254798889160156,15.56884765625,786.609375,0.017399655655026436,0.4901779890060425,0.973716139793396,0.12839609384536743,4.0
Qwen-instruct,lam4,37,13.946022033691406,14.39398193359375,868.84375,0.008996918797492981,0.5871922969818115,0.9771255254745483,0.10834646970033646,4.0
Qwen-instruct,lam4,38,9.667208671569824,9.88909912109375,486.796875,0.0768633633852005,0.5494285225868225,0.9603582620620728,0.1469465047121048,4.0
Qwen-instruct,lam4,39,14.360595703125,14.62841796875,820.484375,0.02734736166894436,0.5263956785202026,0.972095251083374,0.13040752708911896,4.0
Qwen-instruct,lam4,40,11.05084228515625,11.650390625,758.28125,0.022768767550587654,0.6382629871368408,0.9732245206832886,0.11449927091598511,4.0
Qwen-instruct,lam4,41,17.634502410888672,18.2734375,960.25,0.02342418022453785,0.5703834295272827,0.9617556929588318,0.11318129301071167,4.0
Qwen-instruct,lam4,42,10.867043495178223,11.001953125,565.09375,0.0585227869451046,0.4569495916366577,0.9664384722709656,0.13669781386852264,4.0
Qwen-instruct,lam4,43,12.782645225524902,12.782645225524902,372.2857360839844,0.06061365827918053,0.4478074014186859,0.9584664106369019,0.17509369552135468,4.0
Qwen-instruct,lam4,44,17.311582565307617,17.52459716796875,740.125,0.0312057975679636,0.4999539852142334,0.9783273935317993,0.1229027733206749,4.0
Qwen-instruct,lam4,45,17.443246841430664,17.674346923828125,592.265625,0.019473642110824585,0.6647242307662964,0.9612774848937988,0.14280152320861816,4.0
Qwen-instruct,lam4,46,13.088436126708984,13.62322998046875,794.421875,0.02004559338092804,0.49282634258270264,0.9765238761901855,0.1218319982290268,4.0
Qwen-instruct,lam4,47,11.30129623413086,11.8404541015625,583.90625,0.03426499292254448,0.46237727999687195,0.9227368831634521,0.11353253573179245,4.0
Qwen-instruct,lam4,48,13.951557159423828,14.439605712890625,898.78125,0.011476832441985607,0.6698079705238342,0.9635107517242432,0.11618474870920181,4.0
Qwen-instruct,lam4,49,21.003955841064453,21.208984375,935.671875,0.01408591028302908,0.5451560616493225,0.9852595329284668,0.11812757700681686,4.0
Qwen-instruct,lam4,50,24.431514739990234,25.0166015625,1165.09375,0.011336269788444042,0.6344807744026184,0.9876484274864197,0.10304581373929977,4.0
Qwen-instruct,lam4,51,12.059284210205078,12.149261474609375,499.765625,0.028484847396612167,0.435139000415802,0.9536375999450684,0.1260743886232376,4.0
Qwen-instruct,lam4,52,13.770455360412598,14.094970703125,855.28125,0.019158145412802696,0.5221520662307739,0.9796099662780762,0.11184518784284592,4.0
Qwen-instruct,lam4,53,12.955402374267578,13.126220703125,615.421875,0.0293100718408823,0.45545801520347595,0.965108335018158,0.12754382193088531,4.0
Qwen-instruct,lam4,54,20.09162712097168,20.359375,766.046875,0.02245609648525715,0.5566083192825317,0.9741281270980835,0.11990799009799957,4.0
Qwen-instruct,lam4,55,15.043027877807617,15.27227783203125,652.15625,0.03566696494817734,0.5766867399215698,0.9611554145812988,0.1379963606595993,4.0
Qwen-instruct,lam4,56,13.182861328125,13.182861328125,279.984375,0.06787875294685364,0.370820015668869,0.9529083371162415,0.17515167593955994,4.0
Qwen-instruct,lam4,57,15.160552978515625,15.27001953125,501.296875,0.0379524827003479,0.48242491483688354,0.9659014344215393,0.12893429398536682,4.0
Qwen-instruct,lam4,58,16.702709197998047,16.749267578125,481.78125,0.04789983853697777,0.45046114921569824,0.9589755535125732,0.1454494148492813,4.0
Qwen-instruct,lam4,59,15.465140342712402,15.8515625,835.921875,0.03555218130350113,0.5872281789779663,0.9775692224502563,0.12357397377490997,4.0
Qwen-instruct,lam4,60,12.892921447753906,13.0679931640625,546.328125,0.05601508170366287,0.5508096218109131,0.9683614373207092,0.13276754319667816,4.0
Qwen-instruct,lam4,61,12.547636032104492,12.7374267578125,575.34375,0.04364558681845665,0.5232939124107361,0.9440768957138062,0.14055263996124268,4.0
Qwen-instruct,lam4,62,11.49376106262207,11.8994140625,737.40625,0.04731885343790054,0.4490075707435608,0.9506210684776306,0.12126465141773224,4.0
Qwen-instruct,lam4,63,12.530034065246582,12.710098266601562,522.9375,0.09426476061344147,0.4730297327041626,0.9530371427536011,0.14880836009979248,4.0
Qwen-instruct,lam4,64,13.690872192382812,13.9947509765625,683.546875,0.034260474145412445,0.5412352085113525,0.9736311435699463,0.12373515218496323,4.0
Qwen-instruct,lam4,65,14.201826095581055,14.21728515625,435.03125,0.12775057554244995,0.4595060348510742,0.9632879495620728,0.15761695802211761,4.0
Qwen-instruct,lam4,66,10.798818588256836,10.963424682617188,728.046875,0.04147708788514137,0.6004546880722046,0.97565758228302,0.1305568665266037,4.0
Qwen-instruct,lam4,67,14.774389266967773,15.3564453125,1074.15625,0.03656032681465149,0.444553017616272,0.985400915145874,0.10224281996488571,4.0
Qwen-instruct,lam4,68,13.395474433898926,13.61669921875,671.46875,0.09975413233041763,0.47442248463630676,0.9728521108627319,0.11851678788661957,4.0
Qwen-instruct,lam4,69,16.710826873779297,17.03131103515625,756.796875,0.05218340456485748,0.6251552700996399,0.9764602780342102,0.12437094748020172,4.0
Qwen-instruct,lam4,70,12.876250267028809,13.142333984375,595.953125,0.12312880903482437,0.6301554441452026,0.9647383689880371,0.1359175741672516,4.0
Qwen-instruct,lam4,71,11.702880859375,11.829025268554688,786.296875,0.08708345890045166,0.43553003668785095,0.9838282465934753,0.11536455154418945,4.0
Qwen-instruct,lam4,72,14.470335960388184,14.899398803710938,913.234375,0.061742525547742844,0.5861398577690125,0.9838837385177612,0.10951647907495499,4.0
Qwen-instruct,lam4,73,10.249774932861328,10.47314453125,707.625,0.1255757361650467,0.599749743938446,0.9735407829284668,0.14214293658733368,4.0
Qwen-instruct,lam4,74,15.586740493774414,16.19775390625,1064.625,0.03876689821481705,0.48526039719581604,0.9877897500991821,0.09889604896306992,4.0
Qwen-instruct,lam4,75,16.31536865234375,16.599609375,855.859375,0.061158210039138794,0.5320825576782227,0.9828669428825378,0.11967778205871582,4.0
Qwen-instruct,lam4,76,15.937224388122559,16.08056640625,732.078125,0.06809882819652557,0.5173947215080261,0.9803870916366577,0.12914954125881195,4.0
Qwen-instruct,lam4,77,12.669610977172852,12.8779296875,727.296875,0.09761966019868851,0.5910599827766418,0.9799007773399353,0.12016366422176361,4.0
Qwen-instruct,lam4,78,16.627397537231445,17.40283203125,1145.765625,0.04562777653336525,0.5621433854103088,0.9840919971466064,0.1071244403719902,4.0
Qwen-instruct,lam4,79,16.066423416137695,16.361648559570312,814.640625,0.07608528435230255,0.527375340461731,0.9836403727531433,0.11432009190320969,4.0
Qwen-instruct,lam4,80,10.581138610839844,10.64892578125,522.9375,0.14823950827121735,0.5037504434585571,0.9787288904190063,0.13900874555110931,4.0
Qwen-instruct,lam4,81,9.94278335571289,10.4661865234375,844.125,0.059294406324625015,0.5404942035675049,0.9744298458099365,0.11640537530183792,4.0
Qwen-instruct,lam4,82,20.319198608398438,20.509765625,852.96875,0.04809296503663063,0.6337317824363708,0.9849945306777954,0.11093637347221375,4.0
Qwen-instruct,lam4,83,10.491470336914062,10.5849609375,714.375,0.09959714859724045,0.6369754672050476,0.9805100560188293,0.1299256980419159,4.0
Qwen-instruct,lam4,84,14.453777313232422,15.334609985351562,1230.171875,0.04237591102719307,0.6724148392677307,0.9829864501953125,0.1121935322880745,4.0
Qwen-instruct,lam4,85,15.165544509887695,15.8271484375,1042.859375,0.030959201976656914,0.6806461811065674,0.9818508625030518,0.1131979376077652,4.0
Qwen-instruct,lam4,86,15.485675811767578,15.7802734375,1096.0625,0.02069826051592827,0.6276805996894836,0.9880762100219727,0.10820826888084412,4.0
Qwen-instruct,lam4,87,15.197736740112305,15.75146484375,1079.515625,0.0375160351395607,0.6733391880989075,0.9856904149055481,0.11395014822483063,4.0
Qwen-instruct,lam4,88,13.911288261413574,14.121826171875,797.3125,0.05666665360331535,0.4528551697731018,0.9807959794998169,0.11710059642791748,4.0
Qwen-instruct,lam4,89,16.857669830322266,17.1527099609375,805.078125,0.04460153728723526,0.5876172184944153,0.9812033176422119,0.11891644448041916,4.0
Qwen-instruct,lam4,90,14.418617248535156,14.497314453125,677.421875,0.082253098487854,0.6345739364624023,0.9778691530227661,0.12573841214179993,4.0
Qwen-instruct,lam4,91,19.99383544921875,20.248046875,784.15625,0.04340513423085213,0.6160947680473328,0.9781085252761841,0.12912435829639435,4.0
Qwen-instruct,lam4,92,15.822463989257812,16.3828125,1013.234375,0.027155853807926178,0.6541845798492432,0.97821444272995,0.11718198657035828,4.0
Qwen-instruct,lam4,93,15.972797393798828,16.18359375,812.953125,0.04638763517141342,0.5717122554779053,0.9733431339263916,0.12967745959758759,4.0
Qwen-instruct,lam4,94,11.491374015808105,11.639892578125,630.640625,0.08745356649160385,0.557266354560852,0.974430501461029,0.13999922573566437,4.0
Qwen-instruct,lam4,95,12.917186737060547,13.2490234375,851.875,0.052334971725940704,0.5094804167747498,0.9819226264953613,0.11634503304958344,4.0
Qwen-instruct,lam4,96,14.321754455566406,15.092529296875,1166.859375,0.034252967685461044,0.5673500299453735,0.9849486351013184,0.10669725388288498,4.0
Qwen-instruct,lam4,97,12.478534698486328,12.9534912109375,942.59375,0.05112554505467415,0.4498045742511749,0.9837304949760437,0.10637164860963821,4.0
Qwen-instruct,lam4,98,15.900405883789062,16.083984375,764.40625,0.0556645430624485,0.5742680430412292,0.980724573135376,0.12668922543525696,4.0
Qwen-instruct,lam4,99,10.9619140625,11.06331729888916,570.828125,0.09854988008737564,0.4788919985294342,0.9759907722473145,0.144381582736969,4.0
Qwen-instruct,lam4,100,15.831949234008789,16.0068359375,772.171875,0.04549838975071907,0.6518365144729614,0.9800558090209961,0.12365099787712097,4.0
Qwen-instruct,lam4,101,6.129447937011719,6.133331298828125,604.0625,0.12258562445640564,0.4914827346801758,0.977067232131958,0.1446893811225891,4.0
Qwen-instruct,lam4,102,9.836273193359375,9.836273193359375,514.953125,0.136935293674469,0.6331793665885925,0.9741184115409851,0.15223853290081024,4.0
Qwen-instruct,lam4,103,14.499944686889648,14.724609375,696.828125,0.07057586312294006,0.6518957018852234,0.9713743925094604,0.13791689276695251,4.0
Qwen-instruct,lam4,104,16.650360107421875,17.00390625,919.234375,0.026240617036819458,0.5574467182159424,0.981459379196167,0.122245192527771,4.0
Qwen-instruct,lam4,105,15.842828750610352,15.94482421875,651.59375,0.06686683744192123,0.4887864291667938,0.97467041015625,0.1389792114496231,4.0
Qwen-instruct,lam4,106,9.041287422180176,9.35888671875,836.53125,0.06064930558204651,0.6885897517204285,0.9811781644821167,0.12832395732402802,4.0
Qwen-instruct,lam4,107,16.726085662841797,17.009033203125,767.578125,0.05505984276533127,0.6894825100898743,0.9766493439674377,0.11854813247919083,4.0
Qwen-instruct,lam4,108,18.55055046081543,19.2578125,1067.08935546875,0.038075610995292664,0.7097123265266418,0.9853428602218628,0.10314732789993286,4.0
Qwen-instruct,lam4,109,11.952094078063965,12.0152587890625,704.859375,0.056491296738386154,0.43936067819595337,0.9783633947372437,0.13023321330547333,4.0
Qwen-instruct,lam4,110,12.287546157836914,12.5869140625,565.0625,0.07902125269174576,0.4435892701148987,0.9721909761428833,0.14168943464756012,4.0
Qwen-instruct,lam4,111,16.949291229248047,16.97314453125,544.25,0.07851700484752655,0.49124211072921753,0.9725171327590942,0.15088054537773132,4.0
Qwen-instruct,lam4,112,16.731670379638672,17.0390625,987.40625,0.036565955728292465,0.5006793141365051,0.9846806526184082,0.11284300684928894,4.0
Qwen-instruct,lam4,113,10.737266540527344,10.91259765625,730.71875,0.05166018009185791,0.3420064151287079,0.9769787788391113,0.1253046840429306,4.0
Qwen-instruct,lam4,114,16.596879959106445,16.9442138671875,888.53125,0.03692759945988655,0.40025538206100464,0.9818220138549805,0.11431814730167389,4.0
Qwen-instruct,lam4,115,12.38497543334961,12.426025390625,658.15625,0.047341007739305496,0.5318689942359924,0.9754108190536499,0.13885177671909332,4.0
Qwen-instruct,lam4,116,13.425348281860352,13.699272155761719,831.203125,0.04185488820075989,0.6500511169433594,0.9789097309112549,0.11711975187063217,4.0
Qwen-instruct,lam4,117,20.369726181030273,20.7578125,1006.03125,0.02608325146138668,0.624045193195343,0.9833364486694336,0.11897828429937363,4.0
Qwen-instruct,lam4,118,13.861776351928711,14.00360107421875,722.078125,0.05342596024274826,0.5597974061965942,0.9778927564620972,0.12793202698230743,4.0
Qwen-instruct,lam4,119,8.771671295166016,9.04034423828125,504.140625,0.06534443795681,0.43558216094970703,0.9709793329238892,0.13265162706375122,4.0
Qwen-instruct,lam4,120,11.249763488769531,11.491180419921875,600.46875,0.06178785488009453,0.5117835402488708,0.9718838930130005,0.12165243178606033,4.0
Qwen-instruct,lam4,121,14.583192825317383,14.62298583984375,597.890625,0.049879010766744614,0.5583138465881348,0.9729644060134888,0.13646386563777924,4.0
Qwen-instruct,lam4,122,9.569496154785156,9.680145263671875,649.859375,0.0812513530254364,0.5507096648216248,0.9712032079696655,0.1349363625049591,4.0
Qwen-instruct,lam4,123,9.63673210144043,9.63909912109375,428.015625,0.09729602187871933,0.43030524253845215,0.9665924310684204,0.1649881899356842,4.0
Qwen-instruct,lam4,124,13.764068603515625,13.801605224609375,586.734375,0.044043492525815964,0.3671072721481323,0.9728586077690125,0.13954123854637146,4.0
Qwen-instruct,lam4,125,16.684560775756836,16.8232421875,671.328125,0.05489737167954445,0.628440797328949,0.9781528115272522,0.13416795432567596,4.0
Qwen-instruct,lam4,126,13.936478614807129,14.2764892578125,870.78125,0.03329068049788475,0.5854716897010803,0.9826196432113647,0.12082287669181824,4.0
Qwen-instruct,lam4,127,16.461748123168945,16.7490234375,617.03125,0.057977866381406784,0.3843090236186981,0.9634518623352051,0.13230925798416138,4.0
Qwen-instruct,lam4,128,11.618103981018066,11.7919921875,671.234375,0.04248391091823578,0.5518912672996521,0.9756731986999512,0.1392909586429596,4.0
Qwen-instruct,lam4,129,15.507129669189453,15.887451171875,771.953125,0.0442294143140316,0.4763202369213104,0.9699572324752808,0.13144083321094513,4.0
Qwen-instruct,lam4,130,12.436174392700195,12.621416091918945,651.546875,0.054404206573963165,0.5575901865959167,0.9723492860794067,0.13293077051639557,4.0
Qwen-instruct,lam4,131,13.134180068969727,13.16162109375,506.296875,0.08347178995609283,0.3853103518486023,0.9661362171173096,0.14429494738578796,4.0
Qwen-instruct,lam4,132,14.552724838256836,15.077754974365234,996.890625,0.024651966989040375,0.4326559901237488,0.9865008592605591,0.10505255311727524,4.0
Qwen-instruct,lam4,133,13.249526977539062,13.3994140625,579.203125,0.04573288932442665,0.47221672534942627,0.971135675907135,0.1326272338628769,4.0
Qwen-instruct,lam4,134,14.647027969360352,14.964775085449219,740.3214721679688,0.038741372525691986,0.5471352338790894,0.9693590402603149,0.12266954034566879,4.0
Qwen-instruct,lam4,135,12.865097045898438,12.91546630859375,624.078125,0.04827038198709488,0.6208984851837158,0.9742299318313599,0.1414983868598938,4.0
Qwen-instruct,lam4,136,13.946008682250977,14.066162109375,540.828125,0.06305491924285889,0.48699796199798584,0.9609938859939575,0.1562316119670868,4.0
Qwen-instruct,lam4,137,9.08102035522461,9.1622314453125,466.515625,0.06543775647878647,0.33089250326156616,0.9643219113349915,0.14910973608493805,4.0
Qwen-instruct,lam4,138,15.578775405883789,15.75244140625,648.484375,0.03253847733139992,0.5199417471885681,0.9785813093185425,0.127786785364151,4.0
Qwen-instruct,lam4,139,15.635665893554688,15.687255859375,706.015625,0.05678863450884819,0.5455658435821533,0.970942497253418,0.12554208934307098,4.0
Qwen-instruct,lam4,140,13.656611442565918,13.7998046875,506.703125,0.05701422318816185,0.5513124465942383,0.9707169532775879,0.13548168540000916,4.0
Qwen-instruct,lam4,141,12.555721282958984,13.078125,949.15625,0.026279781013727188,0.5586491227149963,0.9826869964599609,0.11007055640220642,4.0
Qwen-instruct,lam4,142,14.1087646484375,14.419189453125,578.203125,0.05225163698196411,0.4837223291397095,0.9653666019439697,0.12775249779224396,4.0
Qwen-instruct,lam4,143,16.992738723754883,17.244140625,846.203125,0.04127272590994835,0.5144776701927185,0.9798284769058228,0.12463550269603729,4.0
Qwen-instruct,lam4,144,16.103355407714844,16.2373046875,666.15625,0.037890177220106125,0.5851554274559021,0.9630919694900513,0.1393742859363556,4.0
Qwen-instruct,lam4,145,10.174057006835938,10.41351318359375,488.921875,0.10923510789871216,0.44529053568840027,0.9545894861221313,0.15215139091014862,4.0
Qwen-instruct,lam4,146,14.203336715698242,14.22412109375,549.671875,0.08055850863456726,0.43805453181266785,0.9767438173294067,0.1395658254623413,4.0
Qwen-instruct,lam4,147,12.995691299438477,13.09454345703125,590.703125,0.09146207571029663,0.6392605900764465,0.9740413427352905,0.13984496891498566,4.0
Qwen-instruct,lam4,148,12.683677673339844,12.781494140625,658.59375,0.06482770293951035,0.5138236880302429,0.9696334600448608,0.13749128580093384,4.0
Qwen-instruct,lam4,149,14.781028747558594,14.89892578125,614.421875,0.06469573825597763,0.46794378757476807,0.9768314957618713,0.1353515386581421,4.0
Qwen-instruct,lam4,150,10.697107315063477,10.8935546875,632.4375,0.060840118676424026,0.5364459753036499,0.9775987863540649,0.12407948076725006,4.0
Qwen-instruct,lam4,151,12.923615455627441,13.1243896484375,583.421875,0.0867428183555603,0.5677223205566406,0.961392879486084,0.13722142577171326,4.0
Qwen-instruct,lam4,152,17.042217254638672,17.4384765625,902.703125,0.035565461963415146,0.48884156346321106,0.9730304479598999,0.1182759627699852,4.0
Qwen-instruct,lam4,153,14.998188018798828,15.2239990234375,732.53125,0.05554656311869621,0.5757222771644592,0.978121817111969,0.12258240580558777,4.0
Qwen-instruct,lam4,154,13.924959182739258,14.099365234375,722.84375,0.04852563887834549,0.6611601710319519,0.9738990068435669,0.14278636872768402,4.0
Qwen-instruct,lam4,155,13.873357772827148,13.901611328125,508.265625,0.06408911198377609,0.5051062703132629,0.9696608185768127,0.15895779430866241,4.0
Qwen-instruct,lam4,156,14.645442962646484,14.879278182983398,802.359375,0.054866474121809006,0.4856940507888794,0.979674220085144,0.11913727968931198,4.0
Qwen-instruct,lam4,157,14.937772750854492,15.472381591796875,992.78125,0.03675605729222298,0.6039363145828247,0.9814310073852539,0.11694639176130295,4.0
Qwen-instruct,lam4,158,12.261889457702637,12.26318359375,461.625,0.0807814747095108,0.516157329082489,0.9667797088623047,0.15000882744789124,4.0
Qwen-instruct,lam4,159,15.398880004882812,15.9718017578125,1043.0,0.02925022318959236,0.7115271687507629,0.985630452632904,0.10450665652751923,4.0
Qwen-instruct,lam4,160,14.749171257019043,14.954345703125,850.90625,0.046320829540491104,0.6550982594490051,0.9853098392486572,0.11576276272535324,4.0
Qwen-instruct,lam4,161,13.352737426757812,13.6728515625,636.21875,0.0752691701054573,0.7597129344940186,0.9709288477897644,0.12280310690402985,4.0
Qwen-instruct,lam4,162,11.151134490966797,11.270622253417969,677.34375,0.06194525212049484,0.5862025022506714,0.9674563407897949,0.14129506051540375,4.0
Qwen-instruct,lam4,163,9.598876953125,9.798873901367188,745.34375,0.04769696295261383,0.5976719856262207,0.9798570871353149,0.1119878813624382,4.0
Qwen-instruct,lam4,164,14.168081283569336,14.265380859375,560.046875,0.08821689337491989,0.585368275642395,0.9685511589050293,0.13237370550632477,4.0
Qwen-instruct,lam4,165,12.881102561950684,12.896820068359375,492.96875,0.09394186735153198,0.6089975237846375,0.9598235487937927,0.15954886376857758,4.0
Qwen-instruct,lam4,166,12.566219329833984,12.572305679321289,370.5535888671875,0.0982358530163765,0.7255290150642395,0.9582212567329407,0.17012876272201538,4.0
Qwen-instruct,lam4,167,13.77297592163086,14.11572265625,666.140625,0.035311564803123474,0.5238590240478516,0.9620470404624939,0.11881126463413239,4.0
Qwen-instruct,lam4,168,14.7548246383667,15.1312255859375,963.453125,0.02532229758799076,0.5273606777191162,0.9852608442306519,0.1088012084364891,4.0
Qwen-instruct,lam4,169,11.452743530273438,11.643310546875,598.875,0.060177821666002274,0.42955607175827026,0.9772413969039917,0.11755439639091492,4.0
Qwen-instruct,lam4,170,10.50625991821289,10.929443359375,800.140625,0.049753595143556595,0.5458230376243591,0.9748561382293701,0.11328183859586716,4.0
Qwen-instruct,lam4,171,13.720198631286621,14.12603759765625,884.28125,0.046927258372306824,0.4653148353099823,0.977759599685669,0.11511602252721786,4.0
Qwen-instruct,lam4,172,21.707992553710938,22.09375,1037.1875,0.03825484961271286,0.696823000907898,0.9882068634033203,0.10223643481731415,4.0
Qwen-instruct,lam4,173,8.884765625,8.884765625,377.703125,0.1044384241104126,0.602922797203064,0.968669056892395,0.1522146761417389,4.0
Qwen-instruct,lam4,174,21.42580795288086,21.70849609375,916.09375,0.038030605763196945,0.6049061417579651,0.982649028301239,0.11537378281354904,4.0
Qwen-instruct,lam4,175,16.738418579101562,17.288818359375,956.765625,0.040155310183763504,0.5592337846755981,0.9810311794281006,0.1071317046880722,4.0
Qwen-instruct,lam4,176,20.170204162597656,20.32763671875,751.140625,0.07445842772722244,0.5178743004798889,0.9800817370414734,0.12203256785869598,4.0
Qwen-instruct,lam4,177,18.386613845825195,18.82421875,920.65625,0.03536614030599594,0.4950999319553375,0.9836916327476501,0.11038892716169357,4.0
Qwen-instruct,lam4,178,13.03480339050293,13.458984375,900.40625,0.04275786131620407,0.6158946752548218,0.9802814722061157,0.12358468025922775,4.0
Qwen-instruct,lam4,179,16.31599235534668,16.3759765625,700.125,0.04298712685704231,0.5091462135314941,0.9768699407577515,0.1327836513519287,4.0
Qwen-instruct,lam4,180,14.725174903869629,15.00634765625,755.3125,0.05721209943294525,0.5227426886558533,0.9741502404212952,0.12696464359760284,4.0
Qwen-instruct,lam4,181,13.101493835449219,13.331298828125,634.640625,0.04848599061369896,0.4623824954032898,0.9658881425857544,0.13420288264751434,4.0
Qwen-instruct,lam4,182,15.249185562133789,15.435826301574707,600.5,0.08142460137605667,0.5779217481613159,0.9708832502365112,0.1338709443807602,4.0
Qwen-instruct,lam4,183,11.824357986450195,11.85009765625,431.265625,0.10809092223644257,0.49790850281715393,0.958739161491394,0.1794905960559845,4.0
Qwen-instruct,lam4,184,11.218461990356445,11.644195556640625,683.203125,0.06654134392738342,0.5852704048156738,0.965573787689209,0.12538546323776245,4.0
Qwen-instruct,lam4,185,14.613908767700195,14.955915451049805,763.5000610351562,0.04672527685761452,0.44509223103523254,0.9687681198120117,0.13666166365146637,4.0
Qwen-instruct,lam4,186,14.297870635986328,14.3134765625,483.984375,0.09234464168548584,0.43597346544265747,0.964492917060852,0.1471613049507141,4.0
Qwen-instruct,lam4,187,14.692977905273438,14.82470703125,749.09375,0.04187782108783722,0.38821282982826233,0.9741531014442444,0.13243336975574493,4.0
Qwen-instruct,lam4,188,15.715045928955078,15.9033203125,662.515625,0.05817103385925293,0.47266390919685364,0.980301022529602,0.12613925337791443,4.0
Qwen-instruct,lam4,189,17.15937614440918,17.47216796875,853.328125,0.05940486490726471,0.47404974699020386,0.9816038608551025,0.11713571846485138,4.0
Qwen-instruct,lam4,190,15.716489791870117,15.939453125,767.53125,0.06751454621553421,0.605743944644928,0.9758832454681396,0.131455659866333,4.0
Qwen-instruct,lam4,191,14.665563583374023,15.3427734375,857.34375,0.051594361662864685,0.4501398205757141,0.9668843746185303,0.11476971209049225,4.0
Qwen-instruct,lam4,192,14.795623779296875,14.882568359375,616.515625,0.12239907681941986,0.47490355372428894,0.9776030778884888,0.12735794484615326,4.0
Qwen-instruct,lam4,193,12.096696853637695,12.288818359375,624.109375,0.06655778735876083,0.35951298475265503,0.9766506552696228,0.12378692626953125,4.0
Qwen-instruct,lam4,194,12.471214294433594,12.50634765625,558.6875,0.10232517123222351,0.5207743644714355,0.9753079414367676,0.1418447047472,4.0
Qwen-instruct,lam4,195,17.417388916015625,17.529296875,601.234375,0.09368618577718735,0.6276209950447083,0.9568178653717041,0.1471129059791565,4.0
Qwen-instruct,lam4,196,11.351272583007812,11.46484375,610.953125,0.08371352404356003,0.4026045799255371,0.9752980470657349,0.1285378336906433,4.0
Qwen-instruct,lam4,197,13.384969711303711,13.46044921875,512.84375,0.09702339768409729,0.4397429823875427,0.9735614061355591,0.14353862404823303,4.0
Qwen-instruct,lam4,198,16.45688819885254,16.744384765625,715.96875,0.07156762480735779,0.4989241659641266,0.9662681818008423,0.13144969940185547,4.0
Qwen-instruct,lam4,199,14.345102310180664,14.89990234375,1012.390625,0.05806879699230194,0.4149250388145447,0.9802604913711548,0.10980434715747833,4.0
Qwen-instruct,lam4,200,17.120649337768555,17.15234375,582.25,0.06418487429618835,0.5401644110679626,0.9778621792793274,0.132746160030365,4.0
Qwen-instruct,lam4,201,15.420557975769043,15.77587890625,818.328125,0.06002600118517876,0.5234764814376831,0.982298731803894,0.11730371415615082,4.0
Qwen-instruct,lam4,202,13.640201568603516,13.753662109375,799.109375,0.061228759586811066,0.3771957457065582,0.9819668531417847,0.12297514826059341,4.0
Qwen-instruct,lam4,203,14.536787033081055,14.8212890625,711.578125,0.07689226418733597,0.6031968593597412,0.9699194431304932,0.11962826550006866,4.0
Qwen-instruct,lam4,204,16.25586700439453,16.462890625,668.03125,0.07724344730377197,0.5390512347221375,0.9741919040679932,0.13524845242500305,4.0
Qwen-instruct,lam4,205,11.75543212890625,11.788864135742188,483.625,0.13190917670726776,0.5196516513824463,0.9607500433921814,0.15232259035110474,4.0
Qwen-instruct,lam4,206,13.157316207885742,13.273696899414062,700.9375,0.07768994569778442,0.5213803052902222,0.9766916036605835,0.12381993979215622,4.0
Qwen-instruct,lam4,207,18.117006301879883,18.36962890625,789.203125,0.07891255617141724,0.612786591053009,0.9699201583862305,0.12854722142219543,4.0
Qwen-instruct,lam4,208,20.177257537841797,20.427734375,783.875,0.06248067691922188,0.478089839220047,0.9738924503326416,0.11976385861635208,4.0
Qwen-instruct,lam4,209,11.81928539276123,11.853271484375,565.546875,0.1367887407541275,0.6892161965370178,0.9734748601913452,0.1437849998474121,4.0
Qwen-instruct,lam4,210,14.798572540283203,15.32659912109375,985.65625,0.05533168092370033,0.49019283056259155,0.984829306602478,0.11209616810083389,4.0
Qwen-instruct,lam4,211,12.126440048217773,12.4844970703125,710.890625,0.06880415976047516,0.6409178376197815,0.9696110486984253,0.1382059007883072,4.0
Qwen-instruct,lam4,212,13.915283203125,14.210693359375,875.4375,0.06150694563984871,0.5306233167648315,0.9812263250350952,0.12521247565746307,4.0
Qwen-instruct,lam4,213,13.745588302612305,13.746734619140625,438.5,0.10853955894708633,0.5216460227966309,0.9673359394073486,0.16777756810188293,4.0
Qwen-instruct,lam4,214,9.813507080078125,9.8905029296875,472.71875,0.12196706980466843,0.7328346967697144,0.9621533155441284,0.15741413831710815,4.0
Qwen-instruct,lam4,215,15.879176139831543,16.51611328125,894.90625,0.04927599057555199,0.5842108726501465,0.97502601146698,0.11520933359861374,4.0
Qwen-instruct,lam4,216,14.659667015075684,14.8349609375,687.703125,0.0604386068880558,0.5175276398658752,0.9724956750869751,0.13394877314567566,4.0
Qwen-instruct,lam4,217,14.407084465026855,14.686370849609375,834.125,0.07173904776573181,0.5552440285682678,0.9772238731384277,0.1210683062672615,4.0
Qwen-instruct,lam4,218,19.054031372070312,19.47802734375,912.796875,0.053024496883153915,0.49978336691856384,0.9773332476615906,0.12610995769500732,4.0
Qwen-instruct,lam4,219,14.265214920043945,14.463623046875,707.125,0.08002876490354538,0.668213427066803,0.9745128154754639,0.13573697209358215,4.0
Qwen-instruct,lam4,220,14.922100067138672,14.9779052734375,544.3125,0.08496789634227753,0.5411338210105896,0.9663978815078735,0.15321160852909088,4.0
Qwen-instruct,lam4,221,15.15290641784668,15.193069458007812,586.84375,0.08393628895282745,0.5509547591209412,0.9702574014663696,0.14244985580444336,4.0
Qwen-instruct,lam4,222,18.65561294555664,18.7734375,665.625,0.08387918025255203,0.5172625184059143,0.9733360409736633,0.13170623779296875,4.0
Qwen-instruct,lam4,223,14.008091926574707,14.1796875,587.03125,0.07207434624433517,0.45757418870925903,0.9715871810913086,0.13926143944263458,4.0
Qwen-instruct,lam4,224,11.798408508300781,12.101104736328125,645.96875,0.07311904430389404,0.35355520248413086,0.9740809202194214,0.12513507902622223,4.0
Qwen-instruct,lam4,225,14.296263694763184,14.8408203125,899.984375,0.0642683133482933,0.6887679696083069,0.9767037034034729,0.11704009026288986,4.0
Qwen-instruct,lam4,226,12.778497695922852,12.9993896484375,617.125,0.08090179413557053,0.6360729932785034,0.9667390584945679,0.13974855840206146,4.0
Qwen-instruct,lam4,227,12.070849418640137,12.146514892578125,603.609375,0.07692087441682816,0.33763399720191956,0.9718296527862549,0.13842017948627472,4.0
Qwen-instruct,lam4,228,16.378978729248047,16.78466796875,866.5625,0.05408528447151184,0.48727017641067505,0.971405029296875,0.11706085503101349,4.0
Qwen-instruct,lam4,229,16.549991607666016,17.29931640625,925.71875,0.06821738183498383,0.5960613489151001,0.975888729095459,0.1114230677485466,4.0
Qwen-instruct,lam4,230,20.394649505615234,20.569091796875,803.546875,0.06429838389158249,0.47862064838409424,0.9815164804458618,0.12285666167736053,4.0
Qwen-instruct,lam4,231,15.190200805664062,15.48150634765625,687.5625,0.09886609762907028,0.5669566988945007,0.9738202095031738,0.12316649407148361,4.0
Qwen-instruct,lam4,232,12.052282333374023,12.15997314453125,601.296875,0.11317358911037445,0.48450329899787903,0.9769250154495239,0.1401800513267517,4.0
Qwen-instruct,lam4,233,14.19870376586914,14.272705078125,548.015625,0.08281183987855911,0.6299105286598206,0.9693308472633362,0.14219287037849426,4.0
Qwen-instruct,lam4,234,18.235370635986328,18.841094970703125,1072.546875,0.06574146449565887,0.6472748517990112,0.9844383597373962,0.11055785417556763,4.0
Qwen-instruct,lam4,235,16.844219207763672,17.1865234375,847.28125,0.06820622086524963,0.6284639239311218,0.9795194864273071,0.11172979325056076,4.0
Qwen-instruct,lam4,236,13.75690746307373,14.012451171875,803.75,0.08707548677921295,0.6379780173301697,0.9792713522911072,0.12010130286216736,4.0
Qwen-instruct,lam4,237,15.147333145141602,15.472366333007812,776.375,0.1037168800830841,0.5813640356063843,0.9676854610443115,0.11434011161327362,4.0
Qwen-instruct,lam4,238,12.532700538635254,12.624267578125,688.671875,0.10476741939783096,0.47380274534225464,0.9813446998596191,0.12465028464794159,4.0
Qwen-instruct,lam4,239,14.661038398742676,15.261474609375,992.359375,0.05514681339263916,0.4820496141910553,0.9792751669883728,0.1157228946685791,4.0
Qwen-instruct,lam4,240,16.351009368896484,16.529296875,753.890625,0.0846191942691803,0.580314576625824,0.9787135720252991,0.1254892200231552,4.0
Qwen-instruct,lam4,241,10.185012817382812,10.35498046875,786.640625,0.07261956483125687,0.4156596064567566,0.9834727048873901,0.1198086217045784,4.0
Qwen-instruct,lam4,242,10.18305492401123,10.3359375,625.1875,0.09729528427124023,0.4454011023044586,0.9757691025733948,0.13398201763629913,4.0
Qwen-instruct,lam4,243,17.818470001220703,17.87353515625,628.75,0.08746801316738129,0.5954099893569946,0.9728735685348511,0.14931395649909973,4.0
Qwen-instruct,lam4,244,15.679040908813477,15.75537109375,655.5625,0.0913054496049881,0.6237225532531738,0.9733076095581055,0.14240482449531555,4.0
Qwen-instruct,lam4,245,16.958599090576172,16.988037109375,515.9375,0.1031249389052391,0.4828945994377136,0.9627156853675842,0.14442507922649384,4.0
Qwen-instruct,lam4,246,10.844069480895996,10.911376953125,511.859375,0.10004355758428574,0.502129316329956,0.9702490568161011,0.14974313974380493,4.0
Qwen-instruct,lam4,247,19.918773651123047,19.9677734375,636.65625,0.08060628920793533,0.5821166634559631,0.9774568676948547,0.12712977826595306,4.0
Qwen-instruct,lam4,248,23.103363037109375,23.3505859375,799.703125,0.09064768999814987,0.7090372443199158,0.9767962694168091,0.12127181887626648,4.0
Qwen-instruct,lam4,249,12.179359436035156,12.4219970703125,756.171875,0.06854404509067535,0.5011412501335144,0.9728960990905762,0.12817884981632233,4.0
Qwen-instruct,lam4,250,14.411189079284668,14.93359375,711.140625,0.10978037118911743,0.544257640838623,0.9630757570266724,0.13771241903305054,4.0
